n_vertices,n_arestas,peso_medio_arestas_por_vertice,conexo,n_componentes_conexas,diametro,excentricidade_media,media_menores_caminhos,raio,densidade,centralidade_media,centralidade_max,centralidade_min,centralidade_proximidade_media,centralidade_proximidade_max,centralidade_proximidade_min,centralidade_intermediacao_media,centralidade_intermediacao_max,centralidade_intermediacao_min,coef_aglomeracao_media,coef_aglomeracao_max,coef_aglomeracao_min,n_triangulos,n_trios,transitividade,arquivo
10,45,539.3209129999999,True,1,1,1.0,1.0,1,1.0,1.0,1.0,1.0,1.0,1.0,1.0,0.0,0.0,0.0,1.0,1.0,1.0,120,180,1.0,GKD-a_10_n10_m3.txt
10,45,355.67761,True,1,1,1.0,1.0,1,1.0,1.0,1.0,1.0,1.0,1.0,1.0,0.0,0.0,0.0,1.0,1.0,1.0,120,180,1.0,GKD-a_11_n10_m4.txt
10,45,764.0840809999997,True,1,1,1.0,1.0,1,1.0,1.0,1.0,1.0,1.0,1.0,1.0,0.0,0.0,0.0,1.0,1.0,1.0,120,180,1.0,GKD-a_12_n10_m4.txt
10,45,406.91050299999995,True,1,1,1.0,1.0,1,1.0,1.0,1.0,1.0,1.0,1.0,1.0,0.0,0.0,0.0,1.0,1.0,1.0,120,180,1.0,GKD-a_13_n10_m4.txt
10,45,649.5654379999999,True,1,1,1.0,1.0,1,1.0,1.0,1.0,1.0,1.0,1.0,1.0,0.0,0.0,0.0,1.0,1.0,1.0,120,180,1.0,GKD-a_14_n10_m4.txt
10,45,823.5880710000001,True,1,1,1.0,1.0,1,1.0,1.0,1.0,1.0,1.0,1.0,1.0,0.0,0.0,0.0,1.0,1.0,1.0,120,180,1.0,GKD-a_15_n10_m4.txt
10,45,575.1447729999999,True,1,1,1.0,1.0,1,1.0,1.0,1.0,1.0,1.0,1.0,1.0,0.0,0.0,0.0,1.0,1.0,1.0,120,180,1.0,GKD-a_16_n10_m6.txt
10,45,650.9295060000001,True,1,1,1.0,1.0,1,1.0,1.0,1.0,1.0,1.0,1.0,1.0,0.0,0.0,0.0,1.0,1.0,1.0,120,180,1.0,GKD-a_17_n10_m6.txt
10,45,501.9118730000001,True,1,1,1.0,1.0,1,1.0,1.0,1.0,1.0,1.0,1.0,1.0,0.0,0.0,0.0,1.0,1.0,1.0,120,180,1.0,GKD-a_18_n10_m6.txt
10,45,689.7298939999998,True,1,1,1.0,1.0,1,1.0,1.0,1.0,1.0,1.0,1.0,1.0,0.0,0.0,0.0,1.0,1.0,1.0,120,180,1.0,GKD-a_19_n10_m6.txt
10,45,746.7428420000002,True,1,1,1.0,1.0,1,1.0,1.0,1.0,1.0,1.0,1.0,1.0,0.0,0.0,0.0,1.0,1.0,1.0,120,180,1.0,GKD-a_1_n10_m2.txt
10,45,361.642001,True,1,1,1.0,1.0,1,1.0,1.0,1.0,1.0,1.0,1.0,1.0,0.0,0.0,0.0,1.0,1.0,1.0,120,180,1.0,GKD-a_20_n10_m6.txt
10,45,819.7472230000003,True,1,1,1.0,1.0,1,1.0,1.0,1.0,1.0,1.0,1.0,1.0,0.0,0.0,0.0,1.0,1.0,1.0,120,180,1.0,GKD-a_21_n10_m8.txt
10,45,513.8228839999999,True,1,1,1.0,1.0,1,1.0,1.0,1.0,1.0,1.0,1.0,1.0,0.0,0.0,0.0,1.0,1.0,1.0,120,180,1.0,GKD-a_22_n10_m8.txt
10,45,409.854399,True,1,1,1.0,1.0,1,1.0,1.0,1.0,1.0,1.0,1.0,1.0,0.0,0.0,0.0,1.0,1.0,1.0,120,180,1.0,GKD-a_23_n10_m8.txt
10,45,529.84826,True,1,1,1.0,1.0,1,1.0,1.0,1.0,1.0,1.0,1.0,1.0,0.0,0.0,0.0,1.0,1.0,1.0,120,180,1.0,GKD-a_24_n10_m8.txt
10,45,546.408506,True,1,1,1.0,1.0,1,1.0,1.0,1.0,1.0,1.0,1.0,1.0,0.0,0.0,0.0,1.0,1.0,1.0,120,180,1.0,GKD-a_25_n10_m8.txt
15,105,496.5624553333334,True,1,1,1.0,1.0,1,1.0,1.0,1.0,1.0,1.0,1.0,1.0,0.0,0.0,0.0,1.0,1.0,1.0,455,682,1.0,GKD-a_26_n15_m3.txt
15,105,1263.112771333333,True,1,1,1.0,1.0,1,1.0,1.0,1.0,1.0,1.0,1.0,1.0,0.0,0.0,0.0,1.0,1.0,1.0,455,682,1.0,GKD-a_27_n15_m3.txt
15,105,1178.369158,True,1,1,1.0,1.0,1,1.0,1.0,1.0,1.0,1.0,1.0,1.0,0.0,0.0,0.0,1.0,1.0,1.0,455,682,1.0,GKD-a_28_n15_m3.txt
15,105,925.7006113333332,True,1,1,1.0,1.0,1,1.0,1.0,1.0,1.0,1.0,1.0,1.0,0.0,0.0,0.0,1.0,1.0,1.0,455,682,1.0,GKD-a_29_n15_m3.txt
10,45,686.731433,True,1,1,1.0,1.0,1,1.0,1.0,1.0,1.0,1.0,1.0,1.0,0.0,0.0,0.0,1.0,1.0,1.0,120,180,1.0,GKD-a_2_n10_m2.txt
15,105,1048.2062579999997,True,1,1,1.0,1.0,1,1.0,1.0,1.0,1.0,1.0,1.0,1.0,0.0,0.0,0.0,1.0,1.0,1.0,455,682,1.0,GKD-a_30_n15_m3.txt
15,105,493.27866666666654,True,1,1,1.0,1.0,1,1.0,1.0,1.0,1.0,1.0,1.0,1.0,0.0,0.0,0.0,1.0,1.0,1.0,455,682,1.0,GKD-a_31_n15_m4.txt
15,105,789.7151086666671,True,1,1,1.0,1.0,1,1.0,1.0,1.0,1.0,1.0,1.0,1.0,0.0,0.0,0.0,1.0,1.0,1.0,455,682,1.0,GKD-a_32_n15_m4.txt
15,105,1165.4374860000005,True,1,1,1.0,1.0,1,1.0,1.0,1.0,1.0,1.0,1.0,1.0,0.0,0.0,0.0,1.0,1.0,1.0,455,682,1.0,GKD-a_33_n15_m4.txt
15,105,794.1488353333337,True,1,1,1.0,1.0,1,1.0,1.0,1.0,1.0,1.0,1.0,1.0,0.0,0.0,0.0,1.0,1.0,1.0,455,682,1.0,GKD-a_34_n15_m4.txt
15,105,376.2112360000001,True,1,1,1.0,1.0,1,1.0,1.0,1.0,1.0,1.0,1.0,1.0,0.0,0.0,0.0,1.0,1.0,1.0,455,682,1.0,GKD-a_35_n15_m4.txt
15,105,1148.8721526666666,True,1,1,1.0,1.0,1,1.0,1.0,1.0,1.0,1.0,1.0,1.0,0.0,0.0,0.0,1.0,1.0,1.0,455,682,1.0,GKD-a_36_n15_m6.txt
15,105,1162.7385766666666,True,1,1,1.0,1.0,1,1.0,1.0,1.0,1.0,1.0,1.0,1.0,0.0,0.0,0.0,1.0,1.0,1.0,455,682,1.0,GKD-a_37_n15_m6.txt
15,105,883.8572660000003,True,1,1,1.0,1.0,1,1.0,1.0,1.0,1.0,1.0,1.0,1.0,0.0,0.0,0.0,1.0,1.0,1.0,455,682,1.0,GKD-a_38_n15_m6.txt
15,105,1236.4669439999998,True,1,1,1.0,1.0,1,1.0,1.0,1.0,1.0,1.0,1.0,1.0,0.0,0.0,0.0,1.0,1.0,1.0,455,682,1.0,GKD-a_39_n15_m6.txt
10,45,451.1820140000001,True,1,1,1.0,1.0,1,1.0,1.0,1.0,1.0,1.0,1.0,1.0,0.0,0.0,0.0,1.0,1.0,1.0,120,180,1.0,GKD-a_3_n10_m2.txt
15,105,982.5662079999997,True,1,1,1.0,1.0,1,1.0,1.0,1.0,1.0,1.0,1.0,1.0,0.0,0.0,0.0,1.0,1.0,1.0,455,682,1.0,GKD-a_40_n15_m6.txt
15,105,1307.9110506666668,True,1,1,1.0,1.0,1,1.0,1.0,1.0,1.0,1.0,1.0,1.0,0.0,0.0,0.0,1.0,1.0,1.0,455,682,1.0,GKD-a_41_n15_m9.txt
15,105,1165.214021333333,True,1,1,1.0,1.0,1,1.0,1.0,1.0,1.0,1.0,1.0,1.0,0.0,0.0,0.0,1.0,1.0,1.0,455,682,1.0,GKD-a_42_n15_m9.txt
15,105,750.5177426666669,True,1,1,1.0,1.0,1,1.0,1.0,1.0,1.0,1.0,1.0,1.0,0.0,0.0,0.0,1.0,1.0,1.0,455,682,1.0,GKD-a_43_n15_m9.txt
15,105,984.9987726666665,True,1,1,1.0,1.0,1,1.0,1.0,1.0,1.0,1.0,1.0,1.0,0.0,0.0,0.0,1.0,1.0,1.0,455,682,1.0,GKD-a_44_n15_m9.txt
15,105,710.4904739999998,True,1,1,1.0,1.0,1,1.0,1.0,1.0,1.0,1.0,1.0,1.0,0.0,0.0,0.0,1.0,1.0,1.0,455,682,1.0,GKD-a_45_n15_m9.txt
15,105,1045.5196186666667,True,1,1,1.0,1.0,1,1.0,1.0,1.0,1.0,1.0,1.0,1.0,0.0,0.0,0.0,1.0,1.0,1.0,455,682,1.0,GKD-a_46_n15_m12.txt
15,105,1333.1367653333334,True,1,1,1.0,1.0,1,1.0,1.0,1.0,1.0,1.0,1.0,1.0,0.0,0.0,0.0,1.0,1.0,1.0,455,682,1.0,GKD-a_47_n15_m12.txt
15,105,1107.6737780000003,True,1,1,1.0,1.0,1,1.0,1.0,1.0,1.0,1.0,1.0,1.0,0.0,0.0,0.0,1.0,1.0,1.0,455,682,1.0,GKD-a_48_n15_m12.txt
15,105,797.4588926666667,True,1,1,1.0,1.0,1,1.0,1.0,1.0,1.0,1.0,1.0,1.0,0.0,0.0,0.0,1.0,1.0,1.0,455,682,1.0,GKD-a_49_n15_m12.txt
10,45,587.342949,True,1,1,1.0,1.0,1,1.0,1.0,1.0,1.0,1.0,1.0,1.0,0.0,0.0,0.0,1.0,1.0,1.0,120,180,1.0,GKD-a_4_n10_m2.txt
15,105,1030.2601479999998,True,1,1,1.0,1.0,1,1.0,1.0,1.0,1.0,1.0,1.0,1.0,0.0,0.0,0.0,1.0,1.0,1.0,455,682,1.0,GKD-a_50_n15_m12.txt
30,435,2523.8197023333337,True,1,1,1.0,1.0,1,1.0,1.0,1.0,1.0,1.0,1.0,1.0,0.0,0.0,0.0,1.0,1.0,1.0,4060,6090,1.0,GKD-a_51_n30_m6.txt
30,435,2416.599181999998,True,1,1,1.0,1.0,1,1.0,1.0,1.0,1.0,1.0,1.0,1.0,0.0,0.0,0.0,1.0,1.0,1.0,4060,6090,1.0,GKD-a_52_n30_m6.txt
30,435,2105.7936130000003,True,1,1,1.0,1.0,1,1.0,1.0,1.0,1.0,1.0,1.0,1.0,0.0,0.0,0.0,1.0,1.0,1.0,4060,6090,1.0,GKD-a_53_n30_m6.txt
30,435,1401.420759333334,True,1,1,1.0,1.0,1,1.0,1.0,1.0,1.0,1.0,1.0,1.0,0.0,0.0,0.0,1.0,1.0,1.0,4060,6090,1.0,GKD-a_54_n30_m6.txt
30,435,1416.030337000001,True,1,1,1.0,1.0,1,1.0,1.0,1.0,1.0,1.0,1.0,1.0,0.0,0.0,0.0,1.0,1.0,1.0,4060,6090,1.0,GKD-a_55_n30_m6.txt
30,435,2052.892310666665,True,1,1,1.0,1.0,1,1.0,1.0,1.0,1.0,1.0,1.0,1.0,0.0,0.0,0.0,1.0,1.0,1.0,4060,6090,1.0,GKD-a_56_n30_m9.txt
30,435,2774.9834876666664,True,1,1,1.0,1.0,1,1.0,1.0,1.0,1.0,1.0,1.0,1.0,0.0,0.0,0.0,1.0,1.0,1.0,4060,6090,1.0,GKD-a_57_n30_m9.txt
30,435,2274.3999569999996,True,1,1,1.0,1.0,1,1.0,1.0,1.0,1.0,1.0,1.0,1.0,0.0,0.0,0.0,1.0,1.0,1.0,4060,6090,1.0,GKD-a_58_n30_m9.txt
30,435,2532.633069666668,True,1,1,1.0,1.0,1,1.0,1.0,1.0,1.0,1.0,1.0,1.0,0.0,0.0,0.0,1.0,1.0,1.0,4060,6090,1.0,GKD-a_59_n30_m9.txt
10,45,753.6105339999998,True,1,1,1.0,1.0,1,1.0,1.0,1.0,1.0,1.0,1.0,1.0,0.0,0.0,0.0,1.0,1.0,1.0,120,180,1.0,GKD-a_5_n10_m2.txt
30,435,2424.8484143333326,True,1,1,1.0,1.0,1,1.0,1.0,1.0,1.0,1.0,1.0,1.0,0.0,0.0,0.0,1.0,1.0,1.0,4060,6090,1.0,GKD-a_60_n30_m9.txt
30,435,2531.7855983333334,True,1,1,1.0,1.0,1,1.0,1.0,1.0,1.0,1.0,1.0,1.0,0.0,0.0,0.0,1.0,1.0,1.0,4060,6090,1.0,GKD-a_61_n30_m12.txt
30,435,1864.325402666668,True,1,1,1.0,1.0,1,1.0,1.0,1.0,1.0,1.0,1.0,1.0,0.0,0.0,0.0,1.0,1.0,1.0,4060,6090,1.0,GKD-a_62_n30_m12.txt
30,435,2709.7368243333344,True,1,1,1.0,1.0,1,1.0,1.0,1.0,1.0,1.0,1.0,1.0,0.0,0.0,0.0,1.0,1.0,1.0,4060,6090,1.0,GKD-a_63_n30_m12.txt
30,435,2121.7019699999987,True,1,1,1.0,1.0,1,1.0,1.0,1.0,1.0,1.0,1.0,1.0,0.0,0.0,0.0,1.0,1.0,1.0,4060,6090,1.0,GKD-a_64_n30_m12.txt
30,435,1710.148965333334,True,1,1,1.0,1.0,1,1.0,1.0,1.0,1.0,1.0,1.0,1.0,0.0,0.0,0.0,1.0,1.0,1.0,4060,6090,1.0,GKD-a_65_n30_m12.txt
30,435,2159.5418220000006,True,1,1,1.0,1.0,1,1.0,1.0,1.0,1.0,1.0,1.0,1.0,0.0,0.0,0.0,1.0,1.0,1.0,4060,6090,1.0,GKD-a_66_n30_m18.txt
30,435,2065.753198,True,1,1,1.0,1.0,1,1.0,1.0,1.0,1.0,1.0,1.0,1.0,0.0,0.0,0.0,1.0,1.0,1.0,4060,6090,1.0,GKD-a_67_n30_m18.txt
30,435,2661.7924289999996,True,1,1,1.0,1.0,1,1.0,1.0,1.0,1.0,1.0,1.0,1.0,0.0,0.0,0.0,1.0,1.0,1.0,4060,6090,1.0,GKD-a_68_n30_m18.txt
30,435,2279.364072999998,True,1,1,1.0,1.0,1,1.0,1.0,1.0,1.0,1.0,1.0,1.0,0.0,0.0,0.0,1.0,1.0,1.0,4060,6090,1.0,GKD-a_69_n30_m18.txt
10,45,265.33075299999996,True,1,1,1.0,1.0,1,1.0,1.0,1.0,1.0,1.0,1.0,1.0,0.0,0.0,0.0,1.0,1.0,1.0,120,180,1.0,GKD-a_6_n10_m3.txt
30,435,2017.1052213333342,True,1,1,1.0,1.0,1,1.0,1.0,1.0,1.0,1.0,1.0,1.0,0.0,0.0,0.0,1.0,1.0,1.0,4060,6090,1.0,GKD-a_70_n30_m18.txt
30,435,1709.1289536666684,True,1,1,1.0,1.0,1,1.0,1.0,1.0,1.0,1.0,1.0,1.0,0.0,0.0,0.0,1.0,1.0,1.0,4060,6090,1.0,GKD-a_71_n30_m24.txt
30,435,2494.677053000002,True,1,1,1.0,1.0,1,1.0,1.0,1.0,1.0,1.0,1.0,1.0,0.0,0.0,0.0,1.0,1.0,1.0,4060,6090,1.0,GKD-a_72_n30_m24.txt
30,435,1364.4231486666658,True,1,1,1.0,1.0,1,1.0,1.0,1.0,1.0,1.0,1.0,1.0,0.0,0.0,0.0,1.0,1.0,1.0,4060,6090,1.0,GKD-a_73_n30_m24.txt
30,435,935.6101053333333,True,1,1,1.0,1.0,1,1.0,1.0,1.0,1.0,1.0,1.0,1.0,0.0,0.0,0.0,1.0,1.0,1.0,4060,6090,1.0,GKD-a_74_n30_m24.txt
30,435,779.2872453333324,True,1,1,1.0,1.0,1,1.0,1.0,1.0,1.0,1.0,1.0,1.0,0.0,0.0,0.0,1.0,1.0,1.0,4060,6090,1.0,GKD-a_75_n30_m24.txt
10,45,563.6297010000001,True,1,1,1.0,1.0,1,1.0,1.0,1.0,1.0,1.0,1.0,1.0,0.0,0.0,0.0,1.0,1.0,1.0,120,180,1.0,GKD-a_7_n10_m3.txt
10,45,397.18758799999995,True,1,1,1.0,1.0,1,1.0,1.0,1.0,1.0,1.0,1.0,1.0,0.0,0.0,0.0,1.0,1.0,1.0,120,180,1.0,GKD-a_8_n10_m3.txt
10,45,619.4116369999999,True,1,1,1.0,1.0,1,1.0,1.0,1.0,1.0,1.0,1.0,1.0,0.0,0.0,0.0,1.0,1.0,1.0,120,180,1.0,GKD-a_9_n10_m3.txt
25,300,1556.7880795999993,True,1,1,1.0,1.0,1,1.0,1.0,1.0,1.0,1.0,1.0,1.0,0.0,0.0,0.0,1.0,1.0,1.0,2300,3450,1.0,GKD-b_10_n25_m7.txt
50,1225,3500.9820373999987,True,1,1,1.0,1.0,1,1.0,0.9999999999999999,0.9999999999999999,0.9999999999999999,1.0,1.0,1.0,0.0,0.0,0.0,1.0,1.0,1.0,19600,29400,1.0,GKD-b_11_n50_m5.txt
50,1225,4231.601904200001,True,1,1,1.0,1.0,1,1.0,0.9999999999999999,0.9999999999999999,0.9999999999999999,1.0,1.0,1.0,0.0,0.0,0.0,1.0,1.0,1.0,19600,29400,1.0,GKD-b_12_n50_m5.txt
50,1225,2291.539127399996,True,1,1,1.0,1.0,1,1.0,0.9999999999999999,0.9999999999999999,0.9999999999999999,1.0,1.0,1.0,0.0,0.0,0.0,1.0,1.0,1.0,19600,29400,1.0,GKD-b_13_n50_m5.txt
50,1225,2136.9131271999977,True,1,1,1.0,1.0,1,1.0,0.9999999999999999,0.9999999999999999,0.9999999999999999,1.0,1.0,1.0,0.0,0.0,0.0,1.0,1.0,1.0,19600,29400,1.0,GKD-b_14_n50_m5.txt
50,1225,3629.2652102000006,True,1,1,1.0,1.0,1,1.0,0.9999999999999999,0.9999999999999999,0.9999999999999999,1.0,1.0,1.0,0.0,0.0,0.0,1.0,1.0,1.0,19600,29400,1.0,GKD-b_15_n50_m5.txt
50,1225,2007.8197415999994,True,1,1,1.0,1.0,1,1.0,0.9999999999999999,0.9999999999999999,0.9999999999999999,1.0,1.0,1.0,0.0,0.0,0.0,1.0,1.0,1.0,19600,29400,1.0,GKD-b_16_n50_m15.txt
50,1225,1363.743109199998,True,1,1,1.0,1.0,1,1.0,0.9999999999999999,0.9999999999999999,0.9999999999999999,1.0,1.0,1.0,0.0,0.0,0.0,1.0,1.0,1.0,19600,29400,1.0,GKD-b_17_n50_m15.txt
50,1225,2740.209398000002,True,1,1,1.0,1.0,1,1.0,0.9999999999999999,0.9999999999999999,0.9999999999999999,1.0,1.0,1.0,0.0,0.0,0.0,1.0,1.0,1.0,19600,29400,1.0,GKD-b_18_n50_m15.txt
50,1225,2845.1041946,True,1,1,1.0,1.0,1,1.0,0.9999999999999999,0.9999999999999999,0.9999999999999999,1.0,1.0,1.0,0.0,0.0,0.0,1.0,1.0,1.0,19600,29400,1.0,GKD-b_19_n50_m15.txt
25,300,769.6651739999999,True,1,1,1.0,1.0,1,1.0,1.0,1.0,1.0,1.0,1.0,1.0,0.0,0.0,0.0,1.0,1.0,1.0,2300,3450,1.0,GKD-b_1_n25_m2.txt
50,1225,2864.9979069999986,True,1,1,1.0,1.0,1,1.0,0.9999999999999999,0.9999999999999999,0.9999999999999999,1.0,1.0,1.0,0.0,0.0,0.0,1.0,1.0,1.0,19600,29400,1.0,GKD-b_20_n50_m15.txt
100,4950,4165.915581599993,True,1,1,1.0,1.0,1,1.0,1.0,1.0,1.0,1.0,1.0,1.0,0.0,0.0,0.0,1.0,1.0,1.0,161700,242550,1.0,GKD-b_21_n100_m10.txt
100,4950,6974.646317599995,True,1,1,1.0,1.0,1,1.0,1.0,1.0,1.0,1.0,1.0,1.0,0.0,0.0,0.0,1.0,1.0,1.0,161700,242550,1.0,GKD-b_22_n100_m10.txt
100,4950,4510.72221530002,True,1,1,1.0,1.0,1,1.0,1.0,1.0,1.0,1.0,1.0,1.0,0.0,0.0,0.0,1.0,1.0,1.0,161700,242550,1.0,GKD-b_23_n100_m10.txt
100,4950,8737.57133499998,True,1,1,1.0,1.0,1,1.0,1.0,1.0,1.0,1.0,1.0,1.0,0.0,0.0,0.0,1.0,1.0,1.0,161700,242550,1.0,GKD-b_24_n100_m10.txt
100,4950,6655.049585699973,True,1,1,1.0,1.0,1,1.0,1.0,1.0,1.0,1.0,1.0,1.0,0.0,0.0,0.0,1.0,1.0,1.0,161700,242550,1.0,GKD-b_25_n100_m10.txt
100,4950,4322.749896600008,True,1,1,1.0,1.0,1,1.0,1.0,1.0,1.0,1.0,1.0,1.0,0.0,0.0,0.0,1.0,1.0,1.0,161700,242550,1.0,GKD-b_26_n100_m30.txt
100,4950,3848.753562400013,True,1,1,1.0,1.0,1,1.0,1.0,1.0,1.0,1.0,1.0,1.0,0.0,0.0,0.0,1.0,1.0,1.0,161700,242550,1.0,GKD-b_27_n100_m30.txt
100,4950,9311.742181900005,True,1,1,1.0,1.0,1,1.0,1.0,1.0,1.0,1.0,1.0,1.0,0.0,0.0,0.0,1.0,1.0,1.0,161700,242550,1.0,GKD-b_28_n100_m30.txt
100,4950,8220.374846500019,True,1,1,1.0,1.0,1,1.0,1.0,1.0,1.0,1.0,1.0,1.0,0.0,0.0,0.0,1.0,1.0,1.0,161700,242550,1.0,GKD-b_29_n100_m30.txt
25,300,2140.806444800001,True,1,1,1.0,1.0,1,1.0,1.0,1.0,1.0,1.0,1.0,1.0,0.0,0.0,0.0,1.0,1.0,1.0,2300,3450,1.0,GKD-b_2_n25_m2.txt
100,4950,5015.703694899999,True,1,1,1.0,1.0,1,1.0,1.0,1.0,1.0,1.0,1.0,1.0,0.0,0.0,0.0,1.0,1.0,1.0,161700,242550,1.0,GKD-b_30_n100_m30.txt
125,7750,3201.0392263199983,True,1,1,1.0,1.0,1,1.0,1.0,1.0,1.0,1.0,1.0,1.0,0.0,0.0,0.0,1.0,1.0,1.0,317750,476625,1.0,GKD-b_31_n125_m12.txt
125,7750,10032.967810480004,True,1,1,1.0,1.0,1,1.0,1.0,1.0,1.0,1.0,1.0,1.0,0.0,0.0,0.0,1.0,1.0,1.0,317750,476625,1.0,GKD-b_32_n125_m12.txt
125,7750,5395.582859120004,True,1,1,1.0,1.0,1,1.0,1.0,1.0,1.0,1.0,1.0,1.0,0.0,0.0,0.0,1.0,1.0,1.0,317750,476625,1.0,GKD-b_33_n125_m12.txt
125,7750,9868.980019039991,True,1,1,1.0,1.0,1,1.0,1.0,1.0,1.0,1.0,1.0,1.0,0.0,0.0,0.0,1.0,1.0,1.0,317750,476625,1.0,GKD-b_34_n125_m12.txt
125,7750,4801.008697200021,True,1,1,1.0,1.0,1,1.0,1.0,1.0,1.0,1.0,1.0,1.0,0.0,0.0,0.0,1.0,1.0,1.0,317750,476625,1.0,GKD-b_35_n125_m12.txt
125,7750,9178.83070815998,True,1,1,1.0,1.0,1,1.0,1.0,1.0,1.0,1.0,1.0,1.0,0.0,0.0,0.0,1.0,1.0,1.0,317750,476625,1.0,GKD-b_36_n125_m37.txt
125,7750,10554.443393359981,True,1,1,1.0,1.0,1,1.0,1.0,1.0,1.0,1.0,1.0,1.0,0.0,0.0,0.0,1.0,1.0,1.0,317750,476625,1.0,GKD-b_37_n125_m37.txt
125,7750,6935.4756914399895,True,1,1,1.0,1.0,1,1.0,1.0,1.0,1.0,1.0,1.0,1.0,0.0,0.0,0.0,1.0,1.0,1.0,317750,476625,1.0,GKD-b_38_n125_m37.txt
125,7750,7800.338210079995,True,1,1,1.0,1.0,1,1.0,1.0,1.0,1.0,1.0,1.0,1.0,0.0,0.0,0.0,1.0,1.0,1.0,317750,476625,1.0,GKD-b_39_n125_m37.txt
25,300,677.1961248,True,1,1,1.0,1.0,1,1.0,1.0,1.0,1.0,1.0,1.0,1.0,0.0,0.0,0.0,1.0,1.0,1.0,2300,3450,1.0,GKD-b_3_n25_m2.txt
125,7750,9924.172150400027,True,1,1,1.0,1.0,1,1.0,1.0,1.0,1.0,1.0,1.0,1.0,0.0,0.0,0.0,1.0,1.0,1.0,317750,476625,1.0,GKD-b_40_n125_m37.txt
150,11175,13461.376048666634,True,1,1,1.0,1.0,1,1.0,1.0,1.0,1.0,1.0,1.0,1.0,0.0,0.0,0.0,1.0,1.0,1.0,551300,826950,1.0,GKD-b_41_n150_m15.txt
150,11175,7825.304049266645,True,1,1,1.0,1.0,1,1.0,1.0,1.0,1.0,1.0,1.0,1.0,0.0,0.0,0.0,1.0,1.0,1.0,551300,826950,1.0,GKD-b_42_n150_m15.txt
150,11175,6771.631552533289,True,1,1,1.0,1.0,1,1.0,1.0,1.0,1.0,1.0,1.0,1.0,0.0,0.0,0.0,1.0,1.0,1.0,551300,826950,1.0,GKD-b_43_n150_m15.txt
150,11175,9053.11126500001,True,1,1,1.0,1.0,1,1.0,1.0,1.0,1.0,1.0,1.0,1.0,0.0,0.0,0.0,1.0,1.0,1.0,551300,826950,1.0,GKD-b_44_n150_m15.txt
150,11175,9476.632958533335,True,1,1,1.0,1.0,1,1.0,1.0,1.0,1.0,1.0,1.0,1.0,0.0,0.0,0.0,1.0,1.0,1.0,551300,826950,1.0,GKD-b_45_n150_m15.txt
150,11175,10464.40335873329,True,1,1,1.0,1.0,1,1.0,1.0,1.0,1.0,1.0,1.0,1.0,0.0,0.0,0.0,1.0,1.0,1.0,551300,826950,1.0,GKD-b_46_n150_m45.txt
150,11175,13351.701385333346,True,1,1,1.0,1.0,1,1.0,1.0,1.0,1.0,1.0,1.0,1.0,0.0,0.0,0.0,1.0,1.0,1.0,551300,826950,1.0,GKD-b_47_n150_m45.txt
150,11175,8812.527246333337,True,1,1,1.0,1.0,1,1.0,1.0,1.0,1.0,1.0,1.0,1.0,0.0,0.0,0.0,1.0,1.0,1.0,551300,826950,1.0,GKD-b_48_n150_m45.txt
150,11175,13420.427052933326,True,1,1,1.0,1.0,1,1.0,1.0,1.0,1.0,1.0,1.0,1.0,0.0,0.0,0.0,1.0,1.0,1.0,551300,826950,1.0,GKD-b_49_n150_m45.txt
25,300,1844.310801199999,True,1,1,1.0,1.0,1,1.0,1.0,1.0,1.0,1.0,1.0,1.0,0.0,0.0,0.0,1.0,1.0,1.0,2300,3450,1.0,GKD-b_4_n25_m2.txt
150,11175,9442.869515400012,True,1,1,1.0,1.0,1,1.0,1.0,1.0,1.0,1.0,1.0,1.0,0.0,0.0,0.0,1.0,1.0,1.0,551300,826950,1.0,GKD-b_50_n150_m45.txt
25,300,2278.687911199999,True,1,1,1.0,1.0,1,1.0,1.0,1.0,1.0,1.0,1.0,1.0,0.0,0.0,0.0,1.0,1.0,1.0,2300,3450,1.0,GKD-b_5_n25_m2.txt
25,300,2056.034195599999,True,1,1,1.0,1.0,1,1.0,1.0,1.0,1.0,1.0,1.0,1.0,0.0,0.0,0.0,1.0,1.0,1.0,2300,3450,1.0,GKD-b_6_n25_m7.txt
25,300,2144.1822684000003,True,1,1,1.0,1.0,1,1.0,1.0,1.0,1.0,1.0,1.0,1.0,0.0,0.0,0.0,1.0,1.0,1.0,2300,3450,1.0,GKD-b_7_n25_m7.txt
25,300,1915.3195176,True,1,1,1.0,1.0,1,1.0,1.0,1.0,1.0,1.0,1.0,1.0,0.0,0.0,0.0,1.0,1.0,1.0,2300,3450,1.0,GKD-b_8_n25_m7.txt
25,300,722.9280939999994,True,1,1,1.0,1.0,1,1.0,1.0,1.0,1.0,1.0,1.0,1.0,0.0,0.0,0.0,1.0,1.0,1.0,2300,3450,1.0,GKD-b_9_n25_m7.txt
500,124750,3194.8364975600184,True,1,1,1.0,1.0,1,1.0,0.9999999999999999,0.9999999999999999,0.9999999999999999,1.0,1.0,1.0,0.0,0.0,0.0,1.0,1.0,1.0,20708500,31062750,1.0,GKD-c_10_n500_m50.txt
500,124750,3216.4646308599968,True,1,1,1.0,1.0,1,1.0,0.9999999999999999,0.9999999999999999,0.9999999999999999,1.0,1.0,1.0,0.0,0.0,0.0,1.0,1.0,1.0,20708500,31062750,1.0,GKD-c_11_n500_m50.txt
500,124750,3182.1932252000524,True,1,1,1.0,1.0,1,1.0,0.9999999999999999,0.9999999999999999,0.9999999999999999,1.0,1.0,1.0,0.0,0.0,0.0,1.0,1.0,1.0,20708500,31062750,1.0,GKD-c_12_n500_m50.txt
500,124750,3170.764363680044,True,1,1,1.0,1.0,1,1.0,0.9999999999999999,0.9999999999999999,0.9999999999999999,1.0,1.0,1.0,0.0,0.0,0.0,1.0,1.0,1.0,20708500,31062750,1.0,GKD-c_13_n500_m50.txt
500,124750,3188.2026599600126,True,1,1,1.0,1.0,1,1.0,0.9999999999999999,0.9999999999999999,0.9999999999999999,1.0,1.0,1.0,0.0,0.0,0.0,1.0,1.0,1.0,20708500,31062750,1.0,GKD-c_14_n500_m50.txt
500,124750,3168.4540925400174,True,1,1,1.0,1.0,1,1.0,0.9999999999999999,0.9999999999999999,0.9999999999999999,1.0,1.0,1.0,0.0,0.0,0.0,1.0,1.0,1.0,20708500,31062750,1.0,GKD-c_15_n500_m50.txt
500,124750,3232.180272400053,True,1,1,1.0,1.0,1,1.0,0.9999999999999999,0.9999999999999999,0.9999999999999999,1.0,1.0,1.0,0.0,0.0,0.0,1.0,1.0,1.0,20708500,31062750,1.0,GKD-c_16_n500_m50.txt
500,124750,3199.175669880017,True,1,1,1.0,1.0,1,1.0,0.9999999999999999,0.9999999999999999,0.9999999999999999,1.0,1.0,1.0,0.0,0.0,0.0,1.0,1.0,1.0,20708500,31062750,1.0,GKD-c_17_n500_m50.txt
500,124750,3166.865871300056,True,1,1,1.0,1.0,1,1.0,0.9999999999999999,0.9999999999999999,0.9999999999999999,1.0,1.0,1.0,0.0,0.0,0.0,1.0,1.0,1.0,20708500,31062750,1.0,GKD-c_18_n500_m50.txt
500,124750,3181.753155960001,True,1,1,1.0,1.0,1,1.0,0.9999999999999999,0.9999999999999999,0.9999999999999999,1.0,1.0,1.0,0.0,0.0,0.0,1.0,1.0,1.0,20708500,31062750,1.0,GKD-c_19_n500_m50.txt
500,124750,3203.130013699987,True,1,1,1.0,1.0,1,1.0,0.9999999999999999,0.9999999999999999,0.9999999999999999,1.0,1.0,1.0,0.0,0.0,0.0,1.0,1.0,1.0,20708500,31062750,1.0,GKD-c_1_n500_m50.txt
500,124750,3163.184662520014,True,1,1,1.0,1.0,1,1.0,0.9999999999999999,0.9999999999999999,0.9999999999999999,1.0,1.0,1.0,0.0,0.0,0.0,1.0,1.0,1.0,20708500,31062750,1.0,GKD-c_20_n500_m50.txt
500,124750,3226.7555029400164,True,1,1,1.0,1.0,1,1.0,0.9999999999999999,0.9999999999999999,0.9999999999999999,1.0,1.0,1.0,0.0,0.0,0.0,1.0,1.0,1.0,20708500,31062750,1.0,GKD-c_2_n500_m50.txt
500,124750,3184.364706599976,True,1,1,1.0,1.0,1,1.0,0.9999999999999999,0.9999999999999999,0.9999999999999999,1.0,1.0,1.0,0.0,0.0,0.0,1.0,1.0,1.0,20708500,31062750,1.0,GKD-c_3_n500_m50.txt
500,124750,3196.249963800005,True,1,1,1.0,1.0,1,1.0,0.9999999999999999,0.9999999999999999,0.9999999999999999,1.0,1.0,1.0,0.0,0.0,0.0,1.0,1.0,1.0,20708500,31062750,1.0,GKD-c_4_n500_m50.txt
500,124750,3216.4963746400845,True,1,1,1.0,1.0,1,1.0,0.9999999999999999,0.9999999999999999,0.9999999999999999,1.0,1.0,1.0,0.0,0.0,0.0,1.0,1.0,1.0,20708500,31062750,1.0,GKD-c_5_n500_m50.txt
500,124750,3200.793144800027,True,1,1,1.0,1.0,1,1.0,0.9999999999999999,0.9999999999999999,0.9999999999999999,1.0,1.0,1.0,0.0,0.0,0.0,1.0,1.0,1.0,20708500,31062750,1.0,GKD-c_6_n500_m50.txt
500,124750,3201.4196571001253,True,1,1,1.0,1.0,1,1.0,0.9999999999999999,0.9999999999999999,0.9999999999999999,1.0,1.0,1.0,0.0,0.0,0.0,1.0,1.0,1.0,20708500,31062750,1.0,GKD-c_7_n500_m50.txt
500,124750,3207.075635879968,True,1,1,1.0,1.0,1,1.0,0.9999999999999999,0.9999999999999999,0.9999999999999999,1.0,1.0,1.0,0.0,0.0,0.0,1.0,1.0,1.0,20708500,31062750,1.0,GKD-c_8_n500_m50.txt
500,124750,3165.705438539977,True,1,1,1.0,1.0,1,1.0,0.9999999999999999,0.9999999999999999,0.9999999999999999,1.0,1.0,1.0,0.0,0.0,0.0,1.0,1.0,1.0,20708500,31062750,1.0,GKD-c_9_n500_m50.txt
500,124750,1247.860940000005,True,1,1,1.0,1.0,1,1.0,0.9999999999999999,0.9999999999999999,0.9999999999999999,1.0,1.0,1.0,0.0,0.0,0.0,1.0,1.0,1.0,20708500,31062750,1.0,MDG-a_10_n500_m50.txt
500,124750,1246.060259999992,True,1,1,1.0,1.0,1,1.0,0.9999999999999999,0.9999999999999999,0.9999999999999999,1.0,1.0,1.0,0.0,0.0,0.0,1.0,1.0,1.0,20708500,31062750,1.0,MDG-a_11_n500_m50.txt
500,124750,1244.0051600000115,True,1,1,1.0,1.0,1,1.0,0.9999999999999999,0.9999999999999999,0.9999999999999999,1.0,1.0,1.0,0.0,0.0,0.0,1.0,1.0,1.0,20708500,31062750,1.0,MDG-a_12_n500_m50.txt
500,124750,1250.507800000023,True,1,1,1.0,1.0,1,1.0,0.9999999999999999,0.9999999999999999,0.9999999999999999,1.0,1.0,1.0,0.0,0.0,0.0,1.0,1.0,1.0,20708500,31062750,1.0,MDG-a_13_n500_m50.txt
500,124750,1250.1618799999867,True,1,1,1.0,1.0,1,1.0,0.9999999999999999,0.9999999999999999,0.9999999999999999,1.0,1.0,1.0,0.0,0.0,0.0,1.0,1.0,1.0,20708500,31062750,1.0,MDG-a_14_n500_m50.txt
500,124750,1247.0306199999939,True,1,1,1.0,1.0,1,1.0,0.9999999999999999,0.9999999999999999,0.9999999999999999,1.0,1.0,1.0,0.0,0.0,0.0,1.0,1.0,1.0,20708500,31062750,1.0,MDG-a_15_n500_m50.txt
500,124750,1249.555119999977,True,1,1,1.0,1.0,1,1.0,0.9999999999999999,0.9999999999999999,0.9999999999999999,1.0,1.0,1.0,0.0,0.0,0.0,1.0,1.0,1.0,20708500,31062750,1.0,MDG-a_16_n500_m50.txt
500,124750,1246.6988600000025,True,1,1,1.0,1.0,1,1.0,0.9999999999999999,0.9999999999999999,0.9999999999999999,1.0,1.0,1.0,0.0,0.0,0.0,1.0,1.0,1.0,20708500,31062750,1.0,MDG-a_17_n500_m50.txt
500,124750,1247.6268200000106,True,1,1,1.0,1.0,1,1.0,0.9999999999999999,0.9999999999999999,0.9999999999999999,1.0,1.0,1.0,0.0,0.0,0.0,1.0,1.0,1.0,20708500,31062750,1.0,MDG-a_18_n500_m50.txt
500,124750,1244.6215199999929,True,1,1,1.0,1.0,1,1.0,0.9999999999999999,0.9999999999999999,0.9999999999999999,1.0,1.0,1.0,0.0,0.0,0.0,1.0,1.0,1.0,20708500,31062750,1.0,MDG-a_19_n500_m50.txt
500,124750,1247.3892199999984,True,1,1,1.0,1.0,1,1.0,0.9999999999999999,0.9999999999999999,0.9999999999999999,1.0,1.0,1.0,0.0,0.0,0.0,1.0,1.0,1.0,20708500,31062750,1.0,MDG-a_1_n500_m50.txt
500,124750,1245.7597999999898,True,1,1,1.0,1.0,1,1.0,0.9999999999999999,0.9999999999999999,0.9999999999999999,1.0,1.0,1.0,0.0,0.0,0.0,1.0,1.0,1.0,20708500,31062750,1.0,MDG-a_20_n500_m50.txt
2000,1999000,4998.2975,True,1,1,1.0,1.0,1,1.0,0.9999999999999999,0.9999999999999999,0.9999999999999999,1.0,1.0,1.0,0.0,0.0,0.0,1.0,1.0,1.0,1331334000,1997001000,1.0,MDG-a_21_n2000_m200.txt
2000,1999000,4997.1325,True,1,1,1.0,1.0,1,1.0,0.9999999999999999,0.9999999999999999,0.9999999999999999,1.0,1.0,1.0,0.0,0.0,0.0,1.0,1.0,1.0,1331334000,1997001000,1.0,MDG-a_22_n2000_m200.txt
2000,1999000,4995.708,True,1,1,1.0,1.0,1,1.0,0.9999999999999999,0.9999999999999999,0.9999999999999999,1.0,1.0,1.0,0.0,0.0,0.0,1.0,1.0,1.0,1331334000,1997001000,1.0,MDG-a_23_n2000_m200.txt
2000,1999000,4997.9215,True,1,1,1.0,1.0,1,1.0,0.9999999999999999,0.9999999999999999,0.9999999999999999,1.0,1.0,1.0,0.0,0.0,0.0,1.0,1.0,1.0,1331334000,1997001000,1.0,MDG-a_24_n2000_m200.txt
2000,1999000,5000.5925,True,1,1,1.0,1.0,1,1.0,0.9999999999999999,0.9999999999999999,0.9999999999999999,1.0,1.0,1.0,0.0,0.0,0.0,1.0,1.0,1.0,1331334000,1997001000,1.0,MDG-a_25_n2000_m200.txt
2000,1999000,4996.509,True,1,1,1.0,1.0,1,1.0,0.9999999999999999,0.9999999999999999,0.9999999999999999,1.0,1.0,1.0,0.0,0.0,0.0,1.0,1.0,1.0,1331334000,1997001000,1.0,MDG-a_26_n2000_m200.txt
2000,1999000,4995.4155,True,1,1,1.0,1.0,1,1.0,0.9999999999999999,0.9999999999999999,0.9999999999999999,1.0,1.0,1.0,0.0,0.0,0.0,1.0,1.0,1.0,1331334000,1997001000,1.0,MDG-a_27_n2000_m200.txt
2000,1999000,4997.485,True,1,1,1.0,1.0,1,1.0,0.9999999999999999,0.9999999999999999,0.9999999999999999,1.0,1.0,1.0,0.0,0.0,0.0,1.0,1.0,1.0,1331334000,1997001000,1.0,MDG-a_28_n2000_m200.txt
2000,1999000,4998.3495,True,1,1,1.0,1.0,1,1.0,0.9999999999999999,0.9999999999999999,0.9999999999999999,1.0,1.0,1.0,0.0,0.0,0.0,1.0,1.0,1.0,1331334000,1997001000,1.0,MDG-a_29_n2000_m200.txt
500,124750,1248.3701200000053,True,1,1,1.0,1.0,1,1.0,0.9999999999999999,0.9999999999999999,0.9999999999999999,1.0,1.0,1.0,0.0,0.0,0.0,1.0,1.0,1.0,20708500,31062750,1.0,MDG-a_2_n500_m50.txt
2000,1999000,4996.978,True,1,1,1.0,1.0,1,1.0,0.9999999999999999,0.9999999999999999,0.9999999999999999,1.0,1.0,1.0,0.0,0.0,0.0,1.0,1.0,1.0,1331334000,1997001000,1.0,MDG-a_30_n2000_m200.txt
2000,1999000,4999.7715,True,1,1,1.0,1.0,1,1.0,0.9999999999999999,0.9999999999999999,0.9999999999999999,1.0,1.0,1.0,0.0,0.0,0.0,1.0,1.0,1.0,1331334000,1997001000,1.0,MDG-a_31_n2000_m200.txt
2000,1999000,4997.774,True,1,1,1.0,1.0,1,1.0,0.9999999999999999,0.9999999999999999,0.9999999999999999,1.0,1.0,1.0,0.0,0.0,0.0,1.0,1.0,1.0,1331334000,1997001000,1.0,MDG-a_32_n2000_m200.txt
2000,1999000,4996.633,True,1,1,1.0,1.0,1,1.0,0.9999999999999999,0.9999999999999999,0.9999999999999999,1.0,1.0,1.0,0.0,0.0,0.0,1.0,1.0,1.0,1331334000,1997001000,1.0,MDG-a_33_n2000_m200.txt
2000,1999000,4998.527,True,1,1,1.0,1.0,1,1.0,0.9999999999999999,0.9999999999999999,0.9999999999999999,1.0,1.0,1.0,0.0,0.0,0.0,1.0,1.0,1.0,1331334000,1997001000,1.0,MDG-a_34_n2000_m200.txt
2000,1999000,4996.51,True,1,1,1.0,1.0,1,1.0,0.9999999999999999,0.9999999999999999,0.9999999999999999,1.0,1.0,1.0,0.0,0.0,0.0,1.0,1.0,1.0,1331334000,1997001000,1.0,MDG-a_35_n2000_m200.txt
2000,1999000,4997.23,True,1,1,1.0,1.0,1,1.0,0.9999999999999999,0.9999999999999999,0.9999999999999999,1.0,1.0,1.0,0.0,0.0,0.0,1.0,1.0,1.0,1331334000,1997001000,1.0,MDG-a_36_n2000_m200.txt
2000,1999000,4999.9985,True,1,1,1.0,1.0,1,1.0,0.9999999999999999,0.9999999999999999,0.9999999999999999,1.0,1.0,1.0,0.0,0.0,0.0,1.0,1.0,1.0,1331334000,1997001000,1.0,MDG-a_37_n2000_m200.txt
2000,1999000,4998.5185,True,1,1,1.0,1.0,1,1.0,0.9999999999999999,0.9999999999999999,0.9999999999999999,1.0,1.0,1.0,0.0,0.0,0.0,1.0,1.0,1.0,1331334000,1997001000,1.0,MDG-a_38_n2000_m200.txt
2000,1999000,4996.403,True,1,1,1.0,1.0,1,1.0,0.9999999999999999,0.9999999999999999,0.9999999999999999,1.0,1.0,1.0,0.0,0.0,0.0,1.0,1.0,1.0,1331334000,1997001000,1.0,MDG-a_39_n2000_m200.txt
500,124750,1246.811700000005,True,1,1,1.0,1.0,1,1.0,0.9999999999999999,0.9999999999999999,0.9999999999999999,1.0,1.0,1.0,0.0,0.0,0.0,1.0,1.0,1.0,20708500,31062750,1.0,MDG-a_3_n500_m50.txt
2000,1999000,5000.697,True,1,1,1.0,1.0,1,1.0,0.9999999999999999,0.9999999999999999,0.9999999999999999,1.0,1.0,1.0,0.0,0.0,0.0,1.0,1.0,1.0,1331334000,1997001000,1.0,MDG-a_40_n2000_m200.txt
500,124750,1247.338320000007,True,1,1,1.0,1.0,1,1.0,0.9999999999999999,0.9999999999999999,0.9999999999999999,1.0,1.0,1.0,0.0,0.0,0.0,1.0,1.0,1.0,20708500,31062750,1.0,MDG-a_4_n500_m50.txt
500,124750,1246.1044000000034,True,1,1,1.0,1.0,1,1.0,0.9999999999999999,0.9999999999999999,0.9999999999999999,1.0,1.0,1.0,0.0,0.0,0.0,1.0,1.0,1.0,20708500,31062750,1.0,MDG-a_5_n500_m50.txt
500,124750,1247.3198600000007,True,1,1,1.0,1.0,1,1.0,0.9999999999999999,0.9999999999999999,0.9999999999999999,1.0,1.0,1.0,0.0,0.0,0.0,1.0,1.0,1.0,20708500,31062750,1.0,MDG-a_6_n500_m50.txt
500,124750,1245.249219999999,True,1,1,1.0,1.0,1,1.0,0.9999999999999999,0.9999999999999999,0.9999999999999999,1.0,1.0,1.0,0.0,0.0,0.0,1.0,1.0,1.0,20708500,31062750,1.0,MDG-a_7_n500_m50.txt
500,124750,1248.0897600000137,True,1,1,1.0,1.0,1,1.0,0.9999999999999999,0.9999999999999999,0.9999999999999999,1.0,1.0,1.0,0.0,0.0,0.0,1.0,1.0,1.0,20708500,31062750,1.0,MDG-a_8_n500_m50.txt
500,124750,1247.8570600000146,True,1,1,1.0,1.0,1,1.0,0.9999999999999999,0.9999999999999999,0.9999999999999999,1.0,1.0,1.0,0.0,0.0,0.0,1.0,1.0,1.0,20708500,31062750,1.0,MDG-a_9_n500_m50.txt
500,124750,124675.33057999909,True,1,1,1.0,1.0,1,1.0,0.9999999999999999,0.9999999999999999,0.9999999999999999,1.0,1.0,1.0,0.0,0.0,0.0,1.0,1.0,1.0,20708500,31062750,1.0,MDG-b_10_n500_m50.txt
500,124750,124847.58164000303,True,1,1,1.0,1.0,1,1.0,0.9999999999999999,0.9999999999999999,0.9999999999999999,1.0,1.0,1.0,0.0,0.0,0.0,1.0,1.0,1.0,20708500,31062750,1.0,MDG-b_11_n500_m50.txt
500,124750,124609.24751999853,True,1,1,1.0,1.0,1,1.0,0.9999999999999999,0.9999999999999999,0.9999999999999999,1.0,1.0,1.0,0.0,0.0,0.0,1.0,1.0,1.0,20708500,31062750,1.0,MDG-b_12_n500_m50.txt
500,124750,125065.71018000068,True,1,1,1.0,1.0,1,1.0,0.9999999999999999,0.9999999999999999,0.9999999999999999,1.0,1.0,1.0,0.0,0.0,0.0,1.0,1.0,1.0,20708500,31062750,1.0,MDG-b_13_n500_m50.txt
500,124750,125164.86069999971,True,1,1,1.0,1.0,1,1.0,0.9999999999999999,0.9999999999999999,0.9999999999999999,1.0,1.0,1.0,0.0,0.0,0.0,1.0,1.0,1.0,20708500,31062750,1.0,MDG-b_14_n500_m50.txt
500,124750,124897.42517999953,True,1,1,1.0,1.0,1,1.0,0.9999999999999999,0.9999999999999999,0.9999999999999999,1.0,1.0,1.0,0.0,0.0,0.0,1.0,1.0,1.0,20708500,31062750,1.0,MDG-b_15_n500_m50.txt
500,124750,124450.5964599984,True,1,1,1.0,1.0,1,1.0,0.9999999999999999,0.9999999999999999,0.9999999999999999,1.0,1.0,1.0,0.0,0.0,0.0,1.0,1.0,1.0,20708500,31062750,1.0,MDG-b_16_n500_m50.txt
500,124750,124976.58310000008,True,1,1,1.0,1.0,1,1.0,0.9999999999999999,0.9999999999999999,0.9999999999999999,1.0,1.0,1.0,0.0,0.0,0.0,1.0,1.0,1.0,20708500,31062750,1.0,MDG-b_17_n500_m50.txt
500,124750,124765.94555999996,True,1,1,1.0,1.0,1,1.0,0.9999999999999999,0.9999999999999999,0.9999999999999999,1.0,1.0,1.0,0.0,0.0,0.0,1.0,1.0,1.0,20708500,31062750,1.0,MDG-b_18_n500_m50.txt
500,124750,124994.8880399993,True,1,1,1.0,1.0,1,1.0,0.9999999999999999,0.9999999999999999,0.9999999999999999,1.0,1.0,1.0,0.0,0.0,0.0,1.0,1.0,1.0,20708500,31062750,1.0,MDG-b_19_n500_m50.txt
500,124750,124802.70158000065,True,1,1,1.0,1.0,1,1.0,0.9999999999999999,0.9999999999999999,0.9999999999999999,1.0,1.0,1.0,0.0,0.0,0.0,1.0,1.0,1.0,20708500,31062750,1.0,MDG-b_1_n500_m50.txt
500,124750,124633.76829999886,True,1,1,1.0,1.0,1,1.0,0.9999999999999999,0.9999999999999999,0.9999999999999999,1.0,1.0,1.0,0.0,0.0,0.0,1.0,1.0,1.0,20708500,31062750,1.0,MDG-b_20_n500_m50.txt
500,124750,124923.79842000095,True,1,1,1.0,1.0,1,1.0,0.9999999999999999,0.9999999999999999,0.9999999999999999,1.0,1.0,1.0,0.0,0.0,0.0,1.0,1.0,1.0,20708500,31062750,1.0,MDG-b_2_n500_m50.txt
500,124750,124568.7569200006,True,1,1,1.0,1.0,1,1.0,0.9999999999999999,0.9999999999999999,0.9999999999999999,1.0,1.0,1.0,0.0,0.0,0.0,1.0,1.0,1.0,20708500,31062750,1.0,MDG-b_3_n500_m50.txt
500,124750,124681.78762000152,True,1,1,1.0,1.0,1,1.0,0.9999999999999999,0.9999999999999999,0.9999999999999999,1.0,1.0,1.0,0.0,0.0,0.0,1.0,1.0,1.0,20708500,31062750,1.0,MDG-b_4_n500_m50.txt
500,124750,124608.6769199995,True,1,1,1.0,1.0,1,1.0,0.9999999999999999,0.9999999999999999,0.9999999999999999,1.0,1.0,1.0,0.0,0.0,0.0,1.0,1.0,1.0,20708500,31062750,1.0,MDG-b_5_n500_m50.txt
500,124750,124191.88474000184,True,1,1,1.0,1.0,1,1.0,0.9999999999999999,0.9999999999999999,0.9999999999999999,1.0,1.0,1.0,0.0,0.0,0.0,1.0,1.0,1.0,20708500,31062750,1.0,MDG-b_6_n500_m50.txt
500,124750,124795.4735399988,True,1,1,1.0,1.0,1,1.0,0.9999999999999999,0.9999999999999999,0.9999999999999999,1.0,1.0,1.0,0.0,0.0,0.0,1.0,1.0,1.0,20708500,31062750,1.0,MDG-b_7_n500_m50.txt
500,124750,124822.12935999848,True,1,1,1.0,1.0,1,1.0,0.9999999999999999,0.9999999999999999,0.9999999999999999,1.0,1.0,1.0,0.0,0.0,0.0,1.0,1.0,1.0,20708500,31062750,1.0,MDG-b_8_n500_m50.txt
500,124750,124692.64397999884,True,1,1,1.0,1.0,1,1.0,0.9999999999999999,0.9999999999999999,0.9999999999999999,1.0,1.0,1.0,0.0,0.0,0.0,1.0,1.0,1.0,20708500,31062750,1.0,MDG-b_9_n500_m50.txt
25,300,54.56,True,1,1,1.0,1.0,1,1.0,1.0,1.0,1.0,1.0,1.0,1.0,0.0,0.0,0.0,1.0,1.0,1.0,2300,3450,1.0,SOM-a_10_n25_m7.txt
50,1225,109.08,True,1,1,1.0,1.0,1,1.0,0.9999999999999999,0.9999999999999999,0.9999999999999999,1.0,1.0,1.0,0.0,0.0,0.0,1.0,1.0,1.0,19600,29400,1.0,SOM-a_11_n50_m5.txt
50,1225,109.12,True,1,1,1.0,1.0,1,1.0,0.9999999999999999,0.9999999999999999,0.9999999999999999,1.0,1.0,1.0,0.0,0.0,0.0,1.0,1.0,1.0,19600,29400,1.0,SOM-a_12_n50_m5.txt
50,1225,110.12,True,1,1,1.0,1.0,1,1.0,0.9999999999999999,0.9999999999999999,0.9999999999999999,1.0,1.0,1.0,0.0,0.0,0.0,1.0,1.0,1.0,19600,29400,1.0,SOM-a_13_n50_m5.txt
50,1225,111.28,True,1,1,1.0,1.0,1,1.0,0.9999999999999999,0.9999999999999999,0.9999999999999999,1.0,1.0,1.0,0.0,0.0,0.0,1.0,1.0,1.0,19600,29400,1.0,SOM-a_14_n50_m5.txt
50,1225,107.68,True,1,1,1.0,1.0,1,1.0,0.9999999999999999,0.9999999999999999,0.9999999999999999,1.0,1.0,1.0,0.0,0.0,0.0,1.0,1.0,1.0,19600,29400,1.0,SOM-a_15_n50_m5.txt
50,1225,110.36,True,1,1,1.0,1.0,1,1.0,0.9999999999999999,0.9999999999999999,0.9999999999999999,1.0,1.0,1.0,0.0,0.0,0.0,1.0,1.0,1.0,19600,29400,1.0,SOM-a_16_n50_m15.txt
50,1225,111.9,True,1,1,1.0,1.0,1,1.0,0.9999999999999999,0.9999999999999999,0.9999999999999999,1.0,1.0,1.0,0.0,0.0,0.0,1.0,1.0,1.0,19600,29400,1.0,SOM-a_17_n50_m15.txt
50,1225,108.02,True,1,1,1.0,1.0,1,1.0,0.9999999999999999,0.9999999999999999,0.9999999999999999,1.0,1.0,1.0,0.0,0.0,0.0,1.0,1.0,1.0,19600,29400,1.0,SOM-a_18_n50_m15.txt
50,1225,111.76,True,1,1,1.0,1.0,1,1.0,0.9999999999999999,0.9999999999999999,0.9999999999999999,1.0,1.0,1.0,0.0,0.0,0.0,1.0,1.0,1.0,19600,29400,1.0,SOM-a_19_n50_m15.txt
25,300,52.52,True,1,1,1.0,1.0,1,1.0,1.0,1.0,1.0,1.0,1.0,1.0,0.0,0.0,0.0,1.0,1.0,1.0,2300,3450,1.0,SOM-a_1_n25_m2.txt
50,1225,111.4,True,1,1,1.0,1.0,1,1.0,0.9999999999999999,0.9999999999999999,0.9999999999999999,1.0,1.0,1.0,0.0,0.0,0.0,1.0,1.0,1.0,19600,29400,1.0,SOM-a_20_n50_m15.txt
100,4950,226.14,True,1,1,1.0,1.0,1,1.0,1.0,1.0,1.0,1.0,1.0,1.0,0.0,0.0,0.0,1.0,1.0,1.0,161700,242550,1.0,SOM-a_21_n100_m10.txt
100,4950,222.17,True,1,1,1.0,1.0,1,1.0,1.0,1.0,1.0,1.0,1.0,1.0,0.0,0.0,0.0,1.0,1.0,1.0,161700,242550,1.0,SOM-a_22_n100_m10.txt
100,4950,223.04,True,1,1,1.0,1.0,1,1.0,1.0,1.0,1.0,1.0,1.0,1.0,0.0,0.0,0.0,1.0,1.0,1.0,161700,242550,1.0,SOM-a_23_n100_m10.txt
100,4950,222.69,True,1,1,1.0,1.0,1,1.0,1.0,1.0,1.0,1.0,1.0,1.0,0.0,0.0,0.0,1.0,1.0,1.0,161700,242550,1.0,SOM-a_24_n100_m10.txt
100,4950,224.73,True,1,1,1.0,1.0,1,1.0,1.0,1.0,1.0,1.0,1.0,1.0,0.0,0.0,0.0,1.0,1.0,1.0,161700,242550,1.0,SOM-a_25_n100_m10.txt
100,4950,221.87,True,1,1,1.0,1.0,1,1.0,1.0,1.0,1.0,1.0,1.0,1.0,0.0,0.0,0.0,1.0,1.0,1.0,161700,242550,1.0,SOM-a_26_n100_m30.txt
100,4950,225.34,True,1,1,1.0,1.0,1,1.0,1.0,1.0,1.0,1.0,1.0,1.0,0.0,0.0,0.0,1.0,1.0,1.0,161700,242550,1.0,SOM-a_27_n100_m30.txt
100,4950,221.17,True,1,1,1.0,1.0,1,1.0,1.0,1.0,1.0,1.0,1.0,1.0,0.0,0.0,0.0,1.0,1.0,1.0,161700,242550,1.0,SOM-a_28_n100_m30.txt
100,4950,224.87,True,1,1,1.0,1.0,1,1.0,1.0,1.0,1.0,1.0,1.0,1.0,0.0,0.0,0.0,1.0,1.0,1.0,161700,242550,1.0,SOM-a_29_n100_m30.txt
25,300,54.84,True,1,1,1.0,1.0,1,1.0,1.0,1.0,1.0,1.0,1.0,1.0,0.0,0.0,0.0,1.0,1.0,1.0,2300,3450,1.0,SOM-a_2_n25_m2.txt
100,4950,222.35,True,1,1,1.0,1.0,1,1.0,1.0,1.0,1.0,1.0,1.0,1.0,0.0,0.0,0.0,1.0,1.0,1.0,161700,242550,1.0,SOM-a_30_n100_m30.txt
125,7750,279.976,True,1,1,1.0,1.0,1,1.0,1.0,1.0,1.0,1.0,1.0,1.0,0.0,0.0,0.0,1.0,1.0,1.0,317750,476625,1.0,SOM-a_31_n125_m12.txt
125,7750,276.312,True,1,1,1.0,1.0,1,1.0,1.0,1.0,1.0,1.0,1.0,1.0,0.0,0.0,0.0,1.0,1.0,1.0,317750,476625,1.0,SOM-a_32_n125_m12.txt
125,7750,277.808,True,1,1,1.0,1.0,1,1.0,1.0,1.0,1.0,1.0,1.0,1.0,0.0,0.0,0.0,1.0,1.0,1.0,317750,476625,1.0,SOM-a_33_n125_m12.txt
125,7750,278.416,True,1,1,1.0,1.0,1,1.0,1.0,1.0,1.0,1.0,1.0,1.0,0.0,0.0,0.0,1.0,1.0,1.0,317750,476625,1.0,SOM-a_34_n125_m12.txt
125,7750,280.12,True,1,1,1.0,1.0,1,1.0,1.0,1.0,1.0,1.0,1.0,1.0,0.0,0.0,0.0,1.0,1.0,1.0,317750,476625,1.0,SOM-a_35_n125_m12.txt
125,7750,278.976,True,1,1,1.0,1.0,1,1.0,1.0,1.0,1.0,1.0,1.0,1.0,0.0,0.0,0.0,1.0,1.0,1.0,317750,476625,1.0,SOM-a_36_n125_m37.txt
125,7750,277.688,True,1,1,1.0,1.0,1,1.0,1.0,1.0,1.0,1.0,1.0,1.0,0.0,0.0,0.0,1.0,1.0,1.0,317750,476625,1.0,SOM-a_37_n125_m37.txt
125,7750,277.472,True,1,1,1.0,1.0,1,1.0,1.0,1.0,1.0,1.0,1.0,1.0,0.0,0.0,0.0,1.0,1.0,1.0,317750,476625,1.0,SOM-a_38_n125_m37.txt
125,7750,277.912,True,1,1,1.0,1.0,1,1.0,1.0,1.0,1.0,1.0,1.0,1.0,0.0,0.0,0.0,1.0,1.0,1.0,317750,476625,1.0,SOM-a_39_n125_m37.txt
25,300,56.48,True,1,1,1.0,1.0,1,1.0,1.0,1.0,1.0,1.0,1.0,1.0,0.0,0.0,0.0,1.0,1.0,1.0,2300,3450,1.0,SOM-a_3_n25_m2.txt
125,7750,278.128,True,1,1,1.0,1.0,1,1.0,1.0,1.0,1.0,1.0,1.0,1.0,0.0,0.0,0.0,1.0,1.0,1.0,317750,476625,1.0,SOM-a_40_n125_m37.txt
150,11175,336.43333333333334,True,1,1,1.0,1.0,1,1.0,1.0,1.0,1.0,1.0,1.0,1.0,0.0,0.0,0.0,1.0,1.0,1.0,551300,826950,1.0,SOM-a_41_n150_m15.txt
150,11175,337.02,True,1,1,1.0,1.0,1,1.0,1.0,1.0,1.0,1.0,1.0,1.0,0.0,0.0,0.0,1.0,1.0,1.0,551300,826950,1.0,SOM-a_42_n150_m15.txt
150,11175,338.22,True,1,1,1.0,1.0,1,1.0,1.0,1.0,1.0,1.0,1.0,1.0,0.0,0.0,0.0,1.0,1.0,1.0,551300,826950,1.0,SOM-a_43_n150_m15.txt
150,11175,337.46,True,1,1,1.0,1.0,1,1.0,1.0,1.0,1.0,1.0,1.0,1.0,0.0,0.0,0.0,1.0,1.0,1.0,551300,826950,1.0,SOM-a_44_n150_m15.txt
150,11175,330.06666666666666,True,1,1,1.0,1.0,1,1.0,1.0,1.0,1.0,1.0,1.0,1.0,0.0,0.0,0.0,1.0,1.0,1.0,551300,826950,1.0,SOM-a_45_n150_m15.txt
150,11175,331.5133333333333,True,1,1,1.0,1.0,1,1.0,1.0,1.0,1.0,1.0,1.0,1.0,0.0,0.0,0.0,1.0,1.0,1.0,551300,826950,1.0,SOM-a_46_n150_m45.txt
150,11175,333.85333333333335,True,1,1,1.0,1.0,1,1.0,1.0,1.0,1.0,1.0,1.0,1.0,0.0,0.0,0.0,1.0,1.0,1.0,551300,826950,1.0,SOM-a_47_n150_m45.txt
150,11175,334.03333333333336,True,1,1,1.0,1.0,1,1.0,1.0,1.0,1.0,1.0,1.0,1.0,0.0,0.0,0.0,1.0,1.0,1.0,551300,826950,1.0,SOM-a_48_n150_m45.txt
150,11175,334.66,True,1,1,1.0,1.0,1,1.0,1.0,1.0,1.0,1.0,1.0,1.0,0.0,0.0,0.0,1.0,1.0,1.0,551300,826950,1.0,SOM-a_49_n150_m45.txt
25,300,54.72,True,1,1,1.0,1.0,1,1.0,1.0,1.0,1.0,1.0,1.0,1.0,0.0,0.0,0.0,1.0,1.0,1.0,2300,3450,1.0,SOM-a_4_n25_m2.txt
150,11175,337.24666666666667,True,1,1,1.0,1.0,1,1.0,1.0,1.0,1.0,1.0,1.0,1.0,0.0,0.0,0.0,1.0,1.0,1.0,551300,826950,1.0,SOM-a_50_n150_m45.txt
25,300,56.0,True,1,1,1.0,1.0,1,1.0,1.0,1.0,1.0,1.0,1.0,1.0,0.0,0.0,0.0,1.0,1.0,1.0,2300,3450,1.0,SOM-a_5_n25_m2.txt
25,300,53.92,True,1,1,1.0,1.0,1,1.0,1.0,1.0,1.0,1.0,1.0,1.0,0.0,0.0,0.0,1.0,1.0,1.0,2300,3450,1.0,SOM-a_6_n25_m7.txt
25,300,54.92,True,1,1,1.0,1.0,1,1.0,1.0,1.0,1.0,1.0,1.0,1.0,0.0,0.0,0.0,1.0,1.0,1.0,2300,3450,1.0,SOM-a_7_n25_m7.txt
25,300,53.32,True,1,1,1.0,1.0,1,1.0,1.0,1.0,1.0,1.0,1.0,1.0,0.0,0.0,0.0,1.0,1.0,1.0,2300,3450,1.0,SOM-a_8_n25_m7.txt
25,300,55.92,True,1,1,1.0,1.0,1,1.0,1.0,1.0,1.0,1.0,1.0,1.0,0.0,0.0,0.0,1.0,1.0,1.0,2300,3450,1.0,SOM-a_9_n25_m7.txt
300,44850,671.72,True,1,1,1.0,1.0,1,1.0,1.0,1.0,1.0,1.0,1.0,1.0,0.0,0.0,0.0,1.0,1.0,1.0,4455100,6682650,1.0,SOM-b_10_n300_m60.txt
300,44850,672.1166666666667,True,1,1,1.0,1.0,1,1.0,1.0,1.0,1.0,1.0,1.0,1.0,0.0,0.0,0.0,1.0,1.0,1.0,4455100,6682650,1.0,SOM-b_11_n300_m90.txt
300,44850,674.7966666666666,True,1,1,1.0,1.0,1,1.0,1.0,1.0,1.0,1.0,1.0,1.0,0.0,0.0,0.0,1.0,1.0,1.0,4455100,6682650,1.0,SOM-b_12_n300_m120.txt
400,79800,896.6175,True,1,1,1.0,1.0,1,1.0,1.0,1.0,1.0,1.0,1.0,1.0,0.0,0.0,0.0,1.0,1.0,1.0,10586800,15880200,1.0,SOM-b_13_n400_m40.txt
400,79800,899.6875,True,1,1,1.0,1.0,1,1.0,1.0,1.0,1.0,1.0,1.0,1.0,0.0,0.0,0.0,1.0,1.0,1.0,10586800,15880200,1.0,SOM-b_14_n400_m80.txt
400,79800,898.67,True,1,1,1.0,1.0,1,1.0,1.0,1.0,1.0,1.0,1.0,1.0,0.0,0.0,0.0,1.0,1.0,1.0,10586800,15880200,1.0,SOM-b_15_n400_m120.txt
400,79800,897.9525,True,1,1,1.0,1.0,1,1.0,1.0,1.0,1.0,1.0,1.0,1.0,0.0,0.0,0.0,1.0,1.0,1.0,10586800,15880200,1.0,SOM-b_16_n400_m160.txt
500,124750,1120.99,True,1,1,1.0,1.0,1,1.0,0.9999999999999999,0.9999999999999999,0.9999999999999999,1.0,1.0,1.0,0.0,0.0,0.0,1.0,1.0,1.0,20708500,31062750,1.0,SOM-b_17_n500_m50.txt
500,124750,1125.316,True,1,1,1.0,1.0,1,1.0,0.9999999999999999,0.9999999999999999,0.9999999999999999,1.0,1.0,1.0,0.0,0.0,0.0,1.0,1.0,1.0,20708500,31062750,1.0,SOM-b_18_n500_m100.txt
500,124750,1124.268,True,1,1,1.0,1.0,1,1.0,0.9999999999999999,0.9999999999999999,0.9999999999999999,1.0,1.0,1.0,0.0,0.0,0.0,1.0,1.0,1.0,20708500,31062750,1.0,SOM-b_19_n500_m150.txt
100,4950,217.73,True,1,1,1.0,1.0,1,1.0,1.0,1.0,1.0,1.0,1.0,1.0,0.0,0.0,0.0,1.0,1.0,1.0,161700,242550,1.0,SOM-b_1_n100_m10.txt
500,124750,1122.09,True,1,1,1.0,1.0,1,1.0,0.9999999999999999,0.9999999999999999,0.9999999999999999,1.0,1.0,1.0,0.0,0.0,0.0,1.0,1.0,1.0,20708500,31062750,1.0,SOM-b_20_n500_m200.txt
100,4950,222.05,True,1,1,1.0,1.0,1,1.0,1.0,1.0,1.0,1.0,1.0,1.0,0.0,0.0,0.0,1.0,1.0,1.0,161700,242550,1.0,SOM-b_2_n100_m20.txt
100,4950,219.23,True,1,1,1.0,1.0,1,1.0,1.0,1.0,1.0,1.0,1.0,1.0,0.0,0.0,0.0,1.0,1.0,1.0,161700,242550,1.0,SOM-b_3_n100_m30.txt
100,4950,221.22,True,1,1,1.0,1.0,1,1.0,1.0,1.0,1.0,1.0,1.0,1.0,0.0,0.0,0.0,1.0,1.0,1.0,161700,242550,1.0,SOM-b_4_n100_m40.txt
200,19900,447.94,True,1,1,1.0,1.0,1,1.0,1.0,1.0,1.0,1.0,1.0,1.0,0.0,0.0,0.0,1.0,1.0,1.0,1313400,1970100,1.0,SOM-b_5_n200_m20.txt
200,19900,447.57,True,1,1,1.0,1.0,1,1.0,1.0,1.0,1.0,1.0,1.0,1.0,0.0,0.0,0.0,1.0,1.0,1.0,1313400,1970100,1.0,SOM-b_6_n200_m40.txt
200,19900,444.215,True,1,1,1.0,1.0,1,1.0,1.0,1.0,1.0,1.0,1.0,1.0,0.0,0.0,0.0,1.0,1.0,1.0,1313400,1970100,1.0,SOM-b_7_n200_m60.txt
200,19900,449.165,True,1,1,1.0,1.0,1,1.0,1.0,1.0,1.0,1.0,1.0,1.0,0.0,0.0,0.0,1.0,1.0,1.0,1313400,1970100,1.0,SOM-b_8_n200_m80.txt
300,44850,673.39,True,1,1,1.0,1.0,1,1.0,1.0,1.0,1.0,1.0,1.0,1.0,0.0,0.0,0.0,1.0,1.0,1.0,4455100,6682650,1.0,SOM-b_9_n300_m30.txt
