Vértices,0,1,2,3,4,5,6,7,8,9,10,11,12,13,14,15,16,17,18,19,20,21,22,23,24,25,26,27,28,29,30,31,32,33,34,35,36,37,38,39,40,41,42,43,44,45,46,47,48,49,50,51,52,53,54,55,56,57,58,59,60,61,62,63,64,65,66,67,68,69,70,71,72,73,74,75,76,77,78,79,80,81,82,83,84,85,86,87,88,89,90,91,92,93,94,95,96,97,98,99,Grau (Ponderado),Número de Vizinhos,Soma dos Pesos das Arestas,Peso Médio das Arestas,Desvio Padrão dos Pesos,Peso Máximo das Arestas,Peso Mínimo das Arestas,Densidade Local,Conjuntos
0,0.0,0.0,3.0,4.0,7.0,9.0,2.0,2.0,4.0,1.0,7.0,9.0,9.0,5.0,1.0,9.0,9.0,5.0,7.0,1.0,4.0,3.0,9.0,0.0,2.0,4.0,2.0,9.0,3.0,6.0,6.0,7.0,3.0,8.0,7.0,5.0,9.0,7.0,0.0,1.0,1.0,2.0,4.0,3.0,5.0,2.0,0.0,4.0,5.0,5.0,7.0,4.0,3.0,4.0,2.0,5.0,4.0,1.0,6.0,5.0,7.0,7.0,7.0,7.0,8.0,7.0,9.0,8.0,5.0,8.0,3.0,5.0,7.0,7.0,0.0,8.0,3.0,2.0,9.0,2.0,9.0,1.0,5.0,0.0,6.0,9.0,6.0,3.0,0.0,9.0,2.0,8.0,1.0,0.0,0.0,0.0,1.0,2.0,3.0,4.0,449.0,89,449.0,5.044943820224719,2.6304616263367824,9.0,1.0,0.4445576688680669,1
1,0.0,0.0,2.0,5.0,4.0,7.0,1.0,3.0,2.0,6.0,6.0,2.0,1.0,1.0,6.0,1.0,4.0,2.0,3.0,3.0,8.0,4.0,8.0,2.0,2.0,5.0,6.0,1.0,9.0,7.0,4.0,6.0,4.0,5.0,0.0,9.0,9.0,3.0,7.0,2.0,9.0,1.0,2.0,6.0,8.0,0.0,9.0,2.0,4.0,7.0,7.0,8.0,9.0,6.0,3.0,3.0,8.0,9.0,2.0,0.0,3.0,2.0,7.0,2.0,7.0,9.0,1.0,8.0,2.0,0.0,2.0,7.0,7.0,7.0,1.0,6.0,0.0,5.0,2.0,5.0,5.0,5.0,9.0,1.0,8.0,2.0,0.0,7.0,7.0,7.0,9.0,6.0,4.0,2.0,9.0,6.0,0.0,6.0,0.0,8.0,447.0,90,447.0,4.966666666666667,2.672701504720146,9.0,1.0,0.4356061947499938,1
2,3.0,2.0,0.0,1.0,9.0,0.0,8.0,2.0,8.0,0.0,1.0,6.0,8.0,0.0,8.0,0.0,7.0,4.0,0.0,5.0,2.0,4.0,0.0,7.0,9.0,9.0,0.0,0.0,7.0,5.0,9.0,3.0,9.0,1.0,9.0,9.0,5.0,8.0,9.0,0.0,0.0,9.0,0.0,5.0,7.0,5.0,2.0,4.0,8.0,2.0,3.0,9.0,9.0,1.0,8.0,7.0,4.0,0.0,0.0,3.0,4.0,0.0,9.0,9.0,0.0,2.0,4.0,7.0,2.0,9.0,1.0,8.0,9.0,0.0,1.0,6.0,0.0,6.0,1.0,7.0,1.0,9.0,4.0,8.0,5.0,7.0,3.0,0.0,4.0,6.0,5.0,1.0,4.0,6.0,7.0,3.0,3.0,1.0,2.0,9.0,436.0,81,436.0,5.382716049382716,2.8352625294194667,9.0,1.0,0.45813508303979933,1
3,4.0,5.0,1.0,0.0,4.0,0.0,0.0,8.0,6.0,7.0,3.0,8.0,1.0,1.0,3.0,5.0,8.0,0.0,2.0,1.0,8.0,2.0,5.0,7.0,3.0,7.0,1.0,3.0,4.0,9.0,6.0,2.0,9.0,2.0,3.0,1.0,6.0,6.0,7.0,9.0,5.0,1.0,3.0,4.0,4.0,2.0,4.0,6.0,0.0,1.0,5.0,9.0,4.0,1.0,5.0,9.0,1.0,7.0,6.0,2.0,9.0,1.0,3.0,4.0,5.0,4.0,6.0,1.0,2.0,7.0,4.0,6.0,9.0,1.0,1.0,7.0,3.0,2.0,0.0,9.0,5.0,7.0,7.0,2.0,9.0,6.0,0.0,5.0,3.0,2.0,4.0,9.0,6.0,2.0,1.0,3.0,0.0,6.0,1.0,1.0,409.0,92,409.0,4.445652173913044,2.630771627731659,9.0,1.0,0.39852248329291945,1
4,7.0,4.0,9.0,4.0,0.0,9.0,2.0,1.0,4.0,4.0,0.0,7.0,1.0,4.0,3.0,8.0,4.0,0.0,8.0,5.0,1.0,6.0,1.0,8.0,6.0,9.0,3.0,9.0,8.0,0.0,8.0,2.0,2.0,8.0,8.0,0.0,5.0,4.0,8.0,3.0,5.0,7.0,6.0,4.0,7.0,1.0,7.0,6.0,2.0,0.0,5.0,3.0,1.0,7.0,2.0,9.0,2.0,0.0,8.0,5.0,4.0,3.0,5.0,8.0,3.0,5.0,7.0,0.0,2.0,3.0,9.0,2.0,9.0,6.0,4.0,7.0,9.0,5.0,7.0,4.0,9.0,5.0,6.0,2.0,6.0,2.0,0.0,6.0,0.0,2.0,0.0,6.0,3.0,3.0,8.0,5.0,2.0,6.0,2.0,9.0,454.0,89,454.0,5.101123595505618,2.5175560818328537,9.0,1.0,0.4487534894965888,1
5,9.0,7.0,0.0,0.0,9.0,0.0,8.0,0.0,3.0,6.0,1.0,1.0,7.0,1.0,7.0,1.0,3.0,3.0,3.0,2.0,1.0,6.0,9.0,2.0,9.0,6.0,6.0,0.0,2.0,1.0,9.0,8.0,6.0,6.0,9.0,8.0,7.0,5.0,6.0,5.0,4.0,9.0,2.0,1.0,0.0,9.0,3.0,9.0,8.0,8.0,1.0,8.0,9.0,1.0,5.0,5.0,8.0,5.0,8.0,2.0,4.0,9.0,2.0,9.0,9.0,2.0,1.0,4.0,3.0,9.0,6.0,3.0,5.0,8.0,9.0,0.0,4.0,3.0,0.0,6.0,4.0,1.0,6.0,5.0,2.0,7.0,4.0,2.0,7.0,6.0,1.0,7.0,5.0,1.0,3.0,4.0,5.0,5.0,0.0,9.0,467.0,91,467.0,5.131868131868132,2.7861856679010804,9.0,1.0,0.4430665181193225,1
6,2.0,1.0,8.0,0.0,2.0,8.0,0.0,2.0,1.0,4.0,0.0,9.0,2.0,7.0,0.0,7.0,6.0,9.0,7.0,6.0,0.0,6.0,1.0,6.0,1.0,1.0,5.0,9.0,3.0,6.0,9.0,6.0,2.0,9.0,0.0,5.0,1.0,4.0,3.0,6.0,2.0,3.0,1.0,7.0,9.0,3.0,9.0,1.0,3.0,1.0,8.0,6.0,5.0,7.0,9.0,3.0,2.0,1.0,6.0,8.0,4.0,6.0,6.0,8.0,4.0,2.0,1.0,8.0,8.0,8.0,4.0,1.0,5.0,5.0,9.0,0.0,1.0,7.0,0.0,6.0,7.0,2.0,5.0,3.0,4.0,3.0,8.0,8.0,9.0,4.0,3.0,2.0,9.0,0.0,7.0,0.0,9.0,9.0,2.0,5.0,450.0,90,450.0,5.0,2.772884579078056,9.0,1.0,0.43593836534076763,1
7,2.0,3.0,2.0,8.0,1.0,0.0,2.0,0.0,3.0,9.0,4.0,6.0,5.0,7.0,6.0,4.0,0.0,8.0,3.0,3.0,4.0,9.0,1.0,8.0,3.0,4.0,5.0,1.0,2.0,6.0,3.0,7.0,9.0,0.0,5.0,6.0,0.0,5.0,7.0,4.0,8.0,0.0,9.0,2.0,9.0,0.0,2.0,7.0,3.0,5.0,2.0,5.0,0.0,5.0,8.0,9.0,3.0,8.0,7.0,7.0,2.0,5.0,0.0,4.0,0.0,6.0,1.0,4.0,6.0,6.0,6.0,9.0,4.0,1.0,7.0,0.0,3.0,5.0,7.0,5.0,7.0,0.0,1.0,8.0,9.0,1.0,8.0,9.0,1.0,7.0,3.0,0.0,8.0,9.0,3.0,6.0,8.0,2.0,8.0,2.0,445.0,87,445.0,5.114942528735632,2.5749691990405243,9.0,1.0,0.4491145021080178,1
8,4.0,2.0,8.0,6.0,4.0,3.0,1.0,3.0,0.0,9.0,0.0,8.0,1.0,1.0,2.0,3.0,9.0,1.0,6.0,8.0,2.0,6.0,0.0,8.0,6.0,7.0,0.0,5.0,3.0,0.0,5.0,5.0,0.0,1.0,9.0,3.0,1.0,5.0,5.0,8.0,4.0,3.0,1.0,1.0,7.0,0.0,1.0,8.0,9.0,7.0,5.0,0.0,5.0,2.0,3.0,5.0,6.0,1.0,2.0,1.0,8.0,4.0,4.0,0.0,3.0,8.0,8.0,2.0,9.0,2.0,7.0,4.0,2.0,4.0,5.0,7.0,5.0,4.0,6.0,0.0,6.0,2.0,8.0,3.0,3.0,3.0,9.0,2.0,2.0,5.0,6.0,4.0,1.0,1.0,0.0,7.0,4.0,8.0,4.0,5.0,404.0,89,404.0,4.53932584269663,2.5309596695488286,9.0,1.0,0.4087544580936217,1
9,1.0,6.0,0.0,7.0,4.0,6.0,4.0,9.0,9.0,0.0,0.0,2.0,9.0,4.0,7.0,9.0,7.0,5.0,8.0,2.0,0.0,4.0,5.0,2.0,5.0,0.0,0.0,4.0,5.0,3.0,0.0,7.0,2.0,1.0,3.0,8.0,5.0,1.0,1.0,3.0,5.0,4.0,4.0,2.0,9.0,5.0,6.0,7.0,0.0,0.0,2.0,2.0,0.0,6.0,5.0,1.0,7.0,2.0,2.0,3.0,8.0,0.0,5.0,4.0,0.0,6.0,3.0,1.0,6.0,4.0,4.0,2.0,4.0,8.0,0.0,4.0,3.0,7.0,0.0,1.0,2.0,1.0,1.0,6.0,5.0,4.0,3.0,9.0,8.0,4.0,5.0,7.0,5.0,2.0,7.0,7.0,5.0,6.0,0.0,2.0,389.0,85,389.0,4.576470588235294,2.3683027955664557,9.0,1.0,0.42102914519421103,1
10,7.0,6.0,1.0,3.0,0.0,1.0,0.0,4.0,0.0,0.0,0.0,3.0,1.0,0.0,9.0,5.0,5.0,0.0,4.0,5.0,3.0,3.0,7.0,4.0,3.0,1.0,2.0,4.0,2.0,4.0,4.0,6.0,5.0,9.0,2.0,0.0,1.0,8.0,0.0,2.0,0.0,6.0,2.0,3.0,8.0,3.0,0.0,4.0,5.0,0.0,9.0,2.0,8.0,3.0,5.0,5.0,3.0,8.0,7.0,2.0,5.0,7.0,9.0,1.0,7.0,0.0,1.0,8.0,6.0,5.0,2.0,1.0,7.0,3.0,2.0,8.0,3.0,7.0,0.0,4.0,8.0,1.0,5.0,8.0,9.0,8.0,1.0,6.0,5.0,6.0,2.0,0.0,5.0,6.0,1.0,9.0,5.0,8.0,8.0,7.0,401.0,85,401.0,4.7176470588235295,2.532665485939235,9.0,1.0,0.4228564724120693,1
11,9.0,2.0,6.0,8.0,7.0,1.0,9.0,6.0,8.0,2.0,3.0,0.0,3.0,4.0,3.0,1.0,0.0,1.0,8.0,6.0,6.0,5.0,3.0,4.0,0.0,9.0,8.0,3.0,2.0,8.0,1.0,6.0,3.0,6.0,0.0,9.0,8.0,4.0,2.0,7.0,0.0,7.0,5.0,6.0,2.0,9.0,3.0,5.0,7.0,8.0,3.0,2.0,1.0,4.0,7.0,0.0,9.0,4.0,0.0,5.0,9.0,5.0,8.0,8.0,6.0,9.0,4.0,3.0,2.0,5.0,7.0,0.0,0.0,7.0,4.0,2.0,3.0,1.0,9.0,6.0,0.0,1.0,8.0,2.0,3.0,1.0,7.0,1.0,1.0,9.0,2.0,8.0,1.0,8.0,5.0,1.0,9.0,0.0,3.0,9.0,445.0,89,445.0,5.0,2.7600683919225424,9.0,1.0,0.43328762791041725,1
12,9.0,1.0,8.0,1.0,1.0,7.0,2.0,5.0,1.0,9.0,1.0,3.0,0.0,7.0,5.0,7.0,7.0,1.0,9.0,5.0,0.0,7.0,0.0,9.0,3.0,9.0,4.0,8.0,4.0,1.0,6.0,7.0,1.0,5.0,5.0,8.0,8.0,9.0,1.0,8.0,9.0,8.0,8.0,4.0,9.0,8.0,2.0,8.0,4.0,5.0,1.0,5.0,4.0,2.0,7.0,1.0,7.0,1.0,2.0,0.0,5.0,4.0,6.0,3.0,0.0,9.0,3.0,6.0,3.0,6.0,7.0,3.0,1.0,9.0,3.0,7.0,2.0,0.0,8.0,1.0,4.0,5.0,9.0,3.0,3.0,4.0,4.0,7.0,7.0,6.0,4.0,6.0,1.0,2.0,3.0,1.0,1.0,6.0,0.0,6.0,455.0,93,455.0,4.89247311827957,2.737483207947311,9.0,1.0,0.42647696970801946,1
13,5.0,1.0,0.0,1.0,4.0,1.0,7.0,7.0,1.0,4.0,0.0,4.0,7.0,0.0,6.0,4.0,8.0,8.0,8.0,3.0,0.0,9.0,1.0,4.0,4.0,9.0,1.0,2.0,2.0,2.0,1.0,3.0,6.0,6.0,3.0,3.0,7.0,0.0,8.0,5.0,0.0,8.0,0.0,6.0,9.0,9.0,3.0,6.0,6.0,5.0,4.0,5.0,8.0,8.0,2.0,7.0,8.0,8.0,5.0,8.0,9.0,4.0,6.0,0.0,1.0,5.0,8.0,1.0,8.0,7.0,2.0,6.0,9.0,1.0,6.0,8.0,3.0,7.0,0.0,2.0,0.0,1.0,5.0,6.0,4.0,1.0,3.0,8.0,4.0,8.0,4.0,0.0,7.0,9.0,3.0,1.0,2.0,0.0,8.0,3.0,440.0,88,440.0,5.0,2.6457513110645907,9.0,1.0,0.44035358524334167,2
14,1.0,6.0,8.0,3.0,3.0,7.0,0.0,6.0,2.0,7.0,9.0,3.0,5.0,6.0,0.0,5.0,9.0,6.0,0.0,2.0,5.0,8.0,4.0,4.0,6.0,9.0,1.0,4.0,4.0,9.0,1.0,4.0,6.0,1.0,5.0,1.0,8.0,4.0,5.0,0.0,6.0,1.0,3.0,7.0,3.0,4.0,7.0,2.0,0.0,8.0,5.0,1.0,8.0,3.0,3.0,4.0,5.0,3.0,8.0,0.0,2.0,6.0,4.0,8.0,5.0,6.0,5.0,9.0,8.0,1.0,6.0,5.0,4.0,8.0,1.0,7.0,9.0,9.0,4.0,5.0,1.0,4.0,8.0,5.0,4.0,7.0,5.0,2.0,8.0,4.0,1.0,6.0,1.0,8.0,9.0,6.0,5.0,0.0,8.0,0.0,462.0,92,462.0,5.021739130434782,2.475876045527448,9.0,1.0,0.4440995247877122,2
15,9.0,1.0,0.0,5.0,8.0,1.0,7.0,4.0,3.0,9.0,5.0,1.0,7.0,4.0,5.0,0.0,9.0,5.0,4.0,3.0,1.0,0.0,9.0,1.0,4.0,9.0,8.0,5.0,2.0,7.0,9.0,7.0,8.0,4.0,7.0,3.0,4.0,1.0,8.0,7.0,7.0,0.0,2.0,7.0,1.0,1.0,8.0,6.0,7.0,4.0,5.0,7.0,2.0,4.0,4.0,1.0,4.0,4.0,3.0,5.0,3.0,3.0,3.0,0.0,3.0,9.0,2.0,8.0,4.0,9.0,4.0,6.0,3.0,1.0,3.0,5.0,8.0,7.0,8.0,5.0,5.0,7.0,7.0,3.0,3.0,9.0,7.0,7.0,7.0,6.0,0.0,1.0,4.0,0.0,3.0,1.0,8.0,2.0,4.0,9.0,463.0,93,463.0,4.978494623655914,2.5651866754836035,9.0,1.0,0.43966138258596277,1
16,9.0,4.0,7.0,8.0,4.0,3.0,6.0,0.0,9.0,7.0,5.0,0.0,7.0,8.0,9.0,9.0,0.0,7.0,0.0,5.0,8.0,7.0,9.0,2.0,9.0,2.0,6.0,2.0,5.0,1.0,3.0,4.0,5.0,8.0,5.0,3.0,8.0,1.0,3.0,3.0,6.0,9.0,0.0,3.0,5.0,4.0,6.0,9.0,8.0,9.0,4.0,0.0,7.0,8.0,1.0,2.0,4.0,9.0,4.0,0.0,0.0,6.0,2.0,7.0,1.0,5.0,9.0,7.0,1.0,7.0,0.0,3.0,1.0,2.0,0.0,9.0,5.0,5.0,5.0,2.0,6.0,2.0,8.0,8.0,2.0,7.0,4.0,7.0,9.0,0.0,0.0,4.0,2.0,8.0,0.0,6.0,2.0,3.0,6.0,9.0,469.0,87,469.0,5.390804597701149,2.601309669435898,9.0,1.0,0.4669339721882955,2
17,5.0,2.0,4.0,0.0,0.0,3.0,9.0,8.0,1.0,5.0,0.0,1.0,1.0,8.0,6.0,5.0,7.0,0.0,4.0,2.0,5.0,1.0,1.0,8.0,5.0,4.0,4.0,0.0,2.0,3.0,1.0,1.0,2.0,9.0,2.0,1.0,2.0,8.0,5.0,0.0,0.0,7.0,1.0,8.0,3.0,5.0,9.0,6.0,9.0,3.0,6.0,6.0,2.0,0.0,9.0,7.0,6.0,6.0,5.0,2.0,7.0,8.0,3.0,2.0,0.0,6.0,0.0,0.0,3.0,9.0,1.0,8.0,8.0,4.0,6.0,0.0,2.0,7.0,3.0,9.0,7.0,6.0,9.0,5.0,5.0,0.0,4.0,0.0,9.0,2.0,4.0,7.0,2.0,5.0,8.0,6.0,8.0,5.0,6.0,3.0,422.0,86,422.0,4.906976744186046,2.5952904886330934,9.0,1.0,0.4326291755783244,1
18,7.0,3.0,0.0,2.0,8.0,3.0,7.0,3.0,6.0,8.0,4.0,8.0,9.0,8.0,0.0,4.0,0.0,4.0,0.0,4.0,3.0,7.0,9.0,3.0,2.0,2.0,0.0,5.0,1.0,4.0,9.0,4.0,0.0,3.0,2.0,3.0,5.0,2.0,6.0,1.0,4.0,0.0,4.0,6.0,4.0,5.0,2.0,1.0,4.0,5.0,8.0,9.0,5.0,2.0,5.0,5.0,1.0,7.0,9.0,3.0,3.0,8.0,8.0,2.0,7.0,6.0,4.0,0.0,1.0,4.0,4.0,9.0,4.0,8.0,0.0,1.0,6.0,0.0,3.0,9.0,1.0,2.0,6.0,7.0,1.0,9.0,9.0,7.0,2.0,0.0,3.0,5.0,2.0,0.0,9.0,4.0,4.0,7.0,0.0,8.0,421.0,87,421.0,4.839080459770115,2.545555347661681,9.0,1.0,0.43308699904816816,1
19,1.0,3.0,5.0,1.0,5.0,2.0,6.0,3.0,8.0,2.0,5.0,6.0,5.0,3.0,2.0,3.0,5.0,2.0,4.0,0.0,2.0,6.0,7.0,0.0,7.0,5.0,4.0,1.0,9.0,3.0,9.0,0.0,9.0,2.0,5.0,8.0,9.0,5.0,8.0,7.0,8.0,0.0,0.0,1.0,8.0,1.0,1.0,8.0,4.0,0.0,4.0,8.0,1.0,2.0,6.0,3.0,9.0,5.0,3.0,2.0,1.0,3.0,0.0,3.0,3.0,7.0,7.0,6.0,5.0,4.0,1.0,1.0,6.0,8.0,5.0,5.0,6.0,6.0,0.0,0.0,3.0,5.0,0.0,8.0,6.0,7.0,5.0,0.0,3.0,8.0,4.0,3.0,4.0,1.0,3.0,7.0,6.0,2.0,1.0,3.0,407.0,89,407.0,4.573033707865169,2.444381957912296,9.0,1.0,0.415368313818953,1
20,4.0,8.0,2.0,8.0,1.0,1.0,0.0,4.0,2.0,0.0,3.0,6.0,0.0,0.0,5.0,1.0,8.0,5.0,3.0,2.0,0.0,9.0,9.0,3.0,4.0,8.0,1.0,1.0,5.0,2.0,1.0,9.0,8.0,2.0,4.0,7.0,1.0,6.0,0.0,0.0,3.0,1.0,0.0,0.0,2.0,5.0,0.0,6.0,6.0,2.0,7.0,0.0,0.0,8.0,2.0,4.0,9.0,6.0,4.0,1.0,1.0,5.0,8.0,5.0,7.0,8.0,1.0,4.0,3.0,9.0,2.0,2.0,1.0,2.0,9.0,9.0,3.0,3.0,1.0,5.0,8.0,6.0,1.0,8.0,4.0,3.0,9.0,5.0,0.0,3.0,6.0,8.0,6.0,4.0,1.0,5.0,9.0,1.0,4.0,3.0,391.0,87,391.0,4.494252873563219,2.7244046622411227,9.0,1.0,0.4032802881886586,1
21,3.0,4.0,4.0,2.0,6.0,6.0,6.0,9.0,6.0,4.0,3.0,5.0,7.0,9.0,8.0,0.0,7.0,1.0,7.0,6.0,9.0,0.0,9.0,8.0,9.0,4.0,7.0,7.0,5.0,2.0,9.0,5.0,2.0,5.0,0.0,7.0,0.0,3.0,9.0,5.0,9.0,3.0,4.0,0.0,1.0,9.0,0.0,7.0,5.0,9.0,1.0,3.0,9.0,5.0,2.0,4.0,6.0,6.0,4.0,8.0,2.0,9.0,1.0,9.0,3.0,3.0,2.0,9.0,8.0,8.0,6.0,1.0,2.0,7.0,4.0,8.0,1.0,9.0,0.0,6.0,0.0,9.0,7.0,6.0,8.0,1.0,5.0,8.0,6.0,1.0,9.0,7.0,1.0,4.0,6.0,0.0,5.0,6.0,6.0,9.0,505.0,91,505.0,5.549450549450549,2.6322753131991568,9.0,1.0,0.47515457481702467,2
22,9.0,8.0,0.0,5.0,1.0,9.0,1.0,1.0,0.0,5.0,7.0,3.0,0.0,1.0,4.0,9.0,9.0,1.0,9.0,7.0,9.0,9.0,0.0,9.0,5.0,5.0,2.0,3.0,9.0,8.0,9.0,7.0,8.0,8.0,2.0,7.0,6.0,2.0,0.0,9.0,4.0,2.0,0.0,4.0,4.0,5.0,0.0,4.0,4.0,3.0,5.0,1.0,9.0,9.0,9.0,5.0,7.0,9.0,7.0,5.0,1.0,1.0,3.0,3.0,6.0,7.0,4.0,7.0,0.0,3.0,5.0,9.0,6.0,7.0,0.0,8.0,6.0,7.0,9.0,7.0,2.0,7.0,1.0,8.0,3.0,4.0,4.0,0.0,4.0,8.0,1.0,6.0,1.0,5.0,7.0,4.0,0.0,7.0,5.0,3.0,481.0,89,481.0,5.404494382022472,2.6929750522407203,9.0,1.0,0.46332078356346024,1
23,0.0,2.0,7.0,7.0,8.0,2.0,6.0,8.0,8.0,2.0,4.0,4.0,9.0,4.0,4.0,1.0,2.0,8.0,3.0,0.0,3.0,8.0,9.0,0.0,1.0,7.0,0.0,6.0,5.0,6.0,1.0,2.0,9.0,8.0,0.0,9.0,4.0,1.0,9.0,1.0,0.0,0.0,3.0,2.0,7.0,6.0,5.0,1.0,2.0,1.0,6.0,8.0,3.0,2.0,2.0,3.0,4.0,8.0,6.0,2.0,3.0,3.0,6.0,2.0,7.0,4.0,0.0,6.0,8.0,7.0,6.0,8.0,3.0,0.0,8.0,1.0,8.0,1.0,2.0,3.0,1.0,7.0,1.0,1.0,1.0,0.0,6.0,2.0,4.0,5.0,7.0,7.0,1.0,3.0,0.0,2.0,1.0,4.0,5.0,8.0,401.0,89,401.0,4.50561797752809,2.673732380553984,9.0,1.0,0.4036707235184236,1
24,2.0,2.0,9.0,3.0,6.0,9.0,1.0,3.0,6.0,5.0,3.0,0.0,3.0,4.0,6.0,4.0,9.0,5.0,2.0,7.0,4.0,9.0,5.0,1.0,0.0,4.0,2.0,3.0,1.0,8.0,5.0,9.0,2.0,8.0,4.0,8.0,2.0,2.0,3.0,8.0,4.0,2.0,2.0,7.0,9.0,8.0,0.0,0.0,8.0,2.0,0.0,2.0,5.0,8.0,0.0,1.0,4.0,3.0,5.0,7.0,4.0,7.0,1.0,7.0,3.0,1.0,3.0,6.0,5.0,7.0,1.0,5.0,2.0,2.0,1.0,5.0,8.0,2.0,3.0,3.0,6.0,7.0,6.0,4.0,9.0,0.0,6.0,4.0,6.0,7.0,1.0,4.0,3.0,3.0,7.0,4.0,3.0,6.0,1.0,5.0,422.0,93,422.0,4.537634408602151,2.460698125368569,9.0,1.0,0.4123531951482939,1
25,4.0,5.0,9.0,7.0,9.0,6.0,1.0,4.0,7.0,0.0,1.0,9.0,9.0,9.0,9.0,9.0,2.0,4.0,2.0,5.0,8.0,4.0,5.0,7.0,4.0,0.0,8.0,6.0,2.0,5.0,8.0,7.0,5.0,3.0,2.0,7.0,3.0,2.0,0.0,6.0,7.0,0.0,3.0,8.0,0.0,7.0,5.0,8.0,3.0,6.0,7.0,0.0,8.0,2.0,9.0,0.0,4.0,0.0,3.0,2.0,6.0,1.0,1.0,1.0,3.0,1.0,9.0,1.0,1.0,5.0,7.0,5.0,2.0,5.0,1.0,5.0,4.0,1.0,7.0,4.0,0.0,1.0,7.0,3.0,4.0,0.0,5.0,7.0,4.0,2.0,4.0,4.0,3.0,6.0,9.0,8.0,8.0,3.0,9.0,7.0,449.0,90,449.0,4.988888888888889,2.60552594155168,9.0,1.0,0.43967270723366897,1
26,2.0,6.0,0.0,1.0,3.0,6.0,5.0,5.0,0.0,0.0,2.0,8.0,4.0,1.0,1.0,8.0,6.0,4.0,0.0,4.0,1.0,7.0,2.0,0.0,2.0,8.0,0.0,5.0,4.0,7.0,1.0,0.0,2.0,0.0,9.0,1.0,8.0,6.0,2.0,6.0,4.0,2.0,1.0,8.0,3.0,8.0,7.0,0.0,0.0,4.0,3.0,4.0,9.0,9.0,1.0,6.0,2.0,3.0,6.0,3.0,9.0,8.0,7.0,0.0,8.0,4.0,3.0,1.0,8.0,8.0,6.0,1.0,9.0,0.0,5.0,5.0,7.0,6.0,3.0,5.0,9.0,4.0,3.0,8.0,9.0,4.0,6.0,5.0,8.0,7.0,6.0,0.0,5.0,7.0,2.0,2.0,0.0,8.0,2.0,9.0,427.0,86,427.0,4.965116279069767,2.607893538358,9.0,1.0,0.4392358370939052,1
27,9.0,1.0,0.0,3.0,9.0,0.0,9.0,1.0,5.0,4.0,4.0,3.0,8.0,2.0,4.0,5.0,2.0,0.0,5.0,1.0,1.0,7.0,3.0,6.0,3.0,6.0,5.0,0.0,1.0,1.0,4.0,1.0,1.0,6.0,5.0,7.0,3.0,4.0,9.0,8.0,9.0,0.0,1.0,0.0,7.0,4.0,2.0,4.0,0.0,1.0,2.0,1.0,1.0,1.0,9.0,6.0,6.0,2.0,4.0,7.0,2.0,0.0,4.0,7.0,7.0,3.0,7.0,8.0,3.0,8.0,6.0,6.0,8.0,5.0,3.0,2.0,2.0,7.0,5.0,8.0,7.0,1.0,2.0,8.0,5.0,2.0,2.0,1.0,1.0,6.0,9.0,9.0,2.0,5.0,8.0,6.0,3.0,8.0,7.0,7.0,423.0,92,423.0,4.5978260869565215,2.670530734617533,9.0,1.0,0.40892153450880403,1
28,3.0,9.0,7.0,4.0,8.0,2.0,3.0,2.0,3.0,5.0,2.0,2.0,4.0,2.0,4.0,2.0,5.0,2.0,1.0,9.0,5.0,5.0,9.0,5.0,1.0,2.0,4.0,1.0,0.0,8.0,4.0,0.0,9.0,9.0,1.0,1.0,2.0,4.0,1.0,8.0,1.0,4.0,3.0,9.0,9.0,3.0,3.0,4.0,3.0,5.0,2.0,3.0,5.0,2.0,4.0,0.0,3.0,1.0,0.0,7.0,5.0,1.0,3.0,7.0,7.0,4.0,5.0,5.0,8.0,1.0,0.0,0.0,6.0,1.0,2.0,3.0,8.0,6.0,5.0,0.0,3.0,1.0,4.0,3.0,8.0,4.0,1.0,3.0,8.0,4.0,3.0,4.0,9.0,3.0,1.0,4.0,4.0,7.0,3.0,0.0,383.0,92,383.0,4.163043478260869,2.4771879828663517,9.0,1.0,0.38402064330168334,1
29,6.0,7.0,5.0,9.0,0.0,1.0,6.0,6.0,0.0,3.0,4.0,8.0,1.0,2.0,9.0,7.0,1.0,3.0,4.0,3.0,2.0,2.0,8.0,6.0,8.0,5.0,7.0,1.0,8.0,0.0,2.0,9.0,6.0,7.0,8.0,6.0,1.0,1.0,3.0,3.0,7.0,3.0,3.0,6.0,0.0,6.0,7.0,1.0,3.0,4.0,6.0,0.0,3.0,0.0,6.0,6.0,3.0,0.0,5.0,7.0,8.0,7.0,5.0,0.0,0.0,8.0,5.0,1.0,6.0,3.0,5.0,3.0,4.0,4.0,7.0,0.0,3.0,2.0,9.0,3.0,0.0,7.0,0.0,5.0,3.0,5.0,4.0,3.0,7.0,7.0,0.0,8.0,6.0,8.0,1.0,8.0,2.0,1.0,9.0,2.0,423.0,87,423.0,4.862068965517241,2.4502986625049696,9.0,1.0,0.4335980131320838,1
30,6.0,4.0,9.0,6.0,8.0,9.0,9.0,3.0,5.0,0.0,4.0,1.0,6.0,1.0,1.0,9.0,3.0,1.0,9.0,9.0,1.0,9.0,9.0,1.0,5.0,8.0,1.0,4.0,4.0,2.0,0.0,0.0,5.0,2.0,5.0,6.0,6.0,7.0,6.0,7.0,7.0,0.0,3.0,9.0,4.0,4.0,8.0,4.0,6.0,0.0,0.0,1.0,1.0,5.0,1.0,7.0,0.0,3.0,6.0,4.0,2.0,5.0,9.0,4.0,5.0,5.0,0.0,4.0,4.0,1.0,1.0,4.0,0.0,1.0,6.0,6.0,6.0,8.0,1.0,1.0,0.0,5.0,1.0,5.0,2.0,1.0,0.0,8.0,0.0,1.0,1.0,6.0,6.0,0.0,3.0,1.0,6.0,9.0,9.0,4.0,405.0,87,405.0,4.655172413793103,2.7242106784990394,9.0,1.0,0.4098932203049612,1
31,7.0,6.0,3.0,2.0,2.0,8.0,6.0,7.0,5.0,7.0,6.0,6.0,7.0,3.0,4.0,7.0,4.0,1.0,4.0,0.0,9.0,5.0,7.0,2.0,9.0,7.0,0.0,1.0,0.0,9.0,0.0,0.0,3.0,8.0,1.0,6.0,3.0,3.0,3.0,1.0,3.0,7.0,7.0,2.0,4.0,7.0,6.0,8.0,8.0,0.0,9.0,9.0,8.0,6.0,9.0,5.0,8.0,4.0,9.0,4.0,3.0,8.0,2.0,5.0,5.0,3.0,5.0,5.0,4.0,9.0,5.0,5.0,3.0,0.0,5.0,1.0,1.0,0.0,5.0,5.0,5.0,4.0,1.0,3.0,4.0,6.0,9.0,8.0,8.0,3.0,5.0,2.0,3.0,3.0,1.0,4.0,7.0,1.0,8.0,4.0,463.0,92,463.0,5.032608695652174,2.447052739061925,9.0,1.0,0.4479285116886919,1
32,3.0,4.0,9.0,9.0,2.0,6.0,2.0,9.0,0.0,2.0,5.0,3.0,1.0,6.0,6.0,8.0,5.0,2.0,0.0,9.0,8.0,2.0,8.0,9.0,2.0,5.0,2.0,1.0,9.0,6.0,5.0,3.0,0.0,2.0,0.0,6.0,2.0,4.0,1.0,5.0,6.0,6.0,7.0,3.0,8.0,9.0,8.0,3.0,0.0,3.0,3.0,8.0,4.0,8.0,2.0,1.0,3.0,2.0,9.0,9.0,1.0,9.0,3.0,3.0,7.0,7.0,8.0,9.0,1.0,5.0,9.0,1.0,3.0,2.0,8.0,6.0,3.0,7.0,4.0,0.0,6.0,4.0,0.0,7.0,3.0,9.0,5.0,2.0,6.0,6.0,1.0,4.0,3.0,1.0,1.0,6.0,4.0,0.0,1.0,2.0,440.0,92,440.0,4.782608695652174,2.7219960984403313,9.0,1.0,0.42376123459317033,1
33,8.0,5.0,1.0,2.0,8.0,6.0,9.0,0.0,1.0,1.0,9.0,6.0,5.0,6.0,1.0,4.0,8.0,9.0,3.0,2.0,2.0,5.0,8.0,8.0,8.0,3.0,0.0,6.0,9.0,7.0,2.0,8.0,2.0,0.0,6.0,6.0,1.0,5.0,6.0,0.0,9.0,1.0,3.0,6.0,3.0,2.0,0.0,0.0,4.0,2.0,5.0,0.0,0.0,8.0,0.0,6.0,6.0,5.0,6.0,0.0,8.0,7.0,8.0,3.0,5.0,0.0,4.0,3.0,6.0,1.0,5.0,4.0,0.0,2.0,8.0,2.0,8.0,6.0,4.0,8.0,1.0,5.0,7.0,3.0,7.0,8.0,5.0,8.0,4.0,8.0,6.0,7.0,0.0,6.0,0.0,5.0,1.0,0.0,3.0,5.0,433.0,85,433.0,5.094117647058823,2.476351820541731,9.0,1.0,0.4497301052348071,1
34,7.0,0.0,9.0,3.0,8.0,9.0,0.0,5.0,9.0,3.0,2.0,0.0,5.0,3.0,5.0,7.0,5.0,2.0,2.0,5.0,4.0,0.0,2.0,0.0,4.0,2.0,9.0,5.0,1.0,8.0,5.0,1.0,0.0,6.0,0.0,9.0,1.0,0.0,0.0,2.0,8.0,8.0,2.0,9.0,0.0,1.0,2.0,6.0,0.0,3.0,6.0,1.0,5.0,0.0,6.0,5.0,1.0,1.0,5.0,7.0,2.0,1.0,8.0,9.0,3.0,7.0,3.0,7.0,8.0,7.0,1.0,4.0,3.0,2.0,6.0,0.0,4.0,2.0,5.0,6.0,0.0,4.0,0.0,5.0,4.0,2.0,9.0,3.0,1.0,5.0,1.0,3.0,9.0,5.0,3.0,9.0,7.0,0.0,1.0,5.0,388.0,84,388.0,4.619047619047619,2.6317871978705427,9.0,1.0,0.4119921364487897,1
35,5.0,9.0,9.0,1.0,0.0,8.0,5.0,6.0,3.0,8.0,0.0,9.0,8.0,3.0,1.0,3.0,3.0,1.0,3.0,8.0,7.0,7.0,7.0,9.0,8.0,7.0,1.0,7.0,1.0,6.0,6.0,6.0,6.0,6.0,9.0,0.0,7.0,8.0,1.0,0.0,4.0,3.0,4.0,7.0,5.0,0.0,7.0,9.0,4.0,3.0,8.0,2.0,6.0,7.0,4.0,2.0,5.0,2.0,8.0,4.0,6.0,4.0,0.0,1.0,0.0,4.0,6.0,1.0,3.0,9.0,8.0,3.0,2.0,8.0,4.0,3.0,3.0,5.0,1.0,6.0,7.0,9.0,8.0,9.0,9.0,4.0,5.0,8.0,8.0,9.0,1.0,0.0,8.0,6.0,1.0,2.0,6.0,6.0,3.0,1.0,483.0,92,483.0,5.25,2.6442102461958195,9.0,1.0,0.45443991461755295,1
36,9.0,9.0,5.0,6.0,5.0,7.0,1.0,0.0,1.0,5.0,1.0,8.0,8.0,7.0,8.0,4.0,8.0,2.0,5.0,9.0,1.0,0.0,6.0,4.0,2.0,3.0,8.0,3.0,2.0,1.0,6.0,3.0,2.0,1.0,1.0,7.0,0.0,2.0,4.0,5.0,3.0,0.0,8.0,9.0,3.0,1.0,5.0,2.0,4.0,0.0,6.0,8.0,1.0,0.0,5.0,1.0,4.0,3.0,4.0,4.0,3.0,7.0,3.0,5.0,4.0,4.0,7.0,7.0,1.0,2.0,1.0,7.0,7.0,2.0,7.0,5.0,2.0,0.0,4.0,4.0,5.0,8.0,3.0,8.0,0.0,7.0,1.0,3.0,3.0,6.0,9.0,4.0,7.0,9.0,5.0,9.0,6.0,5.0,5.0,6.0,431.0,92,431.0,4.684782608695652,2.510540162845988,9.0,1.0,0.4194233793943076,1
37,7.0,3.0,8.0,6.0,4.0,5.0,4.0,5.0,5.0,1.0,8.0,4.0,9.0,0.0,4.0,1.0,1.0,8.0,2.0,5.0,6.0,3.0,2.0,1.0,2.0,2.0,6.0,4.0,4.0,1.0,7.0,3.0,4.0,5.0,0.0,8.0,2.0,0.0,5.0,8.0,2.0,3.0,3.0,6.0,1.0,4.0,1.0,7.0,4.0,5.0,7.0,7.0,0.0,9.0,5.0,8.0,3.0,4.0,2.0,5.0,8.0,7.0,4.0,7.0,7.0,1.0,4.0,5.0,8.0,5.0,8.0,5.0,0.0,9.0,7.0,3.0,6.0,0.0,7.0,2.0,7.0,8.0,5.0,1.0,0.0,5.0,0.0,3.0,2.0,0.0,6.0,6.0,8.0,6.0,0.0,2.0,8.0,9.0,3.0,2.0,433.0,90,433.0,4.811111111111111,2.384647397389506,9.0,1.0,0.43017212335450306,1
38,0.0,7.0,9.0,7.0,8.0,6.0,3.0,7.0,5.0,1.0,0.0,2.0,1.0,8.0,5.0,8.0,3.0,5.0,6.0,8.0,0.0,9.0,0.0,9.0,3.0,0.0,2.0,9.0,1.0,3.0,6.0,3.0,1.0,6.0,0.0,1.0,4.0,5.0,0.0,5.0,2.0,4.0,5.0,2.0,6.0,3.0,9.0,8.0,7.0,0.0,3.0,9.0,6.0,3.0,5.0,1.0,1.0,2.0,5.0,1.0,0.0,9.0,1.0,6.0,2.0,0.0,7.0,5.0,1.0,5.0,5.0,4.0,6.0,9.0,4.0,5.0,6.0,0.0,8.0,3.0,4.0,9.0,1.0,9.0,0.0,5.0,5.0,7.0,9.0,8.0,4.0,2.0,8.0,8.0,4.0,0.0,6.0,0.0,3.0,5.0,431.0,86,431.0,5.011627906976744,2.590205999020297,9.0,1.0,0.44180499697437264,1
39,1.0,2.0,0.0,9.0,3.0,5.0,6.0,4.0,8.0,3.0,2.0,7.0,8.0,5.0,0.0,7.0,3.0,0.0,1.0,7.0,0.0,5.0,9.0,1.0,8.0,6.0,6.0,8.0,8.0,3.0,7.0,1.0,5.0,0.0,2.0,0.0,5.0,8.0,5.0,0.0,7.0,6.0,1.0,1.0,2.0,1.0,8.0,0.0,3.0,9.0,3.0,8.0,8.0,4.0,0.0,6.0,1.0,4.0,8.0,5.0,3.0,3.0,7.0,5.0,9.0,2.0,8.0,2.0,1.0,6.0,8.0,4.0,9.0,8.0,5.0,4.0,9.0,4.0,0.0,7.0,4.0,2.0,1.0,1.0,5.0,2.0,0.0,5.0,5.0,1.0,6.0,8.0,0.0,3.0,5.0,8.0,0.0,3.0,1.0,1.0,418.0,87,418.0,4.804597701149425,2.6385257136522116,9.0,1.0,0.4245404301380755,1
40,1.0,9.0,0.0,5.0,5.0,4.0,2.0,8.0,4.0,5.0,0.0,0.0,9.0,0.0,6.0,7.0,6.0,0.0,4.0,8.0,3.0,9.0,4.0,0.0,4.0,7.0,4.0,9.0,1.0,7.0,7.0,3.0,6.0,9.0,8.0,4.0,3.0,2.0,2.0,7.0,0.0,7.0,9.0,0.0,0.0,1.0,9.0,6.0,6.0,7.0,1.0,2.0,2.0,5.0,0.0,1.0,2.0,8.0,4.0,0.0,6.0,0.0,1.0,3.0,9.0,9.0,7.0,6.0,6.0,9.0,2.0,7.0,4.0,7.0,9.0,9.0,1.0,7.0,8.0,5.0,1.0,9.0,9.0,7.0,7.0,1.0,3.0,5.0,2.0,6.0,3.0,3.0,5.0,0.0,9.0,9.0,5.0,7.0,3.0,4.0,465.0,87,465.0,5.344827586206897,2.655844070892373,9.0,1.0,0.4621966618582432,1
41,2.0,1.0,9.0,1.0,7.0,9.0,3.0,0.0,3.0,4.0,6.0,7.0,8.0,8.0,1.0,0.0,9.0,7.0,0.0,0.0,1.0,3.0,2.0,0.0,2.0,0.0,2.0,0.0,4.0,3.0,0.0,7.0,6.0,1.0,8.0,3.0,0.0,3.0,4.0,6.0,7.0,0.0,0.0,5.0,6.0,6.0,2.0,2.0,4.0,3.0,2.0,1.0,6.0,8.0,0.0,7.0,6.0,0.0,2.0,6.0,8.0,9.0,2.0,9.0,1.0,2.0,0.0,3.0,7.0,0.0,9.0,5.0,5.0,4.0,6.0,4.0,1.0,7.0,0.0,7.0,5.0,2.0,7.0,0.0,0.0,5.0,8.0,5.0,4.0,4.0,8.0,5.0,5.0,4.0,7.0,9.0,2.0,8.0,4.0,2.0,396.0,82,396.0,4.829268292682927,2.5221210491480424,9.0,1.0,0.4310139788510315,1
42,4.0,2.0,0.0,3.0,6.0,2.0,1.0,9.0,1.0,4.0,2.0,5.0,8.0,0.0,3.0,2.0,0.0,1.0,4.0,0.0,0.0,4.0,0.0,3.0,2.0,3.0,1.0,1.0,3.0,3.0,3.0,7.0,7.0,3.0,2.0,4.0,8.0,3.0,5.0,1.0,9.0,0.0,0.0,9.0,4.0,3.0,1.0,5.0,1.0,8.0,6.0,0.0,9.0,8.0,9.0,9.0,2.0,0.0,0.0,1.0,2.0,8.0,5.0,5.0,8.0,2.0,2.0,5.0,3.0,4.0,7.0,4.0,1.0,8.0,9.0,6.0,2.0,8.0,0.0,3.0,4.0,3.0,2.0,5.0,8.0,3.0,8.0,6.0,6.0,1.0,8.0,6.0,1.0,1.0,0.0,9.0,2.0,5.0,4.0,3.0,381.0,87,381.0,4.379310344827586,2.640277673094709,9.0,1.0,0.398172970210436,1
43,3.0,6.0,5.0,4.0,4.0,1.0,7.0,2.0,1.0,2.0,3.0,6.0,4.0,6.0,7.0,7.0,3.0,8.0,6.0,1.0,0.0,0.0,4.0,2.0,7.0,8.0,8.0,0.0,9.0,6.0,9.0,2.0,3.0,6.0,9.0,7.0,9.0,6.0,2.0,1.0,0.0,5.0,9.0,0.0,9.0,9.0,1.0,7.0,3.0,4.0,2.0,7.0,6.0,7.0,7.0,2.0,9.0,0.0,6.0,2.0,1.0,4.0,7.0,7.0,1.0,8.0,3.0,4.0,9.0,7.0,1.0,3.0,5.0,8.0,2.0,6.0,4.0,8.0,8.0,6.0,6.0,6.0,0.0,1.0,0.0,5.0,0.0,2.0,0.0,5.0,9.0,9.0,7.0,4.0,4.0,2.0,6.0,3.0,5.0,1.0,456.0,90,456.0,5.066666666666666,2.594010194445829,9.0,1.0,0.44305562528527803,1
44,5.0,8.0,7.0,4.0,7.0,0.0,9.0,9.0,7.0,9.0,8.0,2.0,9.0,9.0,3.0,1.0,5.0,3.0,4.0,8.0,2.0,1.0,4.0,7.0,9.0,0.0,3.0,7.0,9.0,0.0,4.0,4.0,8.0,3.0,0.0,5.0,3.0,1.0,6.0,2.0,0.0,6.0,4.0,9.0,0.0,5.0,5.0,0.0,1.0,8.0,6.0,6.0,4.0,7.0,2.0,4.0,6.0,0.0,9.0,4.0,7.0,5.0,8.0,1.0,2.0,9.0,0.0,4.0,5.0,9.0,1.0,3.0,5.0,7.0,2.0,4.0,5.0,4.0,1.0,1.0,7.0,5.0,4.0,6.0,6.0,8.0,2.0,4.0,9.0,2.0,4.0,5.0,5.0,3.0,1.0,2.0,4.0,0.0,4.0,6.0,451.0,90,451.0,5.011111111111111,2.514378405378176,9.0,1.0,0.44420546001858685,1
45,2.0,0.0,5.0,2.0,1.0,9.0,3.0,0.0,0.0,5.0,3.0,9.0,8.0,9.0,4.0,1.0,4.0,5.0,5.0,1.0,5.0,9.0,5.0,6.0,8.0,7.0,8.0,4.0,3.0,6.0,4.0,7.0,9.0,2.0,1.0,0.0,1.0,4.0,3.0,1.0,1.0,6.0,3.0,9.0,5.0,0.0,9.0,9.0,1.0,8.0,1.0,2.0,8.0,1.0,2.0,5.0,8.0,4.0,9.0,3.0,5.0,4.0,1.0,4.0,3.0,0.0,9.0,4.0,2.0,7.0,3.0,2.0,5.0,8.0,0.0,5.0,1.0,7.0,6.0,8.0,8.0,0.0,0.0,3.0,4.0,2.0,5.0,0.0,6.0,7.0,1.0,3.0,2.0,9.0,9.0,7.0,9.0,8.0,4.0,3.0,437.0,90,437.0,4.855555555555555,2.7266630444601496,9.0,1.0,0.426386864753419,1
46,0.0,9.0,2.0,4.0,7.0,3.0,9.0,2.0,1.0,6.0,0.0,3.0,2.0,3.0,7.0,8.0,6.0,9.0,2.0,1.0,0.0,0.0,0.0,5.0,0.0,5.0,7.0,2.0,3.0,7.0,8.0,6.0,8.0,0.0,2.0,7.0,5.0,1.0,9.0,8.0,9.0,2.0,1.0,1.0,5.0,9.0,0.0,3.0,0.0,8.0,7.0,6.0,0.0,4.0,3.0,4.0,5.0,6.0,9.0,9.0,6.0,7.0,2.0,7.0,6.0,7.0,5.0,4.0,5.0,7.0,5.0,9.0,0.0,1.0,8.0,3.0,4.0,7.0,8.0,3.0,3.0,5.0,7.0,6.0,4.0,4.0,7.0,1.0,7.0,3.0,1.0,2.0,3.0,4.0,7.0,4.0,6.0,5.0,2.0,2.0,445.0,89,445.0,5.0,2.499438139109659,9.0,1.0,0.4426627151952937,1
47,4.0,2.0,4.0,6.0,6.0,9.0,1.0,7.0,8.0,7.0,4.0,5.0,8.0,6.0,2.0,6.0,9.0,6.0,1.0,8.0,6.0,7.0,4.0,1.0,0.0,8.0,0.0,4.0,4.0,1.0,4.0,8.0,3.0,0.0,6.0,9.0,2.0,7.0,8.0,0.0,6.0,2.0,5.0,7.0,0.0,9.0,3.0,0.0,9.0,7.0,0.0,8.0,2.0,7.0,5.0,9.0,0.0,1.0,3.0,5.0,9.0,3.0,0.0,0.0,3.0,5.0,0.0,4.0,6.0,7.0,1.0,7.0,6.0,9.0,2.0,3.0,2.0,1.0,8.0,4.0,4.0,8.0,3.0,6.0,8.0,5.0,6.0,3.0,0.0,3.0,4.0,1.0,9.0,3.0,1.0,0.0,8.0,3.0,0.0,5.0,439.0,86,439.0,5.104651162790698,2.5336299438288314,9.0,1.0,0.44855713251390644,1
48,5.0,4.0,8.0,0.0,2.0,8.0,3.0,3.0,9.0,0.0,5.0,7.0,4.0,6.0,0.0,7.0,8.0,9.0,4.0,4.0,6.0,5.0,4.0,2.0,8.0,3.0,0.0,0.0,3.0,3.0,6.0,8.0,0.0,4.0,0.0,4.0,4.0,4.0,7.0,3.0,6.0,4.0,1.0,3.0,1.0,1.0,0.0,9.0,0.0,2.0,8.0,8.0,2.0,2.0,3.0,4.0,6.0,2.0,4.0,8.0,4.0,4.0,4.0,8.0,6.0,6.0,2.0,6.0,7.0,8.0,5.0,0.0,6.0,2.0,8.0,7.0,6.0,6.0,1.0,0.0,5.0,8.0,1.0,0.0,0.0,4.0,9.0,1.0,6.0,0.0,5.0,2.0,6.0,5.0,9.0,5.0,8.0,3.0,0.0,9.0,426.0,85,426.0,5.011764705882353,2.363915583478638,9.0,1.0,0.44747282056691784,1
49,5.0,7.0,2.0,1.0,0.0,8.0,1.0,5.0,7.0,0.0,0.0,8.0,5.0,5.0,8.0,4.0,9.0,3.0,5.0,0.0,2.0,9.0,3.0,1.0,2.0,6.0,4.0,1.0,5.0,4.0,0.0,0.0,3.0,2.0,3.0,3.0,0.0,5.0,0.0,9.0,7.0,3.0,8.0,4.0,8.0,8.0,8.0,7.0,2.0,0.0,5.0,5.0,7.0,6.0,8.0,1.0,6.0,3.0,0.0,3.0,9.0,7.0,2.0,2.0,4.0,3.0,1.0,5.0,6.0,3.0,1.0,0.0,6.0,0.0,8.0,5.0,1.0,8.0,2.0,2.0,4.0,9.0,4.0,3.0,7.0,6.0,6.0,8.0,0.0,4.0,4.0,7.0,5.0,4.0,6.0,8.0,1.0,4.0,4.0,2.0,415.0,87,415.0,4.7701149425287355,2.42923359289657,9.0,1.0,0.42895000815748585,2
50,7.0,7.0,3.0,5.0,5.0,1.0,8.0,2.0,5.0,2.0,9.0,3.0,1.0,4.0,5.0,5.0,4.0,6.0,8.0,4.0,7.0,1.0,5.0,6.0,0.0,7.0,3.0,2.0,2.0,6.0,0.0,9.0,3.0,5.0,6.0,8.0,6.0,7.0,3.0,3.0,1.0,2.0,6.0,2.0,6.0,1.0,7.0,0.0,8.0,5.0,0.0,8.0,3.0,1.0,4.0,2.0,2.0,8.0,6.0,9.0,2.0,6.0,2.0,3.0,9.0,4.0,7.0,2.0,3.0,3.0,3.0,8.0,2.0,0.0,0.0,1.0,8.0,7.0,9.0,6.0,7.0,5.0,5.0,4.0,6.0,4.0,1.0,3.0,3.0,3.0,9.0,4.0,5.0,4.0,6.0,8.0,7.0,7.0,1.0,8.0,449.0,94,449.0,4.776595744680851,2.4283531558123084,9.0,1.0,0.4275162663753082,1
51,4.0,8.0,9.0,9.0,3.0,8.0,6.0,5.0,0.0,2.0,2.0,2.0,5.0,5.0,1.0,7.0,0.0,6.0,9.0,8.0,0.0,3.0,1.0,8.0,2.0,0.0,4.0,1.0,3.0,0.0,1.0,9.0,8.0,0.0,1.0,2.0,8.0,7.0,9.0,8.0,2.0,1.0,0.0,7.0,6.0,2.0,6.0,8.0,8.0,5.0,8.0,0.0,4.0,2.0,6.0,1.0,7.0,8.0,9.0,9.0,8.0,0.0,3.0,3.0,5.0,6.0,5.0,3.0,2.0,7.0,9.0,2.0,9.0,7.0,8.0,7.0,9.0,9.0,2.0,7.0,5.0,5.0,2.0,8.0,6.0,8.0,0.0,8.0,6.0,3.0,3.0,0.0,2.0,9.0,3.0,1.0,9.0,5.0,4.0,2.0,473.0,89,473.0,5.314606741573034,2.758421245331489,9.0,1.0,0.45829535604246835,1
52,3.0,9.0,9.0,4.0,1.0,9.0,5.0,0.0,5.0,0.0,8.0,1.0,4.0,8.0,8.0,2.0,7.0,2.0,5.0,1.0,0.0,9.0,9.0,3.0,5.0,8.0,9.0,1.0,5.0,3.0,1.0,8.0,4.0,0.0,5.0,6.0,1.0,0.0,6.0,8.0,2.0,6.0,9.0,6.0,4.0,8.0,0.0,2.0,2.0,7.0,3.0,4.0,0.0,2.0,0.0,7.0,3.0,9.0,7.0,1.0,3.0,8.0,4.0,1.0,9.0,8.0,5.0,6.0,6.0,4.0,8.0,2.0,9.0,9.0,4.0,5.0,4.0,9.0,4.0,0.0,6.0,1.0,3.0,1.0,5.0,9.0,1.0,8.0,6.0,5.0,4.0,6.0,8.0,1.0,5.0,1.0,6.0,2.0,0.0,4.0,454.0,90,454.0,5.044444444444444,2.711748558940076,9.0,1.0,0.44046240663571595,2
53,4.0,6.0,1.0,1.0,7.0,1.0,7.0,5.0,2.0,6.0,3.0,4.0,2.0,8.0,3.0,4.0,8.0,0.0,2.0,2.0,8.0,5.0,9.0,2.0,8.0,2.0,9.0,1.0,2.0,0.0,5.0,6.0,8.0,8.0,0.0,7.0,0.0,9.0,3.0,4.0,5.0,8.0,8.0,7.0,7.0,1.0,4.0,7.0,2.0,6.0,1.0,2.0,2.0,0.0,3.0,9.0,9.0,8.0,6.0,6.0,6.0,9.0,6.0,8.0,5.0,3.0,3.0,0.0,5.0,6.0,0.0,7.0,1.0,7.0,0.0,9.0,7.0,4.0,0.0,4.0,1.0,3.0,6.0,2.0,0.0,8.0,6.0,5.0,9.0,2.0,0.0,2.0,6.0,0.0,3.0,2.0,7.0,4.0,7.0,3.0,439.0,88,439.0,4.988636363636363,2.569463678482598,9.0,1.0,0.44095582131431116,1
54,2.0,3.0,8.0,5.0,2.0,5.0,9.0,8.0,3.0,5.0,5.0,7.0,7.0,2.0,3.0,4.0,1.0,9.0,5.0,6.0,2.0,2.0,9.0,2.0,0.0,9.0,1.0,9.0,4.0,6.0,1.0,9.0,2.0,0.0,6.0,4.0,5.0,5.0,5.0,0.0,0.0,0.0,9.0,7.0,2.0,2.0,3.0,5.0,3.0,8.0,4.0,6.0,0.0,3.0,0.0,4.0,1.0,8.0,7.0,2.0,1.0,3.0,1.0,8.0,2.0,1.0,5.0,9.0,0.0,6.0,5.0,2.0,2.0,7.0,8.0,8.0,9.0,2.0,4.0,0.0,6.0,4.0,6.0,9.0,7.0,0.0,6.0,2.0,3.0,0.0,2.0,9.0,6.0,5.0,3.0,5.0,0.0,1.0,2.0,2.0,415.0,88,415.0,4.715909090909091,2.6065863414381463,9.0,1.0,0.4213414164757072,1
55,5.0,3.0,7.0,9.0,9.0,5.0,3.0,9.0,5.0,1.0,5.0,0.0,1.0,7.0,4.0,1.0,2.0,7.0,5.0,3.0,4.0,4.0,5.0,3.0,1.0,0.0,6.0,6.0,0.0,6.0,7.0,5.0,1.0,6.0,5.0,2.0,1.0,8.0,1.0,6.0,1.0,7.0,9.0,2.0,4.0,5.0,4.0,9.0,4.0,1.0,2.0,1.0,7.0,9.0,4.0,0.0,9.0,5.0,2.0,0.0,8.0,6.0,7.0,0.0,5.0,1.0,8.0,2.0,4.0,1.0,1.0,9.0,3.0,2.0,7.0,2.0,4.0,4.0,8.0,3.0,3.0,0.0,1.0,7.0,4.0,9.0,9.0,5.0,2.0,5.0,7.0,2.0,2.0,6.0,2.0,7.0,9.0,9.0,3.0,9.0,439.0,93,439.0,4.720430107526882,2.6694834239027196,9.0,1.0,0.41703651181638207,1
56,4.0,8.0,4.0,1.0,2.0,8.0,2.0,3.0,6.0,7.0,3.0,9.0,7.0,8.0,5.0,4.0,4.0,6.0,1.0,9.0,9.0,6.0,7.0,4.0,4.0,4.0,2.0,6.0,3.0,3.0,0.0,8.0,3.0,6.0,1.0,5.0,4.0,3.0,1.0,1.0,2.0,6.0,2.0,9.0,6.0,8.0,5.0,0.0,6.0,6.0,2.0,7.0,3.0,9.0,1.0,9.0,0.0,0.0,9.0,8.0,2.0,1.0,7.0,9.0,9.0,6.0,2.0,1.0,9.0,1.0,8.0,4.0,5.0,4.0,4.0,6.0,1.0,8.0,9.0,0.0,1.0,6.0,4.0,7.0,4.0,1.0,3.0,4.0,4.0,6.0,7.0,6.0,2.0,6.0,2.0,3.0,8.0,9.0,8.0,0.0,466.0,94,466.0,4.957446808510638,2.6454090847908702,9.0,1.0,0.43601966305055295,1
57,1.0,9.0,0.0,7.0,0.0,5.0,1.0,8.0,1.0,2.0,8.0,4.0,1.0,8.0,3.0,4.0,9.0,6.0,7.0,5.0,6.0,6.0,9.0,8.0,3.0,0.0,3.0,2.0,1.0,0.0,3.0,4.0,2.0,5.0,1.0,2.0,3.0,4.0,2.0,4.0,8.0,0.0,0.0,0.0,0.0,4.0,6.0,1.0,2.0,3.0,8.0,8.0,9.0,8.0,8.0,5.0,0.0,0.0,5.0,7.0,2.0,3.0,8.0,0.0,2.0,7.0,0.0,2.0,0.0,5.0,2.0,4.0,3.0,9.0,3.0,5.0,6.0,9.0,9.0,7.0,8.0,8.0,9.0,7.0,8.0,4.0,5.0,9.0,1.0,0.0,8.0,2.0,1.0,2.0,7.0,9.0,3.0,0.0,4.0,1.0,421.0,85,421.0,4.952941176470588,2.734984169662505,9.0,1.0,0.4343428019352292,2
58,6.0,2.0,0.0,6.0,8.0,8.0,6.0,7.0,2.0,2.0,7.0,0.0,2.0,5.0,8.0,3.0,4.0,5.0,9.0,3.0,4.0,4.0,7.0,6.0,5.0,3.0,6.0,4.0,0.0,5.0,6.0,9.0,9.0,6.0,5.0,8.0,4.0,2.0,5.0,8.0,4.0,2.0,0.0,6.0,9.0,9.0,9.0,3.0,4.0,0.0,6.0,9.0,7.0,6.0,7.0,2.0,9.0,5.0,0.0,7.0,2.0,6.0,1.0,0.0,2.0,4.0,6.0,2.0,9.0,1.0,8.0,5.0,3.0,9.0,2.0,4.0,6.0,3.0,5.0,3.0,0.0,1.0,5.0,8.0,2.0,4.0,1.0,6.0,5.0,3.0,8.0,3.0,4.0,1.0,3.0,4.0,2.0,9.0,1.0,8.0,462.0,92,462.0,5.021739130434782,2.467080041657966,9.0,1.0,0.4484539571754962,1
59,5.0,0.0,3.0,2.0,5.0,2.0,8.0,7.0,1.0,3.0,2.0,5.0,0.0,8.0,0.0,5.0,0.0,2.0,3.0,2.0,1.0,8.0,5.0,2.0,7.0,2.0,3.0,7.0,7.0,7.0,4.0,4.0,9.0,0.0,7.0,4.0,4.0,5.0,1.0,5.0,0.0,6.0,1.0,2.0,4.0,3.0,9.0,5.0,8.0,3.0,9.0,9.0,1.0,6.0,2.0,0.0,8.0,7.0,7.0,0.0,9.0,4.0,2.0,9.0,6.0,0.0,8.0,9.0,7.0,4.0,0.0,4.0,2.0,5.0,6.0,2.0,0.0,6.0,5.0,1.0,7.0,0.0,0.0,0.0,3.0,5.0,6.0,9.0,2.0,2.0,0.0,2.0,1.0,9.0,5.0,7.0,2.0,6.0,4.0,2.0,406.0,85,406.0,4.776470588235294,2.5362152005010525,9.0,1.0,0.42642878780967225,1
60,7.0,3.0,4.0,9.0,4.0,4.0,4.0,2.0,8.0,8.0,5.0,9.0,5.0,9.0,2.0,3.0,0.0,7.0,3.0,1.0,1.0,2.0,1.0,3.0,4.0,6.0,9.0,2.0,5.0,8.0,2.0,3.0,1.0,8.0,2.0,6.0,3.0,8.0,0.0,3.0,6.0,8.0,2.0,1.0,7.0,5.0,6.0,9.0,4.0,9.0,2.0,8.0,3.0,6.0,1.0,8.0,2.0,2.0,2.0,9.0,0.0,2.0,5.0,0.0,2.0,5.0,5.0,3.0,9.0,0.0,9.0,9.0,7.0,3.0,2.0,5.0,2.0,1.0,1.0,2.0,8.0,7.0,2.0,4.0,1.0,2.0,9.0,3.0,0.0,7.0,8.0,0.0,0.0,3.0,9.0,0.0,5.0,3.0,5.0,6.0,428.0,91,428.0,4.7032967032967035,2.7113700583442744,9.0,1.0,0.41774713570684824,1
61,7.0,2.0,0.0,1.0,3.0,9.0,6.0,5.0,4.0,0.0,7.0,5.0,4.0,4.0,6.0,3.0,6.0,8.0,8.0,3.0,5.0,9.0,1.0,3.0,7.0,1.0,8.0,0.0,1.0,7.0,5.0,8.0,9.0,7.0,1.0,4.0,7.0,7.0,9.0,3.0,0.0,9.0,8.0,4.0,5.0,4.0,7.0,3.0,4.0,7.0,6.0,0.0,8.0,9.0,3.0,6.0,1.0,3.0,6.0,4.0,2.0,0.0,0.0,4.0,7.0,2.0,6.0,6.0,3.0,3.0,9.0,1.0,4.0,1.0,8.0,0.0,2.0,4.0,6.0,4.0,0.0,7.0,7.0,3.0,4.0,5.0,3.0,6.0,7.0,5.0,2.0,9.0,0.0,1.0,6.0,5.0,8.0,8.0,2.0,4.0,454.0,90,454.0,5.044444444444444,2.430871408048796,9.0,1.0,0.4460148752521181,1
62,7.0,7.0,9.0,3.0,5.0,2.0,6.0,0.0,4.0,5.0,9.0,8.0,6.0,6.0,4.0,3.0,2.0,3.0,8.0,0.0,8.0,1.0,3.0,6.0,1.0,1.0,7.0,4.0,3.0,5.0,9.0,2.0,3.0,8.0,8.0,0.0,3.0,4.0,1.0,7.0,1.0,2.0,5.0,7.0,8.0,1.0,2.0,0.0,4.0,2.0,2.0,3.0,4.0,6.0,1.0,7.0,7.0,8.0,1.0,2.0,5.0,0.0,0.0,4.0,4.0,3.0,5.0,4.0,3.0,4.0,6.0,2.0,5.0,6.0,3.0,3.0,3.0,6.0,2.0,8.0,2.0,4.0,3.0,3.0,9.0,1.0,5.0,7.0,2.0,6.0,7.0,6.0,4.0,5.0,7.0,4.0,1.0,0.0,4.0,6.0,416.0,93,416.0,4.473118279569892,2.3260627024410505,9.0,1.0,0.40949719322699457,1
63,7.0,2.0,9.0,4.0,8.0,9.0,8.0,4.0,0.0,4.0,1.0,8.0,3.0,0.0,8.0,0.0,7.0,2.0,2.0,3.0,5.0,9.0,3.0,2.0,7.0,1.0,0.0,7.0,7.0,0.0,4.0,5.0,3.0,3.0,9.0,1.0,5.0,7.0,6.0,5.0,3.0,9.0,5.0,7.0,1.0,4.0,7.0,0.0,8.0,2.0,3.0,3.0,1.0,8.0,8.0,0.0,9.0,0.0,0.0,9.0,0.0,4.0,4.0,0.0,1.0,2.0,4.0,5.0,0.0,5.0,8.0,2.0,0.0,5.0,2.0,3.0,5.0,9.0,5.0,4.0,6.0,1.0,2.0,3.0,6.0,1.0,6.0,7.0,9.0,6.0,1.0,6.0,5.0,6.0,2.0,6.0,9.0,3.0,6.0,0.0,424.0,86,424.0,4.930232558139535,2.55993594430407,9.0,1.0,0.43593066038327605,1
64,8.0,7.0,0.0,5.0,3.0,9.0,4.0,0.0,3.0,0.0,7.0,6.0,0.0,1.0,5.0,3.0,1.0,0.0,7.0,3.0,7.0,3.0,6.0,7.0,3.0,3.0,8.0,7.0,7.0,0.0,5.0,5.0,7.0,5.0,3.0,0.0,4.0,7.0,2.0,9.0,9.0,1.0,8.0,1.0,2.0,3.0,6.0,3.0,6.0,4.0,9.0,5.0,9.0,5.0,2.0,5.0,9.0,2.0,2.0,6.0,2.0,7.0,4.0,1.0,0.0,2.0,3.0,0.0,1.0,6.0,6.0,5.0,6.0,5.0,8.0,5.0,2.0,0.0,0.0,5.0,3.0,4.0,4.0,6.0,4.0,3.0,8.0,7.0,1.0,5.0,8.0,6.0,2.0,0.0,6.0,0.0,9.0,0.0,7.0,0.0,418.0,85,418.0,4.91764705882353,2.3674844664668737,9.0,1.0,0.4429267742551986,1
65,7.0,9.0,2.0,4.0,5.0,2.0,2.0,6.0,8.0,6.0,0.0,9.0,9.0,5.0,6.0,9.0,5.0,6.0,6.0,7.0,8.0,3.0,7.0,4.0,1.0,1.0,4.0,3.0,4.0,8.0,5.0,3.0,7.0,0.0,7.0,4.0,4.0,1.0,0.0,2.0,9.0,2.0,2.0,8.0,9.0,0.0,7.0,5.0,6.0,3.0,4.0,6.0,8.0,3.0,1.0,1.0,6.0,7.0,4.0,0.0,5.0,2.0,3.0,2.0,2.0,0.0,8.0,3.0,4.0,3.0,9.0,6.0,0.0,0.0,0.0,6.0,0.0,9.0,7.0,4.0,4.0,0.0,3.0,1.0,5.0,3.0,7.0,3.0,5.0,3.0,0.0,1.0,3.0,0.0,2.0,5.0,8.0,0.0,6.0,3.0,415.0,86,415.0,4.825581395348837,2.421761133464827,9.0,1.0,0.4355896532669135,1
66,9.0,1.0,4.0,6.0,7.0,1.0,1.0,1.0,8.0,3.0,1.0,4.0,3.0,8.0,5.0,2.0,9.0,0.0,4.0,7.0,1.0,2.0,4.0,0.0,3.0,9.0,3.0,7.0,5.0,5.0,0.0,5.0,8.0,4.0,3.0,6.0,7.0,4.0,7.0,8.0,7.0,0.0,2.0,3.0,0.0,9.0,5.0,0.0,2.0,1.0,7.0,5.0,5.0,3.0,5.0,8.0,2.0,0.0,6.0,8.0,5.0,6.0,5.0,4.0,3.0,8.0,0.0,6.0,3.0,6.0,6.0,8.0,4.0,5.0,7.0,6.0,0.0,4.0,6.0,1.0,6.0,1.0,0.0,5.0,8.0,5.0,3.0,6.0,7.0,5.0,2.0,9.0,3.0,2.0,3.0,0.0,7.0,1.0,1.0,4.0,424.0,89,424.0,4.764044943820225,2.3797954397508003,9.0,1.0,0.4319948500697216,1
67,8.0,8.0,7.0,1.0,0.0,4.0,8.0,4.0,2.0,1.0,8.0,3.0,6.0,1.0,9.0,8.0,7.0,0.0,0.0,6.0,4.0,9.0,7.0,6.0,6.0,1.0,1.0,8.0,5.0,1.0,4.0,5.0,9.0,3.0,7.0,1.0,7.0,5.0,5.0,2.0,6.0,3.0,5.0,4.0,4.0,4.0,4.0,4.0,6.0,5.0,2.0,3.0,6.0,0.0,9.0,2.0,1.0,2.0,2.0,9.0,3.0,6.0,4.0,5.0,0.0,3.0,6.0,0.0,3.0,0.0,7.0,5.0,3.0,9.0,8.0,2.0,4.0,0.0,4.0,1.0,1.0,2.0,0.0,6.0,4.0,1.0,1.0,0.0,4.0,1.0,8.0,2.0,1.0,9.0,1.0,2.0,7.0,5.0,2.0,6.0,404.0,90,404.0,4.488888888888889,2.54839576746908,9.0,1.0,0.4040838920803233,1
68,5.0,2.0,2.0,2.0,2.0,3.0,8.0,6.0,9.0,6.0,6.0,2.0,3.0,8.0,8.0,4.0,1.0,3.0,1.0,5.0,3.0,8.0,0.0,8.0,5.0,1.0,8.0,3.0,8.0,6.0,4.0,4.0,1.0,6.0,8.0,3.0,1.0,8.0,1.0,1.0,6.0,7.0,3.0,9.0,5.0,2.0,5.0,6.0,7.0,6.0,3.0,2.0,6.0,5.0,0.0,4.0,9.0,0.0,9.0,7.0,9.0,3.0,3.0,0.0,1.0,4.0,3.0,3.0,0.0,0.0,7.0,3.0,0.0,9.0,9.0,9.0,6.0,1.0,6.0,8.0,3.0,8.0,0.0,4.0,7.0,0.0,7.0,6.0,8.0,3.0,6.0,7.0,4.0,8.0,2.0,7.0,8.0,9.0,1.0,6.0,462.0,91,462.0,5.076923076923077,2.5985235420289046,9.0,1.0,0.44467839912441376,1
69,8.0,0.0,9.0,7.0,3.0,9.0,8.0,6.0,2.0,4.0,5.0,5.0,6.0,7.0,1.0,9.0,7.0,9.0,4.0,4.0,9.0,8.0,3.0,7.0,7.0,5.0,8.0,8.0,1.0,3.0,1.0,9.0,5.0,1.0,7.0,9.0,2.0,5.0,5.0,6.0,9.0,0.0,4.0,7.0,9.0,7.0,7.0,7.0,8.0,3.0,3.0,7.0,4.0,6.0,6.0,1.0,1.0,5.0,1.0,4.0,0.0,3.0,4.0,5.0,6.0,3.0,6.0,0.0,0.0,0.0,3.0,2.0,3.0,7.0,3.0,3.0,9.0,6.0,7.0,4.0,0.0,2.0,2.0,4.0,8.0,2.0,8.0,5.0,7.0,5.0,9.0,1.0,3.0,2.0,0.0,0.0,5.0,1.0,5.0,9.0,473.0,91,473.0,5.197802197802198,2.542905581424353,9.0,1.0,0.45548655480830547,1
70,3.0,2.0,1.0,4.0,9.0,6.0,4.0,6.0,7.0,4.0,2.0,7.0,7.0,2.0,6.0,4.0,0.0,1.0,4.0,1.0,2.0,6.0,5.0,6.0,1.0,7.0,6.0,6.0,0.0,5.0,1.0,5.0,9.0,5.0,1.0,8.0,1.0,8.0,5.0,8.0,2.0,9.0,7.0,1.0,1.0,3.0,5.0,1.0,5.0,1.0,3.0,9.0,8.0,0.0,5.0,1.0,8.0,2.0,8.0,0.0,9.0,9.0,6.0,8.0,6.0,9.0,6.0,7.0,7.0,3.0,0.0,9.0,4.0,8.0,3.0,6.0,5.0,7.0,4.0,8.0,5.0,4.0,3.0,0.0,9.0,5.0,2.0,5.0,1.0,3.0,6.0,2.0,1.0,4.0,8.0,0.0,0.0,0.0,3.0,0.0,439.0,90,439.0,4.877777777777778,2.6112056720466112,9.0,1.0,0.43081831016334704,1
71,5.0,7.0,8.0,6.0,2.0,3.0,1.0,9.0,4.0,2.0,1.0,0.0,3.0,6.0,5.0,6.0,3.0,8.0,9.0,1.0,2.0,1.0,9.0,8.0,5.0,5.0,1.0,6.0,0.0,3.0,4.0,5.0,1.0,4.0,4.0,3.0,7.0,5.0,4.0,4.0,7.0,5.0,4.0,3.0,3.0,2.0,9.0,7.0,0.0,0.0,8.0,2.0,2.0,7.0,2.0,9.0,4.0,4.0,5.0,4.0,9.0,1.0,2.0,2.0,5.0,6.0,8.0,5.0,3.0,2.0,9.0,0.0,4.0,9.0,9.0,8.0,9.0,0.0,6.0,3.0,6.0,0.0,1.0,1.0,4.0,1.0,2.0,1.0,0.0,2.0,1.0,2.0,9.0,9.0,3.0,7.0,4.0,6.0,7.0,2.0,425.0,92,425.0,4.619565217391305,2.636872287984004,9.0,1.0,0.41365880243354863,1
72,7.0,7.0,9.0,9.0,9.0,5.0,5.0,4.0,2.0,4.0,7.0,0.0,1.0,9.0,4.0,3.0,1.0,8.0,4.0,6.0,1.0,2.0,6.0,3.0,2.0,2.0,9.0,8.0,6.0,4.0,0.0,3.0,3.0,0.0,3.0,2.0,7.0,0.0,6.0,9.0,4.0,5.0,1.0,5.0,5.0,5.0,0.0,6.0,6.0,6.0,2.0,9.0,9.0,1.0,2.0,3.0,5.0,3.0,3.0,2.0,7.0,4.0,5.0,0.0,6.0,0.0,4.0,3.0,0.0,3.0,4.0,4.0,0.0,3.0,9.0,9.0,0.0,3.0,7.0,4.0,7.0,7.0,1.0,6.0,0.0,7.0,9.0,3.0,3.0,9.0,9.0,8.0,9.0,7.0,7.0,2.0,9.0,2.0,9.0,2.0,453.0,89,453.0,5.089887640449438,2.590563903031527,9.0,1.0,0.44779224884627983,1
73,7.0,7.0,0.0,1.0,6.0,8.0,5.0,1.0,4.0,8.0,3.0,7.0,9.0,1.0,8.0,1.0,2.0,4.0,8.0,8.0,2.0,7.0,7.0,0.0,2.0,5.0,0.0,5.0,1.0,4.0,1.0,0.0,2.0,2.0,2.0,8.0,2.0,9.0,9.0,8.0,7.0,4.0,8.0,8.0,7.0,8.0,1.0,9.0,2.0,0.0,0.0,7.0,9.0,7.0,7.0,2.0,4.0,9.0,9.0,5.0,3.0,1.0,6.0,5.0,5.0,0.0,5.0,9.0,9.0,7.0,8.0,9.0,3.0,0.0,4.0,4.0,7.0,7.0,6.0,1.0,1.0,0.0,5.0,5.0,9.0,1.0,2.0,3.0,0.0,6.0,4.0,9.0,4.0,6.0,1.0,0.0,2.0,6.0,9.0,3.0,462.0,89,462.0,5.191011235955056,2.767696500923117,9.0,1.0,0.44810501762040766,1
74,0.0,1.0,1.0,1.0,4.0,9.0,9.0,7.0,5.0,0.0,2.0,4.0,3.0,6.0,1.0,3.0,0.0,6.0,0.0,5.0,9.0,4.0,0.0,8.0,1.0,1.0,5.0,3.0,2.0,7.0,6.0,5.0,8.0,8.0,6.0,4.0,7.0,7.0,4.0,5.0,9.0,6.0,9.0,2.0,2.0,0.0,8.0,2.0,8.0,8.0,0.0,8.0,4.0,0.0,8.0,7.0,4.0,3.0,2.0,6.0,2.0,8.0,3.0,2.0,8.0,0.0,7.0,8.0,9.0,3.0,3.0,9.0,9.0,4.0,0.0,6.0,3.0,0.0,5.0,2.0,4.0,8.0,1.0,4.0,5.0,8.0,2.0,5.0,2.0,7.0,1.0,3.0,8.0,3.0,7.0,9.0,0.0,9.0,2.0,5.0,447.0,88,447.0,5.079545454545454,2.633790868471332,9.0,1.0,0.44303593854235757,1
75,8.0,6.0,6.0,7.0,7.0,0.0,0.0,0.0,7.0,4.0,8.0,2.0,7.0,8.0,7.0,5.0,9.0,0.0,1.0,5.0,9.0,8.0,8.0,1.0,5.0,5.0,5.0,2.0,3.0,0.0,6.0,1.0,6.0,2.0,0.0,3.0,5.0,3.0,5.0,4.0,9.0,4.0,6.0,6.0,4.0,5.0,3.0,3.0,7.0,5.0,1.0,7.0,5.0,9.0,8.0,2.0,6.0,5.0,4.0,2.0,5.0,0.0,3.0,3.0,5.0,6.0,6.0,2.0,9.0,3.0,6.0,8.0,9.0,4.0,6.0,0.0,7.0,9.0,8.0,5.0,5.0,4.0,5.0,2.0,6.0,8.0,1.0,9.0,4.0,3.0,4.0,3.0,6.0,2.0,0.0,4.0,4.0,4.0,3.0,8.0,468.0,91,468.0,5.142857142857143,2.2705541201563264,9.0,1.0,0.45947642638595737,2
76,3.0,0.0,0.0,3.0,9.0,4.0,1.0,3.0,5.0,3.0,3.0,3.0,2.0,3.0,9.0,8.0,5.0,2.0,6.0,6.0,3.0,1.0,6.0,8.0,8.0,4.0,7.0,2.0,8.0,3.0,6.0,1.0,3.0,8.0,4.0,3.0,2.0,6.0,6.0,9.0,1.0,1.0,2.0,4.0,5.0,1.0,4.0,2.0,6.0,1.0,8.0,9.0,4.0,7.0,9.0,4.0,1.0,6.0,6.0,0.0,2.0,2.0,3.0,5.0,2.0,0.0,0.0,4.0,6.0,9.0,5.0,9.0,0.0,7.0,3.0,7.0,0.0,4.0,4.0,2.0,1.0,2.0,7.0,0.0,6.0,3.0,7.0,3.0,6.0,3.0,7.0,4.0,8.0,5.0,2.0,7.0,3.0,4.0,4.0,6.0,419.0,92,419.0,4.554347826086956,2.4108636844715985,9.0,1.0,0.41566014667345635,1
77,2.0,5.0,6.0,2.0,5.0,3.0,7.0,5.0,4.0,7.0,7.0,1.0,0.0,7.0,9.0,7.0,5.0,7.0,0.0,6.0,3.0,9.0,7.0,1.0,2.0,1.0,6.0,7.0,6.0,2.0,8.0,0.0,7.0,6.0,2.0,5.0,0.0,0.0,0.0,4.0,7.0,7.0,8.0,8.0,4.0,7.0,7.0,1.0,6.0,8.0,7.0,9.0,9.0,4.0,2.0,4.0,8.0,9.0,3.0,6.0,1.0,4.0,6.0,9.0,0.0,9.0,4.0,0.0,1.0,6.0,7.0,0.0,3.0,7.0,0.0,9.0,4.0,0.0,5.0,5.0,7.0,6.0,1.0,1.0,1.0,5.0,9.0,7.0,0.0,2.0,2.0,5.0,2.0,0.0,5.0,3.0,7.0,6.0,6.0,8.0,458.0,87,458.0,5.264367816091954,2.474977162857335,9.0,1.0,0.4576571397654696,2
78,9.0,2.0,1.0,0.0,7.0,0.0,0.0,7.0,6.0,0.0,0.0,9.0,8.0,0.0,4.0,8.0,5.0,3.0,3.0,0.0,1.0,0.0,9.0,2.0,3.0,7.0,3.0,5.0,5.0,9.0,1.0,5.0,4.0,4.0,5.0,1.0,4.0,7.0,8.0,0.0,8.0,0.0,0.0,8.0,1.0,6.0,8.0,8.0,1.0,2.0,9.0,2.0,4.0,0.0,4.0,8.0,9.0,9.0,5.0,5.0,1.0,6.0,2.0,5.0,0.0,7.0,6.0,4.0,6.0,7.0,4.0,6.0,7.0,6.0,5.0,8.0,4.0,5.0,0.0,1.0,1.0,2.0,0.0,8.0,7.0,3.0,7.0,2.0,7.0,8.0,8.0,6.0,5.0,8.0,3.0,5.0,4.0,0.0,3.0,5.0,434.0,84,434.0,5.166666666666667,2.4872691725078604,9.0,1.0,0.4570189861339112,1
79,2.0,5.0,7.0,9.0,4.0,6.0,6.0,5.0,0.0,1.0,4.0,6.0,1.0,2.0,5.0,5.0,2.0,9.0,9.0,0.0,5.0,6.0,7.0,3.0,3.0,4.0,5.0,8.0,0.0,3.0,1.0,5.0,0.0,8.0,6.0,6.0,4.0,2.0,3.0,7.0,5.0,7.0,3.0,6.0,1.0,8.0,3.0,4.0,0.0,2.0,6.0,7.0,0.0,4.0,0.0,3.0,0.0,7.0,3.0,1.0,2.0,4.0,8.0,4.0,5.0,4.0,1.0,1.0,8.0,4.0,8.0,3.0,4.0,1.0,2.0,5.0,2.0,5.0,1.0,0.0,6.0,0.0,9.0,0.0,6.0,8.0,9.0,6.0,4.0,5.0,2.0,8.0,5.0,2.0,2.0,5.0,1.0,7.0,4.0,7.0,412.0,89,412.0,4.629213483146067,2.3482339645311656,9.0,1.0,0.4205317132495373,1
80,9.0,5.0,1.0,5.0,9.0,4.0,7.0,7.0,6.0,2.0,8.0,0.0,4.0,0.0,1.0,5.0,6.0,7.0,1.0,3.0,8.0,0.0,2.0,1.0,6.0,0.0,9.0,7.0,3.0,0.0,0.0,5.0,6.0,1.0,0.0,7.0,5.0,7.0,4.0,4.0,1.0,5.0,4.0,6.0,7.0,8.0,3.0,4.0,5.0,4.0,7.0,5.0,6.0,1.0,6.0,3.0,1.0,8.0,0.0,7.0,8.0,0.0,2.0,6.0,3.0,4.0,6.0,1.0,3.0,0.0,5.0,6.0,7.0,1.0,4.0,5.0,1.0,7.0,1.0,6.0,0.0,5.0,7.0,6.0,8.0,1.0,7.0,7.0,2.0,6.0,9.0,4.0,7.0,6.0,3.0,4.0,8.0,0.0,2.0,2.0,426.0,88,426.0,4.840909090909091,2.3831146714310836,9.0,1.0,0.4306924734783862,1
81,1.0,5.0,9.0,7.0,5.0,1.0,2.0,0.0,2.0,1.0,1.0,1.0,5.0,1.0,4.0,7.0,2.0,6.0,2.0,5.0,6.0,9.0,7.0,7.0,7.0,1.0,4.0,1.0,1.0,7.0,5.0,4.0,4.0,5.0,4.0,9.0,8.0,8.0,9.0,2.0,9.0,2.0,3.0,6.0,5.0,0.0,5.0,8.0,8.0,9.0,5.0,5.0,1.0,3.0,4.0,0.0,6.0,8.0,1.0,0.0,7.0,7.0,4.0,1.0,4.0,0.0,1.0,2.0,8.0,2.0,4.0,0.0,7.0,0.0,8.0,4.0,2.0,6.0,2.0,0.0,5.0,0.0,5.0,2.0,3.0,0.0,0.0,7.0,2.0,2.0,9.0,0.0,0.0,2.0,9.0,5.0,1.0,9.0,6.0,5.0,404.0,87,404.0,4.64367816091954,2.6564906913014643,9.0,1.0,0.41201657056093793,1
82,5.0,9.0,4.0,7.0,6.0,6.0,5.0,1.0,8.0,1.0,5.0,8.0,9.0,5.0,8.0,7.0,8.0,9.0,6.0,0.0,1.0,7.0,1.0,1.0,6.0,7.0,3.0,2.0,4.0,0.0,1.0,1.0,0.0,7.0,0.0,8.0,3.0,5.0,1.0,1.0,9.0,7.0,2.0,0.0,4.0,0.0,7.0,3.0,1.0,4.0,5.0,2.0,3.0,6.0,6.0,1.0,4.0,9.0,5.0,0.0,2.0,7.0,3.0,2.0,4.0,3.0,0.0,0.0,0.0,2.0,3.0,1.0,1.0,5.0,1.0,5.0,7.0,1.0,0.0,9.0,7.0,5.0,0.0,8.0,4.0,8.0,9.0,7.0,3.0,9.0,8.0,0.0,9.0,4.0,5.0,6.0,0.0,4.0,9.0,1.0,416.0,86,416.0,4.837209302325581,2.710275301884753,9.0,1.0,0.42599962688242154,1
83,0.0,1.0,8.0,2.0,2.0,5.0,3.0,8.0,3.0,6.0,8.0,2.0,3.0,6.0,5.0,3.0,8.0,5.0,7.0,8.0,8.0,6.0,8.0,1.0,4.0,3.0,8.0,8.0,3.0,5.0,5.0,3.0,7.0,3.0,5.0,9.0,8.0,1.0,9.0,1.0,7.0,0.0,5.0,1.0,6.0,3.0,6.0,6.0,0.0,3.0,4.0,8.0,1.0,2.0,9.0,7.0,7.0,7.0,8.0,0.0,4.0,3.0,3.0,3.0,6.0,1.0,5.0,6.0,4.0,4.0,0.0,1.0,6.0,5.0,4.0,2.0,0.0,1.0,8.0,0.0,6.0,2.0,8.0,0.0,3.0,0.0,8.0,8.0,8.0,4.0,5.0,3.0,6.0,7.0,8.0,7.0,4.0,2.0,3.0,6.0,452.0,91,452.0,4.967032967032967,2.419928931163105,9.0,1.0,0.44252762928468026,1
84,6.0,8.0,5.0,9.0,6.0,2.0,4.0,9.0,3.0,5.0,9.0,3.0,3.0,4.0,4.0,3.0,2.0,5.0,1.0,6.0,4.0,8.0,3.0,1.0,9.0,4.0,9.0,5.0,8.0,3.0,2.0,4.0,3.0,7.0,4.0,9.0,0.0,0.0,0.0,5.0,7.0,0.0,8.0,0.0,6.0,4.0,4.0,8.0,0.0,7.0,6.0,6.0,5.0,0.0,7.0,4.0,4.0,8.0,2.0,3.0,1.0,4.0,9.0,6.0,4.0,5.0,8.0,4.0,7.0,8.0,9.0,4.0,0.0,9.0,5.0,6.0,6.0,1.0,7.0,6.0,8.0,3.0,4.0,3.0,0.0,8.0,8.0,5.0,2.0,4.0,2.0,4.0,9.0,4.0,5.0,9.0,1.0,6.0,5.0,8.0,481.0,91,481.0,5.285714285714286,2.3547273670878335,9.0,1.0,0.46654252994631384,1
85,9.0,2.0,7.0,6.0,2.0,7.0,3.0,1.0,3.0,4.0,8.0,1.0,4.0,1.0,7.0,9.0,7.0,0.0,9.0,7.0,3.0,1.0,4.0,0.0,0.0,0.0,4.0,2.0,4.0,5.0,1.0,6.0,9.0,8.0,2.0,4.0,7.0,5.0,5.0,2.0,1.0,5.0,3.0,5.0,8.0,2.0,4.0,5.0,4.0,6.0,4.0,8.0,9.0,8.0,0.0,9.0,1.0,4.0,4.0,5.0,2.0,5.0,1.0,1.0,3.0,3.0,5.0,1.0,0.0,2.0,5.0,1.0,7.0,1.0,8.0,8.0,3.0,5.0,3.0,8.0,1.0,0.0,8.0,0.0,8.0,0.0,8.0,9.0,8.0,1.0,0.0,9.0,5.0,9.0,0.0,1.0,3.0,6.0,3.0,3.0,418.0,89,418.0,4.696629213483146,2.687484494366652,9.0,1.0,0.4161313585920431,1
86,6.0,0.0,3.0,0.0,0.0,4.0,8.0,8.0,9.0,3.0,1.0,7.0,4.0,3.0,5.0,7.0,4.0,4.0,9.0,5.0,9.0,5.0,4.0,6.0,6.0,5.0,6.0,2.0,1.0,4.0,0.0,9.0,5.0,5.0,9.0,5.0,1.0,0.0,5.0,0.0,3.0,8.0,8.0,0.0,2.0,5.0,7.0,6.0,9.0,6.0,1.0,0.0,1.0,6.0,6.0,9.0,3.0,5.0,1.0,6.0,9.0,3.0,5.0,6.0,8.0,7.0,3.0,1.0,7.0,8.0,2.0,2.0,9.0,2.0,2.0,1.0,7.0,9.0,7.0,9.0,7.0,0.0,9.0,8.0,8.0,8.0,0.0,5.0,2.0,1.0,2.0,5.0,8.0,4.0,3.0,4.0,5.0,3.0,8.0,7.0,473.0,90,473.0,5.2555555555555555,2.562815773979477,9.0,1.0,0.45685808030297165,1
87,3.0,7.0,0.0,5.0,6.0,2.0,8.0,9.0,2.0,9.0,6.0,1.0,7.0,8.0,2.0,7.0,7.0,0.0,7.0,0.0,5.0,8.0,0.0,2.0,4.0,7.0,5.0,1.0,3.0,3.0,8.0,8.0,2.0,8.0,3.0,8.0,3.0,3.0,7.0,5.0,5.0,5.0,6.0,2.0,4.0,0.0,1.0,3.0,1.0,8.0,3.0,8.0,8.0,5.0,2.0,5.0,4.0,9.0,6.0,9.0,3.0,6.0,7.0,7.0,7.0,3.0,6.0,0.0,6.0,5.0,5.0,1.0,3.0,3.0,5.0,9.0,3.0,7.0,2.0,6.0,7.0,7.0,7.0,8.0,5.0,9.0,5.0,0.0,6.0,2.0,9.0,0.0,1.0,3.0,9.0,2.0,9.0,5.0,4.0,0.0,475.0,91,475.0,5.21978021978022,2.4575615440727923,9.0,1.0,0.4590519206957068,2
88,0.0,7.0,4.0,3.0,0.0,7.0,9.0,1.0,2.0,8.0,5.0,1.0,7.0,4.0,8.0,7.0,9.0,9.0,2.0,3.0,0.0,6.0,4.0,4.0,6.0,4.0,8.0,1.0,8.0,7.0,0.0,8.0,6.0,4.0,1.0,8.0,3.0,2.0,9.0,5.0,2.0,4.0,6.0,0.0,9.0,6.0,7.0,0.0,6.0,0.0,3.0,6.0,6.0,9.0,3.0,2.0,4.0,1.0,5.0,2.0,0.0,7.0,2.0,9.0,1.0,5.0,7.0,4.0,8.0,7.0,1.0,0.0,3.0,0.0,2.0,4.0,6.0,0.0,7.0,4.0,2.0,2.0,3.0,8.0,2.0,8.0,2.0,6.0,0.0,1.0,9.0,3.0,9.0,3.0,7.0,0.0,6.0,8.0,7.0,7.0,441.0,87,441.0,5.068965517241379,2.581067690723801,9.0,1.0,0.4461143095733583,1
89,9.0,7.0,6.0,2.0,2.0,6.0,4.0,7.0,5.0,4.0,6.0,9.0,6.0,8.0,4.0,6.0,0.0,2.0,0.0,8.0,3.0,1.0,8.0,5.0,7.0,2.0,7.0,6.0,4.0,7.0,1.0,3.0,6.0,8.0,5.0,9.0,6.0,0.0,8.0,1.0,6.0,4.0,1.0,5.0,2.0,7.0,3.0,3.0,0.0,4.0,3.0,3.0,5.0,2.0,0.0,5.0,6.0,0.0,3.0,2.0,7.0,5.0,6.0,6.0,5.0,3.0,5.0,1.0,3.0,5.0,3.0,2.0,9.0,6.0,7.0,3.0,3.0,2.0,8.0,5.0,6.0,2.0,9.0,4.0,4.0,1.0,1.0,2.0,1.0,0.0,2.0,9.0,4.0,7.0,6.0,0.0,9.0,4.0,9.0,6.0,442.0,92,442.0,4.804347826086956,2.3876454220896597,9.0,1.0,0.43296387299339717,1
90,2.0,9.0,5.0,4.0,0.0,1.0,3.0,3.0,6.0,5.0,2.0,2.0,4.0,4.0,1.0,0.0,0.0,4.0,3.0,4.0,6.0,9.0,1.0,7.0,1.0,4.0,6.0,9.0,3.0,0.0,1.0,5.0,1.0,6.0,1.0,1.0,9.0,6.0,4.0,6.0,3.0,8.0,8.0,9.0,4.0,1.0,1.0,4.0,5.0,4.0,9.0,3.0,4.0,0.0,2.0,7.0,7.0,8.0,8.0,0.0,8.0,2.0,7.0,1.0,8.0,0.0,2.0,8.0,6.0,9.0,6.0,1.0,9.0,4.0,1.0,4.0,7.0,2.0,8.0,2.0,9.0,9.0,8.0,5.0,2.0,0.0,2.0,9.0,9.0,2.0,0.0,4.0,4.0,4.0,5.0,2.0,3.0,4.0,8.0,3.0,430.0,91,430.0,4.725274725274725,2.709632528777572,9.0,1.0,0.4177022727968455,1
91,8.0,6.0,1.0,9.0,6.0,7.0,2.0,0.0,4.0,7.0,0.0,8.0,6.0,0.0,6.0,1.0,4.0,7.0,5.0,3.0,8.0,7.0,6.0,7.0,4.0,4.0,0.0,9.0,4.0,8.0,6.0,2.0,4.0,7.0,3.0,0.0,4.0,6.0,2.0,8.0,3.0,5.0,6.0,9.0,5.0,3.0,2.0,1.0,2.0,7.0,4.0,0.0,6.0,2.0,9.0,2.0,6.0,2.0,3.0,2.0,0.0,9.0,6.0,6.0,6.0,1.0,9.0,2.0,7.0,1.0,2.0,2.0,8.0,9.0,3.0,3.0,4.0,5.0,6.0,8.0,4.0,0.0,0.0,3.0,4.0,9.0,5.0,0.0,3.0,9.0,4.0,0.0,9.0,6.0,6.0,0.0,3.0,1.0,3.0,5.0,439.0,88,439.0,4.988636363636363,2.456412379235112,9.0,1.0,0.44448946712221876,1
92,1.0,4.0,4.0,6.0,3.0,5.0,9.0,8.0,1.0,5.0,5.0,1.0,1.0,7.0,1.0,4.0,2.0,2.0,2.0,4.0,6.0,1.0,1.0,1.0,3.0,3.0,5.0,2.0,9.0,6.0,6.0,3.0,3.0,0.0,9.0,8.0,7.0,8.0,8.0,0.0,5.0,5.0,1.0,7.0,5.0,2.0,3.0,9.0,6.0,5.0,5.0,2.0,8.0,6.0,6.0,2.0,2.0,1.0,4.0,1.0,0.0,0.0,4.0,5.0,2.0,3.0,3.0,1.0,4.0,3.0,1.0,9.0,9.0,4.0,8.0,6.0,8.0,2.0,5.0,5.0,7.0,0.0,9.0,6.0,9.0,5.0,8.0,1.0,9.0,4.0,4.0,9.0,0.0,9.0,2.0,6.0,8.0,4.0,3.0,0.0,434.0,93,434.0,4.666666666666667,2.636930984671603,9.0,1.0,0.41494577051262876,1
93,0.0,2.0,6.0,2.0,3.0,1.0,0.0,9.0,1.0,2.0,6.0,8.0,2.0,9.0,8.0,0.0,8.0,5.0,0.0,1.0,4.0,4.0,5.0,3.0,3.0,6.0,7.0,5.0,3.0,8.0,0.0,3.0,1.0,6.0,5.0,6.0,9.0,6.0,8.0,3.0,0.0,4.0,1.0,4.0,3.0,9.0,4.0,3.0,5.0,4.0,4.0,9.0,1.0,0.0,5.0,6.0,6.0,2.0,1.0,9.0,3.0,1.0,5.0,6.0,0.0,0.0,2.0,9.0,8.0,2.0,4.0,9.0,7.0,6.0,3.0,2.0,5.0,0.0,8.0,2.0,6.0,2.0,4.0,7.0,4.0,9.0,4.0,3.0,3.0,7.0,4.0,6.0,9.0,0.0,4.0,8.0,4.0,4.0,4.0,1.0,423.0,89,423.0,4.752808988764045,2.491698120822918,9.0,1.0,0.4278938234419458,1
94,0.0,9.0,7.0,1.0,8.0,3.0,7.0,3.0,0.0,7.0,1.0,5.0,3.0,3.0,9.0,3.0,0.0,8.0,9.0,3.0,1.0,6.0,7.0,0.0,7.0,9.0,2.0,8.0,1.0,1.0,3.0,1.0,1.0,0.0,3.0,1.0,5.0,0.0,4.0,5.0,9.0,7.0,0.0,4.0,1.0,9.0,7.0,1.0,9.0,6.0,6.0,3.0,5.0,3.0,3.0,2.0,2.0,7.0,3.0,5.0,9.0,6.0,7.0,2.0,6.0,2.0,3.0,1.0,2.0,0.0,8.0,3.0,7.0,1.0,7.0,0.0,2.0,5.0,3.0,2.0,3.0,9.0,5.0,8.0,5.0,0.0,3.0,9.0,7.0,6.0,5.0,6.0,2.0,4.0,0.0,9.0,2.0,5.0,1.0,5.0,416.0,89,416.0,4.674157303370786,2.6722682403324254,9.0,1.0,0.41544918530717256,1
95,0.0,6.0,3.0,3.0,5.0,4.0,0.0,6.0,7.0,7.0,9.0,1.0,1.0,1.0,6.0,1.0,6.0,6.0,4.0,7.0,5.0,0.0,4.0,2.0,4.0,8.0,2.0,6.0,4.0,8.0,1.0,4.0,6.0,5.0,9.0,2.0,9.0,2.0,0.0,8.0,9.0,9.0,9.0,2.0,2.0,7.0,4.0,0.0,5.0,8.0,8.0,1.0,1.0,2.0,5.0,7.0,3.0,9.0,4.0,7.0,0.0,5.0,4.0,6.0,0.0,5.0,0.0,2.0,7.0,0.0,0.0,7.0,2.0,0.0,9.0,4.0,7.0,3.0,5.0,5.0,4.0,5.0,6.0,7.0,9.0,1.0,4.0,2.0,0.0,0.0,2.0,0.0,6.0,8.0,9.0,0.0,9.0,4.0,2.0,2.0,425.0,85,425.0,5.0,2.552968283943913,9.0,1.0,0.43823053513204036,1
96,1.0,0.0,3.0,0.0,2.0,5.0,9.0,8.0,4.0,5.0,5.0,9.0,1.0,2.0,5.0,8.0,2.0,8.0,4.0,6.0,9.0,5.0,0.0,1.0,3.0,8.0,0.0,3.0,4.0,2.0,6.0,7.0,4.0,1.0,7.0,6.0,6.0,8.0,6.0,0.0,5.0,2.0,2.0,6.0,4.0,9.0,6.0,8.0,8.0,1.0,7.0,9.0,6.0,7.0,0.0,9.0,8.0,3.0,2.0,2.0,5.0,8.0,1.0,9.0,9.0,8.0,7.0,7.0,8.0,5.0,0.0,4.0,9.0,2.0,0.0,4.0,3.0,7.0,4.0,1.0,8.0,1.0,0.0,4.0,1.0,3.0,5.0,9.0,6.0,9.0,3.0,3.0,8.0,4.0,2.0,9.0,0.0,4.0,0.0,5.0,462.0,89,462.0,5.191011235955056,2.638847230845113,9.0,1.0,0.45269027200872636,1
97,2.0,6.0,1.0,6.0,6.0,5.0,9.0,2.0,8.0,6.0,8.0,0.0,6.0,0.0,0.0,2.0,3.0,5.0,7.0,2.0,1.0,6.0,7.0,4.0,6.0,3.0,8.0,8.0,7.0,1.0,9.0,1.0,0.0,0.0,0.0,6.0,5.0,9.0,0.0,3.0,7.0,8.0,5.0,3.0,0.0,8.0,5.0,3.0,3.0,4.0,7.0,5.0,2.0,4.0,1.0,9.0,9.0,0.0,9.0,6.0,3.0,8.0,0.0,3.0,0.0,0.0,1.0,5.0,9.0,1.0,0.0,6.0,2.0,6.0,9.0,4.0,4.0,6.0,0.0,7.0,0.0,9.0,4.0,2.0,6.0,6.0,3.0,5.0,8.0,4.0,4.0,1.0,4.0,4.0,5.0,4.0,4.0,0.0,3.0,1.0,417.0,84,417.0,4.964285714285714,2.4710053312242723,9.0,1.0,0.44173520851640546,1
98,3.0,0.0,2.0,1.0,2.0,0.0,2.0,8.0,4.0,0.0,8.0,3.0,0.0,8.0,8.0,4.0,6.0,6.0,0.0,1.0,4.0,6.0,5.0,5.0,1.0,9.0,2.0,7.0,3.0,9.0,9.0,8.0,1.0,3.0,1.0,3.0,5.0,3.0,3.0,1.0,3.0,4.0,4.0,5.0,4.0,4.0,2.0,0.0,0.0,4.0,1.0,4.0,0.0,7.0,2.0,3.0,8.0,4.0,1.0,4.0,5.0,2.0,4.0,6.0,7.0,6.0,1.0,2.0,1.0,5.0,3.0,7.0,9.0,9.0,2.0,3.0,4.0,6.0,3.0,4.0,2.0,6.0,9.0,3.0,5.0,3.0,8.0,4.0,7.0,9.0,8.0,3.0,3.0,4.0,1.0,2.0,0.0,3.0,0.0,9.0,396.0,90,396.0,4.4,2.48014336503177,9.0,1.0,0.4023571314872364,1
99,4.0,8.0,9.0,1.0,9.0,9.0,5.0,2.0,5.0,2.0,7.0,9.0,6.0,3.0,0.0,9.0,9.0,3.0,8.0,3.0,3.0,9.0,3.0,8.0,5.0,7.0,9.0,7.0,0.0,2.0,4.0,4.0,2.0,5.0,5.0,1.0,6.0,2.0,5.0,1.0,4.0,2.0,3.0,1.0,6.0,3.0,2.0,5.0,9.0,2.0,8.0,2.0,4.0,3.0,2.0,9.0,0.0,1.0,8.0,2.0,6.0,4.0,6.0,0.0,0.0,3.0,4.0,6.0,6.0,9.0,0.0,2.0,2.0,3.0,5.0,8.0,6.0,8.0,5.0,7.0,2.0,5.0,1.0,6.0,8.0,3.0,7.0,0.0,7.0,6.0,3.0,5.0,0.0,1.0,5.0,2.0,5.0,1.0,9.0,0.0,441.0,91,441.0,4.846153846153846,2.597222002482174,9.0,1.0,0.43106310489312105,1
