Instância,Valor da Diversidade Máxima,GAP,Vértices Selecionados,Tempo Gasto (s)
GKD-a_10_n10_m3.txt,435.71251000000007,0.0,"[4, 6, 2]",0.0017287731170654297
GKD-a_11_n10_m4.txt,649.72168,0.0,"[8, 5, 0, 3]",0.0
GKD-a_12_n10_m4.txt,1181.47302,0.0,"[9, 6, 5, 3]",0.0
GKD-a_13_n10_m4.txt,733.4334,0.0,"[7, 4, 6, 2]",0.01096200942993164
GKD-a_14_n10_m4.txt,999.4698900000001,0.0,"[5, 0, 4, 7]",0.0014340877532958984
GKD-a_15_n10_m4.txt,1206.1242900000002,0.0,"[3, 4, 5, 7]",0.0
GKD-a_16_n10_m6.txt,2106.73864,0.0,"[1, 4, 9, 2, 5, 8]",0.0
GKD-a_17_n10_m6.txt,2349.9171699999997,0.0,"[8, 5, 1, 4, 0, 7]",0.0
GKD-a_18_n10_m6.txt,1850.86247,0.0,"[4, 0, 5, 9, 8, 7]",0.0
GKD-a_19_n10_m6.txt,2496.47443,0.0,"[2, 7, 5, 0, 9, 1]",0.013585567474365234
GKD-a_1_n10_m2.txt,243.97252,0.0,"[9, 8]",0.0010409355163574219
GKD-a_20_n10_m6.txt,1387.7932099999998,0.0,"[7, 3, 9, 2, 6, 8]",0.0009918212890625
GKD-a_21_n10_m8.txt,5279.0869600000005,0.0,"[1, 2, 9, 6, 8, 3, 7, 0]",0.0009953975677490234
GKD-a_22_n10_m8.txt,3441.99355,0.0,"[4, 0, 8, 6, 5, 9, 3, 2]",0.002003908157348633
GKD-a_23_n10_m8.txt,2720.6112200000002,0.0,"[2, 9, 4, 8, 7, 5, 3, 1]",0.0009989738464355469
GKD-a_24_n10_m8.txt,3506.0868100000002,0.0,"[7, 5, 4, 3, 1, 6, 9, 0]",0.0010018348693847656
GKD-a_25_n10_m8.txt,3612.46857,0.0,"[5, 6, 3, 8, 4, 1, 0, 2]",0.0019230842590332031
GKD-a_26_n15_m3.txt,332.76655,0.0,"[8, 3, 6]",0.002077341079711914
GKD-a_27_n15_m3.txt,670.80497,0.0,"[7, 10, 1]",0.0009970664978027344
GKD-a_28_n15_m3.txt,631.81294,0.0,"[1, 6, 0]",0.002209901809692383
GKD-a_29_n15_m3.txt,521.457,0.0,"[12, 10, 14]",0.0010006427764892578
GKD-a_2_n10_m2.txt,210.65042,0.0,"[6, 9]",0.00099945068359375
GKD-a_30_n15_m3.txt,575.13625,0.0,"[1, 5, 0]",0.0011107921600341797
GKD-a_31_n15_m4.txt,596.1962900000001,0.0,"[12, 14, 4, 13]",0.0
GKD-a_32_n15_m4.txt,875.77328,0.0,"[0, 7, 14, 4]",0.0
GKD-a_33_n15_m4.txt,1213.43135,0.0,"[4, 1, 12, 2]",0.0
GKD-a_34_n15_m4.txt,852.6636000000001,0.0,"[12, 6, 5, 1]",0.0
GKD-a_35_n15_m4.txt,486.11318,0.0,"[12, 7, 13, 10]",0.0
GKD-a_36_n15_m6.txt,2805.2577300000003,0.0,"[11, 8, 10, 6, 4, 2]",0.0
GKD-a_37_n15_m6.txt,2793.1514700000002,0.0,"[0, 6, 1, 5, 12, 7]",0.014016389846801758
GKD-a_38_n15_m6.txt,2116.50366,0.0,"[7, 10, 4, 1, 11, 9]",0.0
GKD-a_39_n15_m6.txt,2987.21217,0.0,"[3, 4, 2, 6, 5, 0]",0.0
GKD-a_3_n10_m2.txt,146.61536,0.0,"[0, 3]",0.0
GKD-a_40_n15_m6.txt,2421.25428,0.0,"[10, 2, 11, 6, 5, 3]",0.0
GKD-a_41_n15_m9.txt,7271.14444,0.0,"[6, 11, 12, 3, 7, 4, 8, 0, 2]",0.0
GKD-a_42_n15_m9.txt,6366.322389999999,0.0,"[14, 5, 1, 10, 13, 12, 4, 9, 7]",0.0
GKD-a_43_n15_m9.txt,4319.72123,0.0,"[7, 8, 13, 14, 11, 0, 2, 4, 12]",0.01726818084716797
GKD-a_44_n15_m9.txt,5574.20364,0.0,"[4, 9, 1, 0, 10, 6, 5, 8, 11]",0.0010476112365722656
GKD-a_45_n15_m9.txt,4191.0924,0.0,"[4, 8, 9, 14, 7, 6, 0, 1, 3]",0.0
GKD-a_46_n15_m12.txt,10305.45007,0.0,"[6, 0, 14, 9, 5, 12, 13, 2, 7, 4, 10, 1]",0.0
GKD-a_47_n15_m12.txt,13126.98905,0.0,"[7, 6, 8, 2, 14, 4, 0, 1, 10, 12, 9, 3]",0.0
GKD-a_48_n15_m12.txt,11100.186340000002,0.0,"[10, 0, 8, 9, 5, 7, 14, 1, 12, 3, 6, 4]",0.015088081359863281
GKD-a_49_n15_m12.txt,7902.547910000001,0.0,"[1, 6, 4, 14, 0, 5, 8, 13, 3, 10, 2, 12]",0.0
GKD-a_4_n10_m2.txt,186.18103,0.0,"[0, 8]",0.0
GKD-a_50_n15_m12.txt,10145.57839,0.0,"[3, 0, 1, 12, 5, 6, 2, 4, 13, 11, 14, 8]",0.0
GKD-a_51_n30_m6.txt,3113.9184099999998,0.0,"[17, 22, 23, 26, 6, 16]",0.0
GKD-a_52_n30_m6.txt,3131.73769,0.0,"[24, 26, 19, 28, 16, 8]",0.015741586685180664
GKD-a_53_n30_m6.txt,2735.31261,0.0,"[11, 9, 1, 7, 22, 8]",0.0
GKD-a_54_n30_m6.txt,1912.59752,0.0,"[21, 6, 3, 15, 25, 0]",0.0
GKD-a_55_n30_m6.txt,1891.0999299999999,0.0,"[12, 19, 10, 3, 20, 0]",0.0
GKD-a_56_n30_m9.txt,5978.43194,0.0,"[12, 19, 9, 15, 0, 5, 17, 4, 3]",0.0030279159545898438
GKD-a_57_n30_m9.txt,7855.67012,0.0,"[27, 10, 26, 9, 23, 2, 19, 16, 18]",0.0
GKD-a_58_n30_m9.txt,6482.72601,0.0,"[8, 28, 1, 12, 3, 24, 2, 16, 22]",0.0
GKD-a_59_n30_m9.txt,7394.76851,0.0,"[1, 20, 28, 10, 0, 19, 21, 4, 26]",0.014749526977539062
GKD-a_5_n10_m2.txt,209.61568,0.0,"[3, 9]",0.0
GKD-a_60_n30_m9.txt,6903.09179,0.0,"[0, 3, 1, 12, 2, 14, 28, 10, 5]",0.0
GKD-a_61_n30_m12.txt,13117.528090000002,0.0,"[4, 0, 28, 22, 24, 12, 17, 29, 7, 19, 18, 6]",0.016858339309692383
GKD-a_62_n30_m12.txt,9978.052740000001,0.0,"[14, 12, 13, 7, 22, 29, 10, 6, 18, 28, 26, 9]",0.0
GKD-a_63_n30_m12.txt,13673.93661,0.0,"[13, 29, 28, 18, 1, 14, 23, 20, 10, 19, 6, 5]",0.0
GKD-a_64_n30_m12.txt,11129.74732,0.0,"[18, 13, 8, 20, 5, 7, 2, 10, 14, 3, 4, 23]",0.0038421154022216797
GKD-a_65_n30_m12.txt,9080.835550000002,0.0,"[16, 19, 3, 15, 13, 27, 24, 29, 6, 2, 28, 20]",0.0
GKD-a_66_n30_m18.txt,24728.173240000004,0.0,"[19, 13, 23, 27, 2, 5, 15, 4, 22, 11, 8, 20, 0, 10, 24, 28, 29, 17]",0.013423681259155273
GKD-a_67_n30_m18.txt,23616.261300000002,0.0,"[15, 18, 13, 29, 9, 6, 3, 23, 0, 26, 2, 28, 11, 16, 4, 20, 17, 7]",0.0
GKD-a_68_n30_m18.txt,29612.185450000004,0.0,"[16, 12, 11, 22, 15, 14, 25, 17, 5, 0, 10, 6, 23, 4, 8, 18, 2, 20]",0.004089832305908203
GKD-a_69_n30_m18.txt,26004.5033,0.0,"[23, 27, 4, 17, 21, 29, 25, 2, 20, 14, 13, 19, 26, 6, 0, 24, 12, 7]",0.016530513763427734
GKD-a_6_n10_m3.txt,254.13277,0.0,"[5, 7, 1]",0.0
GKD-a_70_n30_m18.txt,23072.84598,0.0,"[9, 0, 19, 2, 8, 17, 25, 18, 15, 12, 13, 26, 5, 10, 16, 4, 14, 27]",0.0
GKD-a_71_n30_m24.txt,34073.31095,0.0,"[9, 12, 29, 18, 6, 3, 28, 8, 26, 25, 24, 11, 16, 4, 10, 27, 23, 1, 19, 7, 14, 5, 13, 20]",0.01385951042175293
GKD-a_72_n30_m24.txt,49703.859580000004,0.0,"[3, 10, 15, 4, 21, 20, 14, 25, 1, 9, 19, 12, 17, 6, 26, 8, 28, 0, 16, 29, 5, 2, 13, 24]",0.016530513763427734
GKD-a_73_n30_m24.txt,27340.649530000006,0.0,"[5, 24, 29, 4, 1, 13, 22, 6, 9, 14, 21, 25, 20, 3, 0, 10, 8, 7, 28, 15, 16, 17, 12, 11]",0.01672840118408203
GKD-a_74_n30_m24.txt,19033.927800000005,0.0,"[20, 17, 24, 19, 18, 4, 22, 2, 23, 10, 9, 28, 29, 16, 0, 26, 6, 12, 15, 14, 27, 25, 5, 11]",0.0
GKD-a_75_n30_m24.txt,16420.41335,0.0,"[22, 10, 4, 7, 19, 12, 15, 2, 0, 23, 5, 17, 14, 25, 3, 28, 13, 21, 11, 18, 8, 24, 16, 1]",0.01678013801574707
GKD-a_7_n10_m3.txt,470.04624,0.0,"[8, 2, 9]",0.0
GKD-a_8_n10_m3.txt,363.24582999999996,0.0,"[9, 4, 5]",0.0
GKD-a_9_n10_m3.txt,541.08961,0.0,"[0, 6, 4]",0.0
GKD-b_10_n25_m7.txt,3418.3096400000004,0.0,"[14, 3, 20, 10, 5, 15, 22]",0.0
GKD-b_11_n50_m5.txt,1792.41095,0.0,"[2, 45, 25, 27, 34]",0.016347646713256836
GKD-b_12_n50_m5.txt,2182.36513,0.0,"[32, 5, 8, 40, 11]",0.0
GKD-b_13_n50_m5.txt,1365.70204,0.0,"[35, 47, 18, 33, 17]",0.017766714096069336
GKD-b_14_n50_m5.txt,1291.36132,0.0,"[28, 33, 17, 49, 41]",0.000492095947265625
GKD-b_15_n50_m5.txt,1890.2576600000002,0.0,"[31, 15, 9, 27, 36]",0.0
GKD-b_16_n50_m15.txt,10852.354280000001,0.0,"[33, 27, 2, 47, 12, 14, 11, 24, 16, 15, 17, 9, 45, 20, 21]",0.0015017986297607422
GKD-b_17_n50_m15.txt,7659.77629,0.0,"[27, 23, 19, 16, 46, 24, 2, 0, 33, 44, 3, 32, 30, 12, 47]",0.015569925308227539
GKD-b_18_n50_m15.txt,13862.296690000001,0.0,"[34, 21, 28, 0, 14, 48, 9, 41, 35, 13, 47, 7, 23, 33, 2]",0.01628589630126953
GKD-b_19_n50_m15.txt,14406.561970000002,0.0,"[5, 25, 3, 23, 39, 28, 47, 31, 49, 33, 46, 15, 40, 11, 12]",0.016773462295532227
GKD-b_1_n25_m2.txt,121.24863,0.0,"[10, 20]",0.0
GKD-b_20_n50_m15.txt,14352.364520000001,0.0,"[14, 35, 3, 25, 29, 11, 43, 6, 21, 26, 1, 19, 10, 30, 33]",0.016512632369995117
GKD-b_21_n100_m10.txt,5401.574680000001,0.0,"[33, 70, 94, 20, 75, 27, 34, 36, 44, 81]",0.01872849464416504
GKD-b_22_n100_m10.txt,8067.27447,0.0,"[84, 20, 39, 61, 91, 41, 59, 12, 34, 18]",0.016443967819213867
GKD-b_23_n100_m10.txt,5543.6995400000005,0.0,"[15, 50, 38, 16, 35, 60, 70, 65, 44, 57]",0.017103910446166992
GKD-b_24_n100_m10.txt,9480.84162,0.0,"[21, 14, 64, 56, 71, 28, 31, 6, 37, 11]",0.018977880477905273
GKD-b_25_n100_m10.txt,7711.02221,0.0,"[82, 11, 89, 80, 27, 26, 3, 79, 8, 52]",0.03117990493774414
GKD-b_26_n100_m30.txt,47683.49360000001,0.0,"[4, 41, 73, 72, 14, 69, 96, 29, 44, 97, 75, 76, 74, 2, 17, 0, 84, 36, 50, 78, 90, 63, 24, 79, 54, 56, 65, 67, 35, 81]",0.05436849594116211
GKD-b_27_n100_m30.txt,42690.59552,0.0,"[62, 0, 59, 98, 84, 23, 25, 33, 99, 39, 24, 48, 22, 68, 20, 94, 57, 19, 6, 17, 12, 13, 54, 37, 15, 14, 66, 76, 58, 16]",0.04971146583557129
GKD-b_28_n100_m30.txt,92960.15324000001,0.0,"[91, 84, 5, 19, 16, 47, 40, 4, 70, 61, 74, 42, 25, 68, 96, 76, 33, 65, 99, 75, 93, 66, 95, 27, 17, 87, 45, 49, 53, 82]",0.06656861305236816
GKD-b_29_n100_m30.txt,81921.72259000002,0.0,"[68, 65, 35, 53, 45, 23, 30, 1, 92, 25, 70, 4, 77, 86, 90, 47, 98, 73, 22, 96, 9, 79, 44, 56, 24, 62, 74, 76, 78, 89]",0.06695175170898438
GKD-b_2_n25_m2.txt,247.39558,0.0,"[11, 1]",0.0
GKD-b_30_n100_m30.txt,53634.548930000004,0.0,"[77, 10, 20, 34, 96, 41, 93, 75, 36, 9, 25, 24, 3, 58, 37, 40, 69, 56, 8, 78, 21, 5, 50, 68, 45, 29, 67, 19, 76, 4]",0.07047891616821289
GKD-b_31_n125_m12.txt,5393.845300000001,0.0,"[19, 20, 80, 9, 32, 72, 52, 34, 21, 102, 11, 64]",0.03330683708190918
GKD-b_32_n125_m12.txt,12643.826579999999,0.0,"[104, 116, 77, 57, 88, 2, 69, 56, 98, 86, 66, 55]",0.033602237701416016
GKD-b_33_n125_m12.txt,8021.78456,0.0,"[29, 33, 45, 75, 83, 123, 100, 16, 76, 99, 104, 27]",0.033740997314453125
GKD-b_34_n125_m12.txt,13328.91369,0.0,"[115, 16, 29, 118, 103, 2, 71, 45, 24, 119, 38, 59]",0.016910791397094727
GKD-b_35_n125_m12.txt,7125.34535,0.0,"[98, 83, 97, 20, 109, 65, 72, 114, 74, 35, 38, 94]",0.03667426109313965
GKD-b_36_n125_m37.txt,111485.58445000001,0.0,"[5, 85, 117, 39, 104, 56, 30, 103, 19, 52, 61, 93, 17, 71, 119, 21, 99, 15, 26, 12, 86, 100, 91, 13, 31, 106, 94, 25, 76, 107, 55, 37, 109, 75, 18, 114, 53]",0.09997105598449707
GKD-b_37_n125_m37.txt,129434.47916999999,0.0,"[8, 83, 74, 52, 21, 39, 18, 93, 110, 44, 101, 116, 6, 31, 58, 92, 111, 10, 113, 12, 47, 14, 94, 87, 103, 23, 35, 102, 27, 105, 38, 40, 49, 88, 30, 123, 50]",0.10256028175354004
GKD-b_38_n125_m37.txt,89474.97866,0.0,"[95, 12, 23, 100, 85, 82, 86, 39, 33, 25, 76, 35, 31, 69, 123, 67, 4, 38, 89, 97, 72, 22, 122, 44, 90, 81, 113, 16, 73, 6, 36, 40, 112, 48, 29, 8, 101]",0.10114502906799316
GKD-b_39_n125_m37.txt,97638.68392000002,0.0,"[53, 108, 72, 104, 113, 25, 13, 96, 98, 17, 114, 58, 45, 5, 14, 92, 47, 40, 34, 38, 91, 117, 97, 95, 74, 19, 33, 75, 76, 18, 69, 2, 23, 12, 99, 60, 78]",0.08048462867736816
GKD-b_3_n25_m2.txt,131.36134,0.0,"[22, 13]",0.0
GKD-b_40_n125_m37.txt,120923.32601,0.0,"[123, 32, 108, 43, 31, 7, 99, 78, 3, 2, 47, 26, 30, 75, 11, 122, 59, 49, 73, 8, 76, 36, 24, 80, 86, 15, 104, 6, 29, 77, 20, 81, 44, 58, 68, 113, 109]",0.0804142951965332
GKD-b_41_n150_m15.txt,22674.92096,0.0,"[134, 110, 35, 38, 42, 21, 86, 9, 13, 84, 41, 7, 149, 18, 22]",0.04902911186218262
GKD-b_42_n150_m15.txt,14418.227070000003,0.0,"[102, 61, 3, 93, 96, 128, 51, 20, 72, 65, 69, 9, 29, 129, 10]",0.04992508888244629
GKD-b_43_n150_m15.txt,12908.48195,0.0,"[14, 17, 145, 68, 141, 117, 97, 91, 76, 26, 44, 106, 78, 79, 105]",0.04998636245727539
GKD-b_44_n150_m15.txt,16344.653180000001,0.0,"[53, 142, 138, 108, 96, 133, 140, 69, 38, 41, 107, 104, 145, 4, 113]",0.035628318786621094
GKD-b_45_n150_m15.txt,16665.04918,0.0,"[5, 81, 111, 43, 137, 133, 74, 21, 86, 6, 85, 136, 114, 53, 54]",0.05044960975646973
GKD-b_46_n150_m45.txt,160263.1994,0.0,"[143, 107, 95, 113, 85, 9, 82, 5, 126, 131, 41, 80, 50, 133, 65, 60, 34, 106, 110, 49, 114, 3, 68, 25, 59, 147, 27, 1, 84, 109, 29, 139, 24, 119, 74, 130, 136, 46, 142, 11, 35, 19, 129, 144, 32]",0.13003063201904297
GKD-b_47_n150_m45.txt,198323.55556000004,0.0,"[76, 141, 142, 56, 148, 91, 58, 110, 72, 127, 103, 95, 134, 97, 41, 24, 1, 43, 45, 68, 131, 144, 16, 50, 136, 145, 28, 51, 89, 114, 55, 35, 64, 17, 81, 130, 53, 118, 47, 133, 84, 79, 74, 33, 36]",0.15013933181762695
GKD-b_48_n150_m45.txt,136032.02352000002,0.0,"[108, 116, 120, 22, 103, 93, 119, 59, 147, 60, 52, 57, 77, 56, 50, 112, 106, 107, 95, 98, 3, 1, 84, 110, 67, 102, 90, 4, 141, 85, 134, 88, 27, 100, 20, 128, 72, 18, 64, 47, 76, 13, 23, 10, 42]",0.13303136825561523
GKD-b_49_n150_m45.txt,199702.54566,0.0,"[46, 48, 9, 14, 114, 143, 19, 105, 81, 88, 103, 149, 134, 139, 100, 61, 110, 39, 142, 109, 111, 131, 130, 28, 84, 144, 115, 33, 146, 0, 68, 91, 25, 71, 77, 104, 69, 36, 24, 135, 63, 13, 29, 83, 44]",0.1472618579864502
GKD-b_4_n25_m2.txt,215.29823,0.0,"[19, 23]",0.0
GKD-b_50_n150_m45.txt,145685.38929000005,0.0,"[6, 138, 16, 132, 142, 33, 76, 81, 23, 11, 141, 12, 21, 144, 51, 134, 28, 100, 92, 124, 133, 146, 126, 53, 69, 3, 90, 80, 0, 74, 39, 7, 32, 119, 56, 72, 63, 149, 95, 135, 78, 31, 120, 9, 111]",0.15217304229736328
GKD-b_5_n25_m2.txt,254.7215,0.0,"[8, 13]",0.0
GKD-b_6_n25_m7.txt,4165.5340400000005,0.0,"[6, 5, 3, 7, 0, 21, 10]",0.002476930618286133
GKD-b_7_n25_m7.txt,4285.734039999999,0.0,"[9, 14, 8, 22, 24, 23, 5]",0.0
GKD-b_8_n25_m7.txt,3873.51195,0.0,"[19, 12, 10, 1, 3, 7, 4]",0.0
GKD-b_9_n25_m7.txt,1813.7823600000002,0.0,"[7, 10, 9, 8, 17, 21, 24]",0.01683664321899414
GKD-c_10_n500_m50.txt,19703.339910000002,0.0,"[176, 70, 278, 387, 100, 323, 353, 108, 445, 26, 374, 204, 343, 293, 228, 104, 136, 142, 339, 351, 391, 196, 346, 358, 450, 23, 367, 183, 208, 250, 76, 190, 161, 483, 357, 105, 5, 292, 146, 468, 152, 74, 266, 229, 296, 233, 155, 312, 121, 148]",21.931687593460083
GKD-c_11_n500_m50.txt,19587.120179999998,0.0,"[28, 225, 90, 444, 383, 249, 191, 427, 447, 376, 493, 19, 498, 253, 273, 431, 185, 282, 293, 299, 119, 488, 198, 368, 141, 403, 396, 407, 319, 482, 374, 402, 323, 496, 192, 197, 394, 124, 474, 165, 101, 397, 414, 464, 410, 289, 12, 152, 484, 499]",16.895008087158203
GKD-c_12_n500_m50.txt,19359.65066,0.0,"[77, 308, 364, 498, 330, 39, 274, 417, 192, 258, 467, 142, 283, 367, 480, 159, 124, 116, 172, 145, 76, 246, 83, 449, 315, 416, 78, 202, 369, 138, 345, 219, 337, 141, 233, 15, 36, 259, 458, 272, 183, 131, 205, 48, 237, 388, 168, 360, 31, 288]",19.398714065551758
GKD-c_13_n500_m50.txt,19366.698520000005,0.0,"[6, 432, 48, 479, 137, 460, 46, 327, 488, 393, 445, 258, 256, 436, 259, 478, 139, 295, 412, 465, 51, 235, 229, 108, 13, 277, 458, 165, 18, 492, 167, 378, 36, 176, 249, 463, 225, 306, 153, 162, 4, 230, 135, 483, 446, 227, 424, 338, 391, 374]",18.94711136817932
GKD-c_14_n500_m50.txt,19458.564660000004,0.0,"[282, 2, 476, 137, 98, 170, 81, 490, 41, 273, 132, 391, 90, 208, 309, 402, 367, 381, 392, 218, 446, 477, 211, 173, 143, 403, 356, 151, 73, 429, 316, 174, 395, 453, 11, 415, 230, 196, 350, 163, 364, 473, 303, 113, 355, 231, 179, 135, 457, 123]",21.804222345352173
GKD-c_15_n500_m50.txt,19421.075090000002,0.0,"[471, 120, 341, 42, 72, 248, 474, 150, 312, 360, 181, 293, 306, 464, 326, 395, 379, 108, 152, 455, 215, 467, 370, 283, 172, 254, 193, 446, 189, 458, 276, 206, 339, 13, 405, 449, 300, 250, 496, 247, 122, 55, 133, 76, 393, 197, 213, 269, 478, 348]",20.06242346763611
GKD-c_16_n500_m50.txt,19680.204770000008,0.0,"[460, 261, 155, 344, 342, 476, 182, 268, 298, 71, 119, 394, 120, 286, 144, 216, 224, 479, 455, 408, 326, 284, 290, 451, 246, 98, 320, 213, 432, 250, 48, 198, 187, 133, 89, 11, 52, 8, 448, 111, 303, 76, 74, 150, 233, 456, 33, 62, 482, 464]",19.89111351966858
GKD-c_17_n500_m50.txt,19331.388410000003,0.0,"[62, 178, 183, 217, 394, 77, 110, 306, 10, 109, 55, 249, 247, 293, 111, 303, 359, 384, 376, 23, 163, 167, 443, 284, 24, 197, 277, 92, 484, 65, 428, 379, 324, 350, 216, 158, 348, 308, 420, 121, 80, 189, 362, 211, 236, 206, 74, 138, 320, 327]",19.963752031326294
GKD-c_18_n500_m50.txt,19461.39460000001,0.0,"[129, 109, 425, 182, 108, 498, 367, 10, 14, 206, 270, 346, 331, 339, 410, 253, 40, 336, 483, 396, 414, 61, 303, 319, 210, 472, 232, 354, 274, 179, 141, 499, 80, 278, 185, 360, 340, 190, 23, 104, 383, 238, 189, 17, 476, 473, 352, 98, 368, 0]",19.242199659347534
GKD-c_19_n500_m50.txt,19474.454380000003,0.0,"[201, 491, 155, 438, 497, 370, 397, 441, 247, 427, 406, 219, 85, 31, 104, 306, 465, 3, 78, 386, 352, 87, 280, 467, 334, 263, 492, 173, 371, 215, 153, 38, 142, 69, 250, 26, 411, 196, 181, 144, 315, 243, 486, 307, 32, 408, 133, 483, 121, 354]",18.552055597305298
GKD-c_1_n500_m50.txt,19485.18697,0.0,"[378, 127, 136, 102, 325, 323, 103, 170, 108, 248, 387, 207, 467, 279, 421, 309, 30, 406, 87, 92, 449, 175, 456, 121, 353, 484, 295, 105, 65, 319, 222, 329, 230, 141, 296, 474, 63, 84, 83, 302, 351, 75, 78, 282, 391, 186, 427, 328, 231, 96]",21.160499095916748
GKD-c_20_n500_m50.txt,19604.84356000001,0.0,"[453, 85, 290, 253, 354, 90, 108, 452, 120, 9, 429, 454, 174, 95, 64, 382, 392, 231, 499, 68, 353, 207, 441, 190, 12, 449, 410, 316, 73, 405, 362, 15, 80, 282, 70, 475, 435, 139, 100, 498, 194, 484, 262, 423, 409, 356, 360, 130, 169, 34]",20.163108587265015
GKD-c_2_n500_m50.txt,19701.534770000006,0.0,"[242, 302, 239, 297, 369, 404, 292, 338, 212, 357, 171, 8, 407, 428, 18, 397, 185, 383, 431, 413, 214, 15, 37, 53, 444, 83, 173, 113, 227, 200, 349, 334, 365, 419, 126, 464, 468, 159, 280, 377, 246, 373, 115, 484, 209, 148, 237, 329, 289, 9]",18.373031616210938
GKD-c_3_n500_m50.txt,19547.206850000006,0.0,"[455, 449, 438, 118, 278, 139, 466, 349, 64, 149, 86, 348, 240, 293, 195, 94, 423, 244, 252, 23, 181, 144, 360, 253, 213, 201, 477, 204, 473, 268, 471, 259, 350, 254, 37, 69, 131, 415, 150, 451, 126, 433, 25, 427, 0, 393, 51, 324, 270, 35]",18.997687339782715
GKD-c_4_n500_m50.txt,19596.468380000002,0.0,"[41, 76, 251, 59, 301, 298, 304, 373, 386, 130, 231, 206, 460, 312, 447, 115, 343, 431, 12, 17, 214, 401, 104, 80, 494, 94, 366, 493, 328, 162, 119, 216, 19, 129, 11, 333, 319, 40, 325, 170, 159, 88, 31, 273, 276, 26, 169, 441, 226, 365]",20.809498071670532
GKD-c_5_n500_m50.txt,19602.621990000007,0.0,"[374, 233, 474, 137, 466, 146, 273, 208, 167, 226, 234, 26, 402, 271, 356, 238, 300, 316, 173, 143, 149, 353, 458, 396, 478, 250, 399, 194, 57, 244, 378, 393, 162, 364, 41, 471, 191, 294, 170, 327, 101, 215, 232, 280, 33, 88, 362, 227, 182, 380]",21.68719506263733
GKD-c_6_n500_m50.txt,19421.539080000002,0.0,"[267, 403, 60, 100, 56, 437, 203, 76, 373, 208, 137, 32, 221, 142, 400, 489, 374, 482, 219, 498, 309, 31, 392, 291, 326, 492, 250, 25, 148, 325, 480, 206, 360, 486, 488, 134, 277, 462, 242, 83, 387, 265, 420, 478, 427, 276, 330, 421, 441, 166]",21.645618200302124
GKD-c_7_n500_m50.txt,19534.30358,0.0,"[6, 407, 205, 269, 336, 0, 27, 128, 194, 456, 390, 191, 412, 320, 277, 188, 273, 420, 197, 285, 489, 289, 76, 271, 256, 466, 173, 64, 335, 73, 307, 296, 317, 248, 49, 79, 251, 297, 183, 431, 94, 492, 211, 221, 168, 386, 22, 252, 449, 66]",21.779603481292725
GKD-c_8_n500_m50.txt,19486.671870000006,0.0,"[497, 346, 357, 11, 338, 187, 384, 250, 209, 400, 201, 264, 387, 386, 492, 182, 310, 23, 479, 472, 180, 398, 179, 169, 488, 195, 21, 361, 171, 474, 279, 482, 111, 379, 248, 439, 426, 67, 212, 375, 486, 498, 438, 115, 146, 157, 144, 54, 289, 158]",19.393672466278076
GKD-c_9_n500_m50.txt,19221.628780000003,0.0,"[64, 197, 314, 411, 135, 228, 181, 421, 316, 398, 330, 291, 374, 281, 42, 486, 321, 155, 463, 350, 79, 377, 434, 425, 111, 220, 296, 14, 337, 82, 443, 104, 99, 174, 381, 431, 302, 46, 274, 156, 282, 32, 408, 333, 359, 390, 318, 430, 173, 233]",18.43809175491333
MDG-a_10_n500_m50.txt,7710.82,0.0,"[126, 2, 252, 399, 199, 382, 36, 248, 92, 188, 497, 437, 189, 294, 220, 25, 33, 455, 22, 269, 96, 479, 109, 112, 357, 419, 315, 360, 172, 119, 411, 226, 206, 20, 53, 30, 195, 426, 496, 487, 392, 241, 249, 354, 184, 261, 259, 335, 18, 441]",20.724552631378174
MDG-a_11_n500_m50.txt,7713.269999999998,0.0,"[390, 149, 304, 218, 62, 24, 236, 398, 362, 97, 374, 113, 148, 292, 476, 319, 280, 222, 111, 249, 342, 43, 479, 286, 187, 14, 77, 332, 116, 408, 305, 427, 151, 168, 140, 101, 338, 122, 435, 4, 45, 135, 182, 299, 160, 165, 11, 65, 102, 64]",21.962843894958496
MDG-a_12_n500_m50.txt,7663.219999999998,0.0,"[450, 36, 253, 71, 318, 10, 320, 53, 361, 191, 82, 66, 383, 116, 352, 63, 94, 356, 389, 424, 460, 169, 358, 179, 111, 182, 391, 292, 58, 414, 398, 418, 228, 461, 198, 171, 247, 14, 40, 327, 238, 197, 78, 369, 170, 93, 296, 376, 445, 413]",20.955440998077393
MDG-a_13_n500_m50.txt,7699.600000000001,0.0,"[397, 463, 262, 51, 417, 300, 211, 99, 411, 384, 24, 66, 16, 80, 240, 301, 104, 164, 453, 403, 441, 269, 25, 131, 68, 111, 81, 71, 488, 125, 389, 252, 490, 427, 448, 95, 259, 153, 38, 136, 79, 86, 483, 476, 422, 404, 461, 412, 87, 491]",24.73358941078186
MDG-a_14_n500_m50.txt,7668.07,0.0,"[469, 459, 212, 375, 490, 21, 463, 253, 401, 405, 80, 461, 125, 156, 424, 123, 364, 336, 342, 161, 79, 54, 386, 368, 226, 267, 56, 362, 259, 233, 147, 177, 454, 301, 264, 35, 174, 100, 451, 209, 269, 30, 302, 210, 169, 390, 402, 245, 433, 306]",24.55076313018799
MDG-a_15_n500_m50.txt,7666.699999999999,0.0,"[425, 104, 44, 357, 181, 191, 464, 160, 153, 302, 371, 23, 192, 358, 435, 8, 30, 223, 84, 308, 211, 56, 117, 245, 148, 142, 214, 368, 378, 274, 161, 114, 158, 380, 69, 16, 33, 157, 326, 497, 218, 375, 174, 15, 10, 318, 363, 64, 482, 447]",24.599841117858887
MDG-a_16_n500_m50.txt,7724.079999999998,0.0,"[177, 136, 452, 490, 493, 41, 246, 321, 57, 97, 324, 429, 190, 0, 159, 486, 200, 255, 374, 10, 295, 167, 315, 318, 194, 123, 270, 427, 158, 458, 95, 235, 280, 264, 33, 117, 3, 67, 455, 248, 21, 354, 425, 422, 467, 222, 121, 22, 473, 285]",24.168938398361206
MDG-a_17_n500_m50.txt,7734.8,0.0,"[39, 169, 148, 328, 140, 454, 106, 125, 321, 412, 177, 240, 496, 402, 457, 57, 203, 362, 380, 0, 261, 144, 246, 86, 308, 71, 244, 70, 255, 4, 315, 276, 299, 175, 2, 76, 378, 207, 150, 25, 409, 96, 10, 273, 74, 373, 434, 206, 40, 341]",24.383070945739746
MDG-a_18_n500_m50.txt,7683.54,0.0,"[383, 299, 249, 331, 136, 1, 67, 87, 108, 170, 327, 370, 48, 152, 426, 2, 80, 97, 443, 288, 202, 417, 177, 446, 355, 448, 158, 329, 379, 65, 66, 252, 228, 98, 230, 408, 254, 297, 311, 239, 154, 330, 349, 151, 59, 68, 11, 289, 357, 190]",24.137557983398438
MDG-a_19_n500_m50.txt,7663.51,0.0,"[136, 155, 194, 224, 271, 407, 184, 99, 60, 490, 129, 14, 412, 18, 362, 413, 145, 196, 320, 39, 102, 447, 223, 285, 216, 36, 228, 151, 157, 333, 404, 41, 75, 292, 80, 100, 372, 322, 384, 439, 251, 385, 112, 258, 78, 252, 165, 4, 206, 450]",24.122134923934937
MDG-a_1_n500_m50.txt,7708.0,0.0,"[241, 273, 472, 442, 374, 96, 481, 268, 29, 304, 238, 485, 109, 74, 129, 51, 194, 342, 462, 402, 319, 283, 1, 484, 86, 136, 446, 314, 170, 404, 334, 211, 102, 219, 463, 465, 439, 335, 378, 323, 52, 118, 47, 237, 365, 492, 44, 93, 22, 54]",23.295655250549316
MDG-a_20_n500_m50.txt,7670.750000000002,0.0,"[470, 359, 246, 213, 186, 460, 235, 10, 282, 218, 417, 267, 27, 123, 60, 21, 226, 233, 284, 182, 479, 147, 261, 365, 119, 407, 35, 377, 381, 66, 47, 317, 103, 130, 318, 408, 67, 456, 239, 40, 430, 206, 464, 71, 304, 349, 229, 437, 236, 122]",23.99418830871582
MDG-a_21_n2000_m200.txt,113162.0,0.0,"[1657, 8, 115, 272, 308, 1347, 972, 132, 856, 1633, 523, 1299, 842, 1161, 437, 860, 250, 533, 1806, 1940, 908, 449, 1844, 74, 207, 1892, 681, 1629, 1284, 1397, 586, 721, 788, 575, 1125, 365, 975, 560, 1402, 537, 1427, 930, 823, 1597, 1855, 184, 283, 1823, 246, 1847, 1483, 1440, 1537, 720, 233, 847, 854, 1111, 748, 422, 11, 511, 194, 782, 293, 696, 764, 1469, 268, 29, 450, 1056, 241, 464, 1141, 1275, 738, 1100, 453, 1591, 1335, 206, 1482, 1990, 387, 509, 1315, 1988, 1836, 664, 1684, 296, 1265, 1701, 945, 66, 1835, 1691, 963, 627, 921, 1820, 661, 1498, 1170, 356, 1930, 221, 824, 1553, 1768, 995, 1204, 1747, 129, 1213, 1255, 1236, 433, 273, 1260, 1382, 1271, 555, 1706, 897, 1502, 934, 1193, 1454, 574, 473, 197, 1038, 1156, 1733, 225, 15, 1295, 1064, 1274, 1177, 1732, 114, 1607, 1705, 1041, 1403, 136, 63, 389, 1332, 910, 1075, 1577, 1603, 1020, 324, 384, 1311, 382, 1007, 64, 1648, 403, 843, 176, 318, 944, 901, 853, 34, 1709, 314, 559, 118, 1716, 1778, 1753, 731, 27, 1880, 423, 865, 1985, 630, 1509, 1294, 1293, 1476, 71, 1243, 1695, 456, 383, 1737, 1636, 1601, 451, 1059]",6703.275061130524
MDG-a_22_n2000_m200.txt,112962.0,0.0,"[672, 9, 180, 1072, 284, 694, 1360, 1770, 1164, 1070, 792, 1606, 662, 1623, 1084, 720, 1982, 597, 1685, 288, 1125, 235, 966, 568, 1313, 436, 1368, 1736, 146, 184, 1235, 1188, 1575, 1523, 714, 1292, 880, 993, 1223, 234, 549, 926, 569, 1142, 585, 1324, 805, 1096, 1111, 896, 1843, 219, 1041, 183, 1455, 1308, 953, 1945, 523, 129, 796, 1085, 864, 987, 1595, 239, 1811, 449, 1624, 1721, 1104, 1406, 1043, 524, 1048, 215, 452, 1748, 330, 1152, 1676, 636, 254, 1744, 564, 1557, 1564, 1181, 213, 623, 1411, 224, 181, 1646, 734, 619, 1479, 1706, 1255, 332, 396, 157, 756, 776, 1212, 873, 1524, 1695, 485, 1317, 1775, 379, 603, 1354, 520, 193, 1460, 1214, 1574, 1960, 677, 969, 909, 1020, 867, 1276, 250, 527, 747, 470, 1757, 1600, 1697, 448, 1920, 192, 1327, 1186, 1089, 1448, 1886, 46, 1959, 1146, 207, 1158, 594, 205, 1193, 406, 200, 1474, 1023, 377, 647, 506, 460, 710, 1128, 454, 1297, 847, 328, 83, 29, 1927, 1935, 189, 1172, 351, 1641, 424, 1847, 671, 1059, 1842, 1878, 306, 240, 947, 874, 961, 1178, 1410, 1139, 420, 1615, 1176, 255, 1220, 735, 1492, 1318, 1559, 301, 1609, 1240, 486, 1183, 91]",6544.245999574661
MDG-a_23_n2000_m200.txt,113080.0,0.0,"[1934, 10, 102, 815, 1197, 709, 1810, 613, 1372, 1327, 1955, 593, 1616, 722, 196, 18, 1603, 516, 1080, 600, 194, 1063, 1705, 449, 460, 1049, 934, 205, 1138, 653, 192, 599, 856, 984, 1065, 1358, 800, 1632, 1555, 1900, 822, 1300, 643, 734, 798, 234, 972, 328, 1246, 199, 647, 193, 723, 830, 33, 764, 1928, 259, 1868, 1760, 1856, 163, 1200, 846, 1492, 1038, 1545, 1336, 69, 1113, 632, 1953, 1498, 675, 1984, 75, 1392, 20, 1745, 659, 857, 1730, 448, 1260, 1152, 1177, 3, 1929, 256, 1093, 1464, 743, 1310, 688, 1522, 1017, 1131, 38, 645, 1182, 979, 563, 946, 156, 1631, 1146, 1403, 1242, 1353, 1612, 1766, 770, 217, 889, 1000, 293, 97, 1286, 292, 1356, 44, 1527, 685, 1212, 1361, 1535, 497, 1855, 1709, 144, 161, 1930, 1083, 847, 278, 1519, 1638, 1697, 574, 1817, 1001, 1497, 349, 1884, 1395, 864, 705, 1121, 68, 1153, 1285, 333, 177, 1020, 876, 1223, 21, 191, 1999, 1790, 1298, 400, 1301, 636, 265, 848, 1921, 1235, 507, 1161, 1079, 1097, 955, 1349, 738, 1726, 986, 1156, 631, 1263, 139, 24, 1024, 947, 1243, 1176, 1787, 1971, 1465, 1225, 759, 1023, 1599, 1022, 375, 1367, 1724, 996, 1583, 385]",6496.11653137207
MDG-a_24_n2000_m200.txt,113001.0,0.0,"[625, 18, 200, 462, 848, 1652, 1833, 114, 1537, 344, 971, 812, 487, 881, 715, 330, 1091, 814, 1993, 426, 410, 979, 396, 136, 1204, 319, 1138, 1820, 982, 1767, 1282, 1711, 557, 189, 694, 751, 907, 1289, 201, 515, 1816, 1920, 355, 556, 1608, 294, 316, 1524, 1595, 871, 78, 741, 1790, 1696, 984, 1261, 224, 1992, 1117, 175, 1867, 564, 202, 1260, 924, 1552, 1837, 960, 173, 1179, 1865, 264, 292, 1160, 1324, 107, 617, 1125, 375, 790, 153, 497, 1133, 1280, 34, 1121, 0, 985, 172, 1758, 886, 33, 1482, 613, 732, 196, 349, 783, 1009, 1641, 627, 1593, 54, 1933, 1483, 843, 1364, 1131, 465, 948, 1855, 1676, 1178, 800, 1417, 841, 597, 1122, 1649, 428, 154, 1311, 644, 1436, 1054, 1755, 1202, 318, 1046, 1584, 994, 227, 1578, 1655, 215, 957, 519, 601, 116, 108, 794, 234, 1151, 1907, 1423, 558, 743, 1257, 1574, 158, 1219, 1766, 1968, 73, 1662, 1910, 1980, 493, 1458, 29, 1779, 1028, 105, 1949, 142, 1137, 1422, 1770, 272, 145, 1113, 260, 1978, 807, 1977, 381, 1014, 1291, 1285, 577, 1727, 1796, 144, 76, 831, 1438, 1734, 913, 1150, 539, 1474, 851, 1710, 394, 1437, 1599, 118, 961, 115, 1728]",6507.476867437363
MDG-a_25_n2000_m200.txt,113265.0,0.0,"[480, 0, 33, 1177, 1499, 1266, 1120, 195, 1398, 1201, 1586, 150, 1905, 1234, 518, 1110, 1780, 659, 1426, 1781, 1457, 763, 635, 1374, 662, 1231, 1867, 424, 1892, 680, 1731, 39, 139, 960, 63, 1107, 1415, 159, 414, 1133, 527, 944, 637, 545, 849, 733, 892, 199, 675, 1856, 116, 1838, 1672, 629, 893, 1174, 1376, 318, 1928, 1549, 550, 1879, 1441, 474, 45, 1104, 1108, 1159, 1962, 977, 1576, 78, 186, 1195, 1911, 1535, 870, 1871, 1018, 1479, 588, 1857, 1060, 1069, 669, 467, 643, 317, 1747, 1182, 1689, 1951, 997, 905, 1297, 640, 1801, 200, 125, 323, 253, 26, 1346, 1126, 1449, 914, 284, 1692, 874, 530, 1354, 1222, 1387, 1777, 1147, 411, 1904, 1531, 80, 1395, 1814, 1302, 10, 1028, 452, 1542, 839, 1070, 1627, 1749, 170, 194, 528, 1209, 526, 1030, 283, 152, 878, 1840, 1099, 409, 100, 183, 425, 208, 1212, 1005, 748, 553, 462, 1695, 1716, 1218, 1656, 489, 1012, 129, 1306, 1427, 1094, 1103, 784, 237, 1756, 961, 444, 1835, 1155, 1162, 1100, 1053, 1044, 1032, 646, 1659, 1539, 1026, 324, 1834, 1973, 366, 740, 77, 438, 873, 1062, 1180, 265, 989, 813, 205, 391, 513, 449, 1360, 838, 806, 258, 746]",6750.440656423569
MDG-a_26_n2000_m200.txt,113112.0,0.0,"[1134, 7, 142, 539, 1164, 1142, 26, 1771, 287, 1633, 1192, 1680, 288, 159, 655, 937, 1570, 623, 1064, 1454, 1810, 132, 1750, 444, 47, 264, 1148, 1381, 494, 1258, 1338, 591, 1460, 1694, 667, 899, 621, 1642, 265, 832, 226, 330, 1110, 1827, 190, 1083, 561, 1599, 160, 1933, 43, 702, 1176, 1984, 1793, 549, 377, 976, 198, 1457, 1368, 1438, 782, 909, 1317, 302, 209, 1802, 172, 1587, 847, 1526, 1185, 1136, 907, 325, 207, 557, 1403, 791, 1600, 1841, 31, 1444, 550, 1889, 1924, 1948, 516, 828, 1716, 980, 1921, 1605, 1467, 463, 528, 75, 1203, 1257, 773, 616, 1968, 196, 1524, 842, 412, 1517, 1190, 19, 1928, 1812, 1384, 684, 1407, 1250, 1452, 581, 1231, 322, 1568, 788, 1577, 338, 1069, 1122, 1475, 1966, 1687, 602, 1636, 1156, 1646, 249, 182, 663, 533, 1184, 227, 1201, 1511, 1111, 1816, 989, 695, 28, 272, 925, 336, 845, 1348, 1178, 900, 1596, 474, 596, 1020, 496, 941, 58, 849, 1629, 848, 871, 1773, 1469, 1849, 1000, 430, 850, 117, 606, 454, 1886, 1578, 271, 1859, 1614, 480, 1775, 1944, 98, 367, 411, 121, 69, 634, 260, 286, 1061, 1284, 1710, 852, 407, 1345, 1496, 1383, 1528, 1127, 1057]",6656.203075647354
MDG-a_27_n2000_m200.txt,113046.0,0.0,"[1623, 1, 32, 595, 133, 841, 1710, 1126, 212, 1288, 738, 533, 1221, 1227, 857, 1384, 1796, 1597, 9, 1506, 364, 1364, 1747, 833, 229, 1412, 907, 338, 417, 1254, 10, 419, 245, 1378, 65, 1372, 1736, 1109, 1425, 1634, 1029, 246, 96, 1129, 1301, 949, 1955, 18, 1948, 80, 1707, 268, 920, 613, 1101, 1080, 321, 737, 311, 1679, 1657, 1073, 744, 1911, 988, 1166, 1939, 1091, 575, 30, 612, 1200, 1092, 1309, 43, 1048, 120, 288, 97, 1797, 1934, 688, 999, 99, 39, 429, 34, 1163, 733, 1007, 1691, 318, 1583, 144, 265, 1890, 991, 994, 740, 940, 1643, 102, 1493, 1098, 343, 1381, 461, 877, 1857, 1543, 647, 966, 592, 1812, 689, 1188, 822, 814, 918, 804, 146, 1083, 1168, 1314, 1591, 208, 1487, 1897, 608, 375, 515, 225, 198, 1130, 1638, 1578, 810, 1881, 62, 158, 111, 1039, 852, 1606, 173, 1844, 1957, 1642, 1501, 1725, 459, 1664, 606, 1460, 237, 454, 467, 303, 1274, 108, 680, 261, 1703, 537, 264, 1066, 979, 1088, 1906, 329, 1004, 602, 368, 1513, 1859, 446, 1550, 1093, 1553, 496, 1624, 1346, 523, 1995, 131, 532, 1673, 546, 1383, 1252, 182, 1639, 556, 1866, 134, 1510, 1686, 1647, 1524, 1751]",6564.41912984848
MDG-a_28_n2000_m200.txt,113218.0,0.0,"[522, 18, 89, 175, 1121, 1246, 1973, 861, 1315, 1389, 1670, 1968, 321, 330, 930, 1330, 1144, 139, 344, 157, 227, 1460, 1382, 1660, 458, 1653, 1582, 1298, 888, 613, 1274, 184, 870, 1681, 1348, 1175, 420, 1671, 228, 1307, 614, 4, 298, 57, 1499, 1253, 269, 436, 1060, 1168, 1890, 709, 421, 500, 16, 1842, 424, 1044, 767, 713, 1835, 1195, 363, 1494, 1496, 1682, 381, 1720, 943, 1463, 1324, 1848, 775, 1125, 49, 678, 1297, 150, 1639, 1106, 208, 1110, 1778, 1101, 901, 756, 1818, 1501, 465, 1538, 1626, 174, 1228, 1037, 149, 1185, 1572, 1707, 226, 793, 131, 1705, 1213, 375, 260, 837, 1507, 1337, 1815, 1938, 830, 215, 328, 1856, 902, 833, 806, 1718, 1654, 968, 1237, 299, 1091, 1557, 1870, 642, 372, 1462, 310, 1893, 1347, 333, 1797, 1919, 220, 1756, 659, 1049, 1769, 287, 1256, 1397, 1327, 1936, 1206, 200, 400, 611, 792, 871, 170, 752, 1539, 1033, 96, 842, 64, 218, 1706, 1541, 1197, 248, 1672, 1717, 687, 1065, 1824, 1459, 1743, 701, 820, 1401, 148, 5, 70, 1005, 280, 1134, 1444, 99, 165, 1844, 1555, 1127, 382, 610, 151, 747, 1967, 39, 868, 578, 1380, 221, 864, 1900, 1771, 1358, 60, 33]",5812.503024101257
MDG-a_29_n2000_m200.txt,113066.0,0.0,"[1273, 4, 19, 361, 138, 487, 66, 373, 672, 1745, 1930, 1811, 81, 787, 332, 262, 300, 306, 278, 383, 465, 1958, 523, 692, 731, 1759, 1849, 1086, 1629, 637, 1385, 1242, 45, 399, 559, 1493, 1502, 1706, 1082, 1383, 102, 1065, 1157, 139, 1927, 404, 690, 513, 928, 636, 242, 1947, 1810, 1227, 1506, 246, 684, 463, 604, 247, 846, 1406, 881, 228, 830, 179, 875, 605, 619, 589, 478, 124, 1179, 1473, 198, 646, 1818, 763, 1136, 1282, 1946, 1405, 477, 600, 648, 502, 719, 1533, 1695, 680, 885, 1546, 1192, 845, 166, 1324, 529, 1518, 595, 1182, 967, 61, 447, 1516, 1643, 571, 579, 1292, 39, 17, 842, 933, 534, 858, 1307, 1395, 633, 1274, 261, 1673, 84, 1801, 1704, 1338, 1608, 1652, 964, 410, 1789, 343, 1497, 844, 472, 391, 381, 1396, 1522, 75, 321, 931, 660, 1299, 324, 862, 666, 555, 1685, 1467, 812, 1584, 1897, 411, 1668, 1104, 1948, 1399, 1644, 1238, 1330, 643, 1833, 451, 1088, 1985, 1361, 532, 345, 1184, 1075, 1425, 1558, 1029, 1796, 610, 894, 23, 188, 347, 1421, 180, 1322, 495, 0, 290, 1633, 816, 1821, 217, 1829, 1137, 1186, 1469, 794, 955, 857, 1593, 1542, 1163, 1378, 1106]",5591.801349401474
MDG-a_2_n500_m50.txt,7669.07,0.0,"[252, 131, 157, 150, 308, 134, 164, 362, 492, 408, 241, 499, 259, 81, 182, 331, 37, 257, 47, 304, 328, 444, 26, 204, 390, 3, 471, 378, 221, 329, 218, 275, 385, 158, 34, 282, 12, 208, 15, 422, 439, 340, 476, 203, 348, 243, 353, 66, 77, 161]",13.326038360595703
MDG-a_30_n2000_m200.txt,113149.0,0.0,"[986, 4, 28, 1029, 924, 234, 1253, 1509, 533, 678, 1477, 1809, 1126, 161, 467, 283, 684, 964, 135, 539, 729, 491, 788, 1992, 1978, 853, 38, 1025, 39, 1989, 1511, 796, 80, 658, 1139, 657, 1345, 323, 757, 819, 901, 1448, 87, 374, 577, 1168, 1576, 78, 775, 949, 858, 944, 719, 1260, 1960, 1121, 249, 794, 1717, 1432, 623, 952, 979, 1487, 1895, 698, 977, 1438, 1777, 1878, 1546, 553, 1544, 208, 1478, 1308, 369, 686, 574, 63, 652, 721, 302, 1200, 6, 199, 125, 999, 590, 211, 1838, 723, 318, 1632, 1714, 1987, 859, 1565, 1278, 195, 1617, 271, 1239, 1700, 1088, 1751, 1339, 240, 1463, 447, 267, 276, 1051, 1112, 7, 589, 1966, 557, 1817, 781, 883, 71, 1295, 579, 1561, 611, 282, 1279, 1373, 1939, 583, 1074, 921, 1630, 599, 1283, 754, 1362, 248, 44, 1531, 1331, 508, 815, 258, 473, 193, 1805, 1436, 222, 413, 1508, 1655, 472, 736, 452, 1663, 1753, 49, 529, 264, 48, 12, 324, 188, 1248, 1692, 365, 758, 1081, 1159, 1997, 1294, 822, 109, 1458, 1018, 1365, 630, 362, 1603, 1849, 715, 244, 1901, 1848, 107, 780, 356, 341, 1410, 720, 1435, 219, 1131, 1367, 914, 885, 343, 1315]",5633.033384561539
MDG-a_31_n2000_m200.txt,113006.0,0.0,"[1653, 7, 181, 1631, 354, 590, 1836, 779, 1574, 272, 445, 640, 1113, 1356, 430, 45, 113, 1052, 810, 1804, 776, 257, 454, 304, 1005, 658, 1130, 1347, 1149, 845, 586, 490, 1433, 1296, 1838, 1354, 805, 961, 101, 1258, 89, 1143, 1226, 1301, 619, 370, 1765, 1471, 160, 522, 540, 851, 1817, 1636, 436, 1461, 1925, 466, 1295, 1008, 589, 1879, 1573, 22, 287, 816, 1843, 1736, 1689, 1407, 1929, 1890, 1860, 199, 1365, 249, 331, 388, 1938, 1726, 1033, 444, 1829, 577, 1778, 1551, 1014, 628, 93, 836, 431, 1954, 806, 1973, 739, 1844, 345, 1851, 1104, 1320, 738, 1543, 1791, 1525, 98, 1530, 1207, 862, 1266, 1932, 496, 652, 1211, 1292, 1949, 394, 1585, 1820, 1392, 679, 1353, 386, 840, 165, 925, 790, 817, 1758, 1190, 253, 1985, 1374, 1876, 1572, 1352, 1947, 1399, 940, 74, 211, 1660, 1772, 1483, 1903, 24, 1798, 387, 1764, 1119, 1503, 1122, 1424, 1568, 1523, 342, 1816, 1220, 632, 251, 399, 712, 882, 66, 1390, 707, 50, 1675, 663, 1567, 1334, 1497, 1520, 870, 1373, 323, 1150, 1106, 991, 1277, 967, 1535, 675, 748, 1298, 559, 952, 1351, 1664, 918, 1897, 1797, 1680, 1560, 1725, 276, 1977, 274, 1956, 1561, 1904]",5823.466035366058
MDG-a_32_n2000_m200.txt,113117.0,0.0,"[150, 6, 119, 208, 1863, 846, 989, 957, 1376, 1855, 616, 12, 1288, 737, 1155, 1331, 1104, 1690, 1692, 1988, 1474, 1350, 1217, 531, 1064, 1941, 1065, 1594, 638, 537, 1262, 1682, 802, 627, 970, 508, 467, 1468, 1233, 1412, 1085, 1646, 1718, 394, 1947, 337, 1162, 1842, 917, 189, 134, 1317, 1495, 1402, 1130, 443, 1908, 157, 593, 1106, 1700, 1849, 1498, 339, 584, 1481, 1808, 68, 75, 110, 1853, 890, 300, 895, 533, 1433, 813, 1770, 824, 126, 1205, 359, 1905, 235, 1782, 793, 952, 899, 898, 240, 529, 1795, 755, 1339, 1824, 183, 830, 1939, 166, 511, 1114, 1430, 897, 1696, 604, 1750, 1293, 1980, 1528, 1889, 1561, 1135, 1557, 921, 810, 305, 706, 1284, 429, 1261, 596, 1609, 314, 1268, 1108, 1427, 1101, 436, 379, 518, 940, 876, 1197, 280, 789, 14, 603, 543, 1298, 1883, 1186, 1400, 1720, 1258, 253, 1071, 688, 232, 1235, 362, 562, 1214, 1728, 542, 1672, 1820, 1976, 1890, 883, 765, 1224, 1532, 46, 1912, 101, 1951, 33, 85, 1999, 1166, 916, 1245, 1024, 1695, 1979, 390, 1579, 191, 420, 1724, 483, 115, 1972, 1548, 1660, 521, 20, 176, 701, 981, 1613, 355, 51, 708, 1821, 411, 1655, 1599, 832, 545]",6208.302841663361
MDG-a_33_n2000_m200.txt,113096.0,0.0,"[1123, 2, 17, 728, 683, 1655, 770, 59, 443, 128, 1472, 1180, 1572, 1432, 1529, 1586, 427, 1557, 1885, 669, 405, 1985, 5, 892, 1486, 1717, 1175, 1026, 1208, 702, 449, 1970, 159, 1595, 1142, 572, 1464, 1496, 1497, 902, 1633, 759, 970, 1960, 1323, 1963, 907, 1045, 978, 865, 27, 1270, 1548, 1243, 571, 688, 1438, 280, 1589, 343, 291, 1636, 1999, 1508, 1551, 507, 627, 837, 703, 1672, 1172, 1898, 1434, 247, 853, 1107, 90, 1192, 595, 1536, 1211, 1783, 55, 1113, 1909, 569, 1513, 385, 1280, 1767, 1273, 152, 1530, 1652, 1811, 1372, 1105, 83, 1451, 11, 613, 1559, 799, 1726, 1441, 538, 1588, 273, 1926, 685, 329, 705, 712, 1830, 764, 1404, 118, 976, 932, 1030, 1286, 562, 1982, 1644, 663, 1694, 334, 65, 64, 434, 666, 1203, 846, 395, 979, 1939, 1022, 1036, 1696, 277, 1127, 760, 686, 920, 1620, 79, 242, 972, 1070, 692, 1505, 1033, 1759, 458, 1724, 1609, 1792, 110, 1693, 897, 583, 649, 309, 230, 1690, 895, 1484, 1015, 1657, 1002, 769, 745, 608, 134, 1246, 260, 696, 1308, 1490, 1063, 82, 1592, 1314, 270, 1416, 1537, 577, 1422, 1806, 477, 1307, 1056, 1786, 768, 1293, 77, 596, 154, 912, 183]",6807.523442983627
MDG-a_34_n2000_m200.txt,113183.0,0.0,"[812, 10, 147, 479, 1605, 314, 419, 481, 1348, 805, 494, 1902, 1603, 992, 1813, 1155, 1061, 530, 121, 413, 109, 1455, 139, 817, 1640, 842, 1035, 1931, 1836, 322, 438, 1493, 1231, 928, 1529, 1897, 654, 971, 1423, 404, 268, 879, 794, 1606, 1555, 827, 1764, 1130, 1546, 1711, 1123, 47, 1553, 380, 515, 1874, 244, 1980, 1912, 498, 701, 1790, 1841, 465, 913, 210, 4, 980, 1185, 304, 1177, 1717, 206, 327, 1195, 1482, 1233, 88, 501, 431, 866, 112, 858, 715, 1930, 1148, 87, 587, 1165, 9, 785, 839, 777, 1215, 1370, 229, 191, 1338, 1723, 1322, 709, 1656, 1317, 1043, 1616, 1412, 833, 783, 1305, 602, 1179, 664, 65, 1562, 1136, 1581, 685, 1508, 316, 1003, 1416, 1523, 1649, 3, 474, 7, 1858, 1617, 353, 634, 1543, 1134, 1489, 1115, 463, 644, 528, 1487, 1646, 394, 1824, 717, 763, 848, 1484, 907, 1924, 76, 1479, 1301, 572, 255, 1794, 399, 778, 1364, 1566, 115, 1609, 187, 442, 1648, 1971, 1159, 1952, 1164, 542, 567, 1346, 126, 752, 1770, 57, 92, 1793, 1282, 1561, 1746, 1990, 517, 775, 1845, 727, 1229, 1582, 908, 1797, 1477, 110, 133, 1024, 926, 362, 1154, 906, 915, 487, 323, 959, 36]",6535.178766965866
MDG-a_35_n2000_m200.txt,113080.0,0.0,"[1468, 14, 117, 206, 576, 275, 1810, 1732, 163, 1980, 596, 857, 473, 58, 1223, 854, 538, 773, 1735, 730, 1469, 38, 766, 1613, 22, 1177, 841, 1205, 144, 1797, 1113, 569, 1592, 777, 672, 1532, 502, 372, 1804, 1287, 956, 842, 203, 983, 963, 744, 1769, 1847, 75, 1795, 1052, 1941, 533, 1313, 96, 422, 1904, 1101, 1697, 562, 189, 1160, 63, 817, 1912, 448, 1192, 566, 1000, 1083, 250, 1489, 466, 726, 1833, 491, 1406, 589, 1350, 1543, 1620, 431, 651, 1513, 84, 525, 1065, 470, 1682, 1806, 1254, 1526, 1125, 1323, 232, 125, 831, 1022, 1627, 1741, 1167, 1721, 178, 1228, 895, 1410, 1689, 1143, 527, 1738, 1576, 1535, 818, 1136, 962, 233, 593, 529, 364, 884, 911, 771, 1218, 646, 1302, 1237, 1043, 167, 423, 1062, 296, 205, 625, 1262, 307, 1921, 552, 1910, 629, 1832, 608, 1199, 1213, 500, 1588, 954, 1894, 959, 946, 1525, 1433, 1932, 1507, 312, 1368, 1212, 1534, 588, 1512, 1702, 1948, 1044, 1846, 1597, 173, 1898, 1754, 1688, 74, 469, 1768, 762, 551, 1728, 1016, 974, 663, 373, 1673, 1794, 1744, 1521, 176, 758, 257, 714, 1219, 94, 1979, 397, 149, 751, 413, 118, 1344, 107, 1006, 445, 1452, 929]",6595.436465978622
MDG-a_36_n2000_m200.txt,113173.0,0.0,"[1943, 14, 82, 831, 361, 37, 981, 1740, 452, 1973, 836, 1283, 750, 334, 900, 36, 365, 1338, 617, 484, 1662, 767, 1400, 1606, 1485, 1107, 1080, 478, 1472, 278, 1314, 1474, 1010, 1306, 906, 1850, 211, 915, 329, 102, 551, 399, 269, 1277, 1017, 1377, 659, 1084, 1272, 104, 579, 1880, 506, 1163, 1082, 270, 748, 1449, 1034, 111, 1440, 1487, 1212, 505, 1727, 309, 1128, 1523, 198, 1414, 188, 1944, 1354, 72, 1563, 1235, 1785, 1201, 1093, 353, 267, 644, 355, 777, 1061, 1695, 1562, 883, 1209, 1803, 1103, 220, 1042, 1429, 896, 1548, 1644, 1401, 1900, 1172, 206, 956, 1108, 1380, 77, 898, 1406, 1197, 138, 654, 1572, 1454, 420, 1938, 49, 293, 1554, 292, 886, 476, 1711, 1484, 453, 757, 236, 474, 1003, 1399, 735, 249, 955, 1269, 140, 1219, 703, 1789, 1045, 144, 960, 1820, 781, 1772, 30, 447, 1816, 87, 152, 1323, 970, 1109, 169, 1928, 185, 1435, 271, 652, 1710, 91, 1541, 1690, 1274, 1993, 1432, 1071, 978, 1184, 1802, 1874, 655, 880, 381, 291, 135, 1238, 1643, 1942, 1418, 529, 1601, 932, 61, 418, 1977, 1458, 1211, 98, 1284, 1829, 433, 1374, 674, 805, 796, 1735, 1700, 235, 119, 1199, 386, 221]",6469.406414270401
MDG-a_37_n2000_m200.txt,113045.0,0.0,"[387, 39, 63, 79, 351, 402, 1833, 995, 1075, 236, 1518, 525, 1203, 1430, 1556, 280, 862, 1092, 665, 450, 1005, 251, 1842, 1242, 224, 1421, 365, 1534, 278, 800, 658, 750, 288, 1881, 1725, 190, 845, 727, 1589, 34, 284, 938, 1813, 115, 231, 1584, 180, 474, 261, 1185, 498, 71, 1074, 1103, 1479, 298, 1361, 1949, 837, 941, 82, 958, 1886, 542, 595, 1774, 1887, 202, 1473, 1098, 971, 1049, 1372, 410, 283, 1721, 1699, 1438, 1943, 486, 416, 1484, 1587, 310, 1077, 830, 72, 1739, 508, 822, 220, 274, 1109, 1580, 393, 969, 1373, 222, 1028, 294, 1920, 1294, 177, 1737, 726, 790, 1790, 573, 1952, 1535, 1916, 859, 21, 1612, 1341, 908, 1832, 1290, 460, 949, 501, 1304, 548, 291, 712, 1196, 1073, 747, 985, 210, 741, 600, 831, 293, 630, 308, 918, 1804, 1970, 522, 1987, 693, 471, 1359, 138, 1816, 561, 1768, 755, 152, 1713, 225, 1653, 1422, 521, 1625, 768, 1647, 363, 395, 26, 457, 1657, 1879, 1030, 1409, 1325, 714, 982, 572, 961, 1989, 1241, 1377, 1303, 133, 711, 205, 1114, 1863, 1800, 22, 1367, 186, 1174, 1557, 1225, 495, 1803, 718, 1502, 1752, 30, 983, 60, 1869, 91, 444, 1766, 914]",6096.460862398148
MDG-a_38_n2000_m200.txt,113205.0,0.0,"[819, 7, 15, 1231, 524, 1312, 1524, 1808, 1620, 729, 1253, 163, 133, 1376, 1931, 1005, 1304, 1754, 65, 1270, 1743, 1338, 785, 1191, 1210, 1832, 850, 413, 802, 1987, 723, 83, 469, 1797, 1935, 632, 1320, 747, 368, 1531, 1907, 444, 588, 1107, 1542, 457, 1837, 1322, 100, 353, 8, 839, 1066, 412, 1186, 185, 651, 1164, 599, 936, 1480, 147, 20, 447, 1515, 1419, 451, 365, 1939, 1088, 1701, 1316, 968, 357, 1622, 1280, 489, 914, 257, 1958, 103, 833, 1896, 148, 753, 267, 1573, 812, 1936, 204, 1277, 158, 926, 1834, 12, 1869, 825, 1206, 1445, 1067, 82, 923, 1632, 1887, 1464, 1747, 1878, 734, 378, 1911, 1477, 1076, 1039, 253, 528, 718, 1525, 1038, 904, 1985, 222, 1703, 1055, 744, 1699, 1694, 400, 1305, 192, 1033, 245, 455, 1259, 1831, 473, 32, 270, 678, 570, 419, 613, 1753, 244, 118, 373, 150, 647, 1724, 303, 1384, 1282, 1988, 1583, 913, 682, 1595, 610, 959, 449, 1244, 1346, 1664, 1600, 1523, 167, 787, 578, 323, 190, 924, 1106, 1257, 1333, 1175, 1469, 1013, 1438, 1028, 1807, 227, 504, 1677, 70, 125, 498, 1108, 1518, 1501, 1863, 1049, 1508, 1885, 87, 930, 1345, 777, 322, 1763, 1897, 1696]",6003.5999438762665
MDG-a_39_n2000_m200.txt,113058.0,0.0,"[1901, 33, 190, 552, 1125, 564, 1558, 1390, 1915, 1142, 170, 1236, 922, 782, 671, 933, 1902, 790, 603, 1379, 1791, 145, 472, 16, 1516, 1137, 509, 446, 556, 1053, 391, 1466, 1828, 703, 1095, 1297, 742, 1103, 418, 859, 464, 1161, 55, 347, 664, 937, 241, 1437, 1303, 1956, 51, 1788, 1730, 727, 1532, 1694, 939, 82, 7, 25, 526, 1680, 575, 1200, 1609, 1965, 1231, 1657, 271, 1066, 1621, 447, 493, 1428, 358, 878, 554, 1036, 1930, 715, 1392, 428, 1817, 1670, 100, 1430, 279, 1567, 1176, 1836, 1594, 1462, 423, 1801, 1687, 578, 692, 1772, 555, 541, 1780, 1195, 419, 166, 1286, 1831, 1500, 1490, 1455, 1980, 1265, 1206, 1714, 1189, 855, 489, 1252, 1111, 1658, 1546, 426, 1851, 1685, 135, 1048, 745, 1963, 1928, 995, 1975, 253, 1266, 1875, 134, 761, 1386, 1554, 1244, 1432, 515, 1443, 1771, 1292, 580, 1099, 1300, 37, 1465, 389, 1172, 1080, 1911, 45, 475, 840, 204, 463, 704, 959, 613, 906, 1198, 374, 151, 1948, 693, 28, 1659, 212, 1429, 680, 1891, 1564, 1602, 107, 1952, 415, 296, 1940, 617, 427, 595, 1061, 1119, 1529, 67, 457, 1912, 1750, 751, 1298, 1393, 299, 991, 1129, 913, 896, 590, 500, 1838]",7462.968349695206
MDG-a_40_n2000_m200.txt,113115.0,0.0,"[1706, 22, 23, 262, 35, 672, 1047, 375, 669, 524, 1205, 526, 1234, 1502, 1728, 828, 893, 1901, 1777, 1261, 1480, 520, 793, 740, 399, 1661, 340, 1917, 269, 174, 590, 1598, 999, 1547, 1577, 105, 840, 1124, 1332, 310, 1535, 244, 100, 278, 795, 664, 1698, 1324, 1879, 939, 383, 617, 1701, 136, 390, 1452, 743, 858, 1299, 1874, 1301, 397, 1393, 426, 1319, 1495, 250, 39, 903, 1569, 1595, 1263, 1622, 537, 1820, 1608, 1050, 1092, 346, 926, 1704, 1562, 875, 1881, 1572, 147, 688, 268, 393, 1725, 1751, 1891, 1161, 610, 162, 1460, 864, 1683, 1670, 1255, 1059, 26, 231, 1274, 1330, 1735, 1812, 1771, 1912, 1125, 1213, 1921, 1253, 1963, 1914, 130, 1066, 722, 1377, 242, 769, 459, 1607, 1575, 874, 1083, 1857, 1915, 1107, 1833, 212, 1776, 1459, 138, 822, 845, 196, 197, 47, 616, 1133, 629, 882, 1681, 1570, 1156, 1642, 1073, 1414, 1910, 445, 1736, 94, 1556, 1760, 1792, 771, 994, 155, 1744, 70, 15, 261, 228, 1644, 108, 1418, 1065, 241, 815, 1052, 62, 297, 245, 41, 205, 653, 1340, 846, 1568, 966, 794, 947, 55, 582, 734, 1566, 405, 471, 763, 387, 865, 229, 495, 1540, 765, 1729, 861, 631, 322]",6785.501043796539
MDG-a_3_n500_m50.txt,7679.62,0.0,"[306, 191, 279, 101, 277, 69, 214, 20, 12, 217, 218, 464, 148, 198, 201, 322, 73, 190, 194, 398, 81, 404, 113, 362, 319, 492, 103, 370, 283, 280, 457, 242, 57, 85, 430, 149, 17, 376, 43, 482, 21, 82, 337, 408, 363, 343, 325, 317, 164, 474]",17.313095569610596
MDG-a_4_n500_m50.txt,7695.69,0.0,"[200, 403, 263, 155, 232, 88, 209, 493, 281, 425, 393, 144, 292, 184, 6, 47, 363, 58, 215, 385, 221, 399, 118, 9, 325, 147, 468, 484, 98, 478, 454, 456, 11, 326, 108, 279, 15, 414, 224, 150, 247, 145, 78, 390, 54, 284, 339, 338, 117, 92]",18.455843448638916
MDG-a_5_n500_m50.txt,7668.129999999999,0.0,"[59, 245, 405, 86, 143, 327, 237, 233, 496, 53, 155, 128, 1, 449, 209, 472, 308, 55, 171, 260, 487, 386, 165, 307, 383, 447, 392, 70, 276, 397, 385, 28, 123, 231, 68, 34, 358, 426, 312, 205, 317, 158, 190, 49, 316, 122, 145, 463, 438, 373]",17.378097534179688
MDG-a_6_n500_m50.txt,7675.740000000001,0.0,"[17, 410, 469, 480, 400, 476, 70, 355, 422, 391, 52, 175, 249, 312, 370, 171, 110, 81, 253, 372, 140, 3, 328, 247, 416, 185, 169, 63, 94, 128, 59, 191, 124, 403, 311, 297, 394, 381, 13, 217, 34, 14, 467, 352, 390, 145, 250, 313, 261, 74]",13.195385456085205
MDG-a_7_n500_m50.txt,7700.620000000002,0.0,"[366, 409, 49, 105, 332, 228, 210, 92, 272, 432, 39, 289, 361, 499, 189, 23, 452, 468, 498, 117, 58, 101, 183, 340, 339, 87, 433, 68, 149, 64, 83, 7, 446, 265, 12, 424, 359, 490, 244, 95, 271, 140, 292, 217, 79, 479, 405, 286, 300, 219]",14.6553475856781
MDG-a_8_n500_m50.txt,7696.7699999999995,0.0,"[289, 153, 371, 418, 413, 478, 150, 144, 284, 130, 452, 57, 19, 12, 139, 325, 243, 186, 412, 476, 415, 310, 219, 66, 292, 173, 363, 180, 398, 427, 8, 407, 318, 308, 91, 295, 260, 108, 402, 212, 148, 175, 89, 346, 463, 53, 498, 320, 380, 354]",14.5267333984375
MDG-a_9_n500_m50.txt,7673.959999999997,0.0,"[113, 78, 496, 36, 12, 25, 423, 304, 216, 419, 3, 140, 465, 150, 453, 387, 178, 344, 464, 347, 250, 460, 72, 151, 110, 111, 32, 437, 228, 38, 15, 323, 377, 341, 97, 407, 261, 252, 396, 283, 315, 142, 307, 138, 312, 27, 92, 103, 369, 56]",14.416865825653076
MDG-b_10_n500_m50.txt,767857.8799999999,0.0,"[217, 339, 190, 261, 193, 454, 332, 405, 164, 377, 229, 161, 410, 291, 413, 212, 433, 41, 462, 199, 118, 78, 42, 363, 469, 238, 379, 331, 460, 143, 0, 372, 336, 461, 455, 293, 448, 373, 471, 274, 415, 270, 163, 221, 346, 7, 72, 131, 101, 277]",13.324878692626953
MDG-b_11_n500_m50.txt,767386.1799999999,0.0,"[499, 129, 82, 432, 113, 96, 152, 38, 371, 126, 297, 211, 334, 210, 75, 19, 431, 403, 197, 49, 231, 372, 449, 124, 309, 223, 340, 421, 304, 376, 208, 438, 386, 167, 390, 467, 216, 149, 241, 483, 404, 458, 154, 136, 13, 377, 117, 42, 442, 401]",14.63437795639038
MDG-b_12_n500_m50.txt,766228.3699999999,0.0,"[402, 251, 242, 72, 87, 339, 159, 295, 330, 168, 115, 456, 434, 32, 478, 166, 30, 400, 384, 395, 482, 351, 187, 119, 92, 413, 199, 388, 217, 26, 289, 370, 471, 100, 11, 404, 86, 112, 262, 288, 135, 224, 133, 366, 229, 424, 176, 157, 31, 450]",13.53494930267334
MDG-b_13_n500_m50.txt,769499.5400000003,0.0,"[155, 343, 341, 285, 205, 70, 291, 248, 247, 164, 475, 492, 95, 290, 494, 373, 381, 415, 481, 370, 427, 89, 133, 484, 300, 425, 444, 67, 40, 496, 96, 407, 294, 262, 298, 255, 131, 180, 278, 465, 227, 469, 482, 323, 6, 78, 197, 240, 42, 303]",12.654730558395386
MDG-b_14_n500_m50.txt,771672.5299999999,0.0,"[412, 166, 460, 475, 128, 443, 345, 454, 244, 391, 358, 29, 72, 219, 387, 98, 223, 381, 445, 366, 114, 283, 176, 142, 481, 377, 154, 215, 163, 227, 466, 152, 344, 393, 50, 370, 141, 487, 456, 485, 60, 489, 270, 45, 175, 33, 488, 375, 341, 125]",15.375374794006348
MDG-b_15_n500_m50.txt,770394.9299999999,0.0,"[48, 9, 248, 227, 225, 352, 239, 375, 358, 213, 22, 53, 444, 106, 392, 313, 467, 171, 471, 168, 130, 139, 173, 351, 236, 117, 85, 115, 155, 478, 28, 223, 385, 485, 422, 123, 493, 78, 46, 16, 369, 260, 138, 229, 438, 157, 474, 296, 314, 134]",17.518259525299072
MDG-b_16_n500_m50.txt,768936.8300000001,0.0,"[396, 21, 165, 489, 454, 130, 296, 148, 220, 65, 389, 240, 420, 267, 293, 314, 446, 199, 203, 435, 85, 427, 376, 178, 407, 468, 105, 172, 27, 210, 117, 26, 339, 347, 424, 425, 196, 33, 452, 402, 235, 154, 147, 457, 216, 205, 408, 432, 94, 156]",18.010258436203003
MDG-b_17_n500_m50.txt,770055.1400000002,0.0,"[498, 279, 158, 439, 445, 473, 115, 109, 62, 68, 390, 334, 465, 268, 215, 443, 385, 1, 175, 413, 282, 81, 278, 367, 262, 159, 450, 14, 166, 106, 7, 54, 426, 449, 96, 19, 168, 340, 247, 107, 79, 78, 419, 187, 312, 146, 120, 412, 165, 150]",15.125149965286255
MDG-b_18_n500_m50.txt,768751.01,0.0,"[263, 251, 136, 412, 280, 445, 208, 145, 436, 488, 212, 249, 448, 316, 176, 127, 327, 199, 5, 163, 177, 307, 142, 349, 196, 440, 339, 2, 491, 58, 486, 467, 226, 310, 431, 383, 449, 495, 93, 206, 265, 48, 485, 359, 229, 388, 271, 71, 321, 499]",17.75909996032715
MDG-b_19_n500_m50.txt,775279.0599999999,0.0,"[25, 422, 49, 331, 253, 4, 112, 37, 58, 483, 423, 375, 465, 124, 12, 197, 169, 449, 171, 300, 179, 446, 476, 76, 208, 336, 227, 224, 259, 196, 207, 220, 471, 147, 228, 163, 387, 282, 382, 402, 493, 21, 237, 184, 32, 250, 212, 294, 257, 377]",18.29455542564392
MDG-b_1_n500_m50.txt,767340.9500000002,0.0,"[105, 475, 90, 210, 160, 219, 216, 50, 180, 144, 174, 384, 56, 486, 202, 373, 35, 424, 179, 268, 357, 235, 175, 409, 468, 234, 413, 315, 48, 221, 374, 86, 217, 119, 187, 392, 77, 263, 323, 258, 445, 194, 282, 0, 116, 333, 416, 136, 329, 32]",19.25472331047058
MDG-b_20_n500_m50.txt,768628.2,0.0,"[43, 425, 50, 411, 200, 238, 445, 289, 32, 138, 239, 306, 82, 164, 377, 7, 17, 83, 340, 116, 428, 144, 498, 317, 370, 70, 426, 189, 185, 123, 276, 314, 257, 305, 325, 431, 372, 34, 31, 480, 109, 209, 126, 277, 186, 381, 456, 84, 491, 465]",19.597378730773926
MDG-b_2_n500_m50.txt,773215.8000000002,0.0,"[2, 234, 245, 240, 427, 348, 283, 187, 362, 472, 413, 388, 212, 115, 496, 40, 136, 461, 463, 302, 192, 149, 230, 9, 197, 186, 420, 188, 333, 91, 440, 480, 298, 468, 207, 152, 106, 478, 285, 142, 369, 227, 331, 436, 17, 336, 460, 259, 342, 384]",20.05760884284973
MDG-b_3_n500_m50.txt,769583.72,0.0,"[70, 202, 444, 89, 125, 279, 234, 207, 116, 48, 119, 85, 326, 65, 39, 304, 411, 190, 480, 124, 450, 277, 144, 254, 414, 484, 106, 229, 373, 372, 447, 158, 236, 26, 282, 422, 360, 452, 47, 191, 400, 143, 215, 31, 273, 337, 46, 319, 161, 246]",19.07185196876526
MDG-b_4_n500_m50.txt,769184.7599999998,0.0,"[488, 73, 123, 479, 226, 497, 117, 224, 221, 45, 301, 167, 68, 412, 105, 230, 225, 321, 238, 181, 296, 447, 471, 351, 206, 190, 283, 462, 326, 165, 448, 191, 418, 154, 16, 490, 306, 132, 109, 3, 405, 437, 82, 376, 378, 38, 314, 396, 343, 399]",16.726919889450073
MDG-b_5_n500_m50.txt,768684.8499999999,0.0,"[266, 314, 337, 79, 37, 148, 250, 275, 107, 215, 105, 161, 147, 185, 159, 61, 291, 191, 416, 91, 346, 490, 62, 174, 236, 199, 237, 267, 324, 467, 12, 106, 83, 302, 9, 285, 475, 391, 339, 489, 496, 59, 212, 65, 320, 310, 497, 171, 439, 204]",15.211925506591797
MDG-b_6_n500_m50.txt,765942.2399999998,0.0,"[304, 482, 300, 329, 134, 221, 475, 114, 32, 47, 376, 427, 31, 473, 428, 255, 477, 67, 476, 458, 2, 191, 434, 65, 496, 262, 16, 399, 87, 364, 158, 188, 462, 225, 185, 478, 340, 405, 163, 425, 259, 406, 383, 426, 466, 308, 161, 439, 22, 172]",13.939820766448975
MDG-b_7_n500_m50.txt,771105.6799999999,0.0,"[403, 446, 448, 321, 397, 204, 53, 298, 443, 346, 422, 363, 197, 186, 39, 306, 172, 30, 127, 256, 4, 218, 349, 285, 208, 68, 6, 107, 26, 344, 176, 152, 85, 369, 116, 56, 59, 57, 24, 18, 212, 339, 36, 323, 14, 308, 8, 23, 174, 101]",17.489522695541382
MDG-b_8_n500_m50.txt,768782.5899999999,0.0,"[328, 410, 237, 337, 61, 492, 19, 63, 465, 141, 202, 462, 159, 241, 181, 366, 405, 272, 415, 192, 191, 285, 168, 80, 143, 206, 62, 374, 493, 364, 488, 390, 233, 174, 230, 220, 466, 155, 324, 125, 367, 74, 378, 451, 134, 330, 351, 8, 396, 419]",21.003838539123535
MDG-b_9_n500_m50.txt,769797.7999999999,0.0,"[251, 382, 405, 86, 257, 395, 360, 47, 324, 66, 444, 141, 207, 449, 78, 289, 0, 478, 422, 220, 473, 316, 275, 109, 209, 419, 456, 291, 281, 36, 218, 390, 446, 340, 323, 111, 79, 293, 496, 125, 277, 107, 386, 452, 76, 189, 203, 204, 170, 22]",17.183929920196533
SOM-a_10_n25_m7.txt,158.0,0.0,"[15, 5, 18, 19, 21, 9, 22]",0.004988431930541992
SOM-a_11_n50_m5.txt,84.0,0.0,"[46, 22, 34, 25, 32]",0.008028507232666016
SOM-a_12_n50_m5.txt,87.0,0.0,"[15, 6, 40, 29, 36]",0.009999752044677734
SOM-a_13_n50_m5.txt,84.0,0.0,"[14, 2, 5, 36, 32]",0.004991769790649414
SOM-a_14_n50_m5.txt,82.0,0.0,"[41, 6, 26, 19, 46]",0.004998683929443359
SOM-a_15_n50_m5.txt,84.0,0.0,"[33, 1, 28, 20, 49]",0.004998683929443359
SOM-a_16_n50_m15.txt,645.0,0.0,"[49, 22, 43, 4, 27, 5, 48, 8, 47, 13, 29, 46, 30, 20, 23]",0.010116100311279297
SOM-a_17_n50_m15.txt,662.0,0.0,"[31, 13, 19, 49, 23, 36, 35, 17, 42, 33, 2, 29, 30, 12, 43]",0.015081644058227539
SOM-a_18_n50_m15.txt,635.0,0.0,"[4, 8, 11, 1, 35, 16, 39, 44, 24, 36, 45, 33, 43, 21, 37]",0.015242815017700195
SOM-a_19_n50_m15.txt,639.0,0.0,"[29, 6, 9, 19, 23, 36, 38, 4, 33, 24, 40, 7, 20, 13, 26]",0.013102054595947266
SOM-a_1_n25_m2.txt,9.0,0.0,"[12, 6]",0.0
SOM-a_20_n50_m15.txt,668.0,0.0,"[1, 3, 16, 11, 35, 42, 38, 30, 10, 4, 12, 26, 49, 46, 48]",0.01514291763305664
SOM-a_21_n100_m10.txt,327.0,0.0,"[27, 14, 31, 92, 39, 56, 35, 46, 18, 43]",0.02000880241394043
SOM-a_22_n100_m10.txt,332.0,0.0,"[80, 0, 94, 56, 78, 62, 46, 31, 45, 35]",0.02011728286743164
SOM-a_23_n100_m10.txt,335.0,0.0,"[77, 12, 47, 71, 59, 85, 38, 44, 29, 83]",0.022112369537353516
SOM-a_24_n100_m10.txt,335.0,0.0,"[54, 13, 39, 55, 96, 33, 83, 46, 3, 56]",0.01999974250793457
SOM-a_25_n100_m10.txt,337.0,0.0,"[76, 3, 47, 72, 13, 66, 10, 77, 88, 31]",0.020148277282714844
SOM-a_26_n100_m30.txt,2456.0,0.0,"[88, 11, 50, 78, 48, 1, 39, 90, 27, 68, 83, 46, 24, 45, 91, 71, 76, 55, 65, 98, 94, 79, 25, 36, 60, 19, 51, 95, 0, 61]",0.055289506912231445
SOM-a_27_n100_m30.txt,2477.0,0.0,"[89, 0, 7, 3, 30, 59, 13, 97, 43, 15, 20, 36, 49, 17, 99, 2, 40, 72, 64, 39, 10, 80, 5, 73, 38, 79, 77, 84, 31, 56]",0.05741262435913086
SOM-a_28_n100_m30.txt,2471.0,0.0,"[27, 6, 16, 36, 47, 11, 71, 58, 14, 91, 2, 66, 81, 99, 44, 83, 33, 65, 56, 41, 40, 53, 75, 87, 95, 72, 8, 76, 4, 17]",0.052687644958496094
SOM-a_29_n100_m30.txt,2486.0,0.0,"[46, 5, 18, 4, 52, 66, 55, 83, 72, 95, 2, 20, 67, 34, 26, 44, 80, 74, 0, 89, 32, 43, 87, 13, 19, 92, 36, 81, 91, 51]",0.0575563907623291
SOM-a_2_n25_m2.txt,9.0,0.0,"[15, 7]",0.0
SOM-a_30_n100_m30.txt,2434.0,0.0,"[68, 2, 26, 7, 66, 33, 35, 65, 10, 69, 74, 6, 59, 98, 19, 41, 30, 80, 97, 34, 25, 39, 57, 89, 43, 4, 5, 20, 15, 45]",0.05533099174499512
SOM-a_31_n125_m12.txt,472.0,0.0,"[42, 7, 30, 51, 77, 65, 109, 52, 116, 37, 72, 33]",0.035439252853393555
SOM-a_32_n125_m12.txt,472.0,0.0,"[106, 11, 39, 107, 83, 75, 51, 101, 46, 22, 113, 123]",0.03516554832458496
SOM-a_33_n125_m12.txt,462.0,0.0,"[69, 24, 95, 41, 52, 94, 68, 46, 54, 39, 98, 122]",0.03504514694213867
SOM-a_34_n125_m12.txt,470.0,0.0,"[78, 4, 76, 8, 91, 104, 65, 88, 85, 13, 89, 74]",0.036385297775268555
SOM-a_35_n125_m12.txt,474.0,0.0,"[56, 24, 36, 93, 61, 23, 55, 73, 85, 48, 83, 72]",0.03513312339782715
SOM-a_36_n125_m37.txt,3696.0,0.0,"[18, 12, 26, 97, 39, 100, 123, 31, 92, 47, 73, 118, 35, 25, 0, 78, 44, 65, 30, 21, 29, 27, 121, 40, 61, 80, 82, 89, 20, 46, 28, 77, 105, 86, 111, 49, 22]",0.10301375389099121
SOM-a_37_n125_m37.txt,3648.0,0.0,"[72, 23, 7, 66, 0, 74, 62, 103, 113, 85, 78, 15, 67, 39, 4, 107, 86, 44, 51, 82, 120, 47, 37, 112, 75, 22, 10, 27, 1, 105, 95, 21, 123, 3, 90, 31, 71]",0.10332465171813965
SOM-a_38_n125_m37.txt,3678.0,0.0,"[25, 1, 36, 111, 78, 90, 57, 46, 5, 7, 102, 37, 32, 51, 81, 124, 103, 96, 26, 11, 62, 97, 74, 120, 94, 38, 54, 9, 40, 72, 56, 73, 77, 92, 98, 22, 3]",0.10331106185913086
SOM-a_39_n125_m37.txt,3696.0,0.0,"[21, 0, 112, 111, 97, 28, 106, 82, 122, 17, 102, 25, 51, 64, 20, 36, 65, 9, 92, 8, 116, 114, 66, 23, 60, 5, 61, 54, 68, 74, 86, 80, 87, 113, 40, 32, 12]",0.09489798545837402
SOM-a_3_n25_m2.txt,9.0,0.0,"[15, 4]",0.0
SOM-a_40_n125_m37.txt,3667.0,0.0,"[83, 5, 12, 70, 65, 71, 120, 109, 68, 114, 108, 19, 112, 1, 81, 43, 38, 101, 46, 9, 22, 7, 50, 48, 76, 84, 64, 53, 34, 57, 15, 17, 88, 30, 80, 55, 56]",0.09872937202453613
SOM-a_41_n150_m15.txt,719.0,0.0,"[72, 1, 43, 41, 124, 145, 74, 142, 73, 118, 71, 9, 85, 132, 21]",0.05034828186035156
SOM-a_42_n150_m15.txt,719.0,0.0,"[48, 1, 58, 69, 75, 122, 56, 77, 19, 104, 53, 112, 24, 23, 137]",0.057653188705444336
SOM-a_43_n150_m15.txt,728.0,0.0,"[28, 14, 54, 104, 35, 18, 121, 26, 113, 53, 122, 45, 117, 136, 48]",0.052062273025512695
SOM-a_44_n150_m15.txt,716.0,0.0,"[132, 8, 77, 138, 51, 119, 80, 136, 56, 76, 78, 118, 11, 71, 117]",0.05740952491760254
SOM-a_45_n150_m15.txt,721.0,0.0,"[117, 5, 58, 125, 53, 109, 93, 102, 79, 108, 139, 135, 7, 77, 62]",0.05082964897155762
SOM-a_46_n150_m45.txt,5379.0,0.0,"[102, 2, 46, 129, 90, 5, 17, 27, 144, 13, 51, 32, 71, 36, 65, 52, 121, 84, 25, 28, 120, 1, 9, 74, 76, 50, 0, 21, 26, 105, 56, 48, 41, 96, 29, 49, 103, 113, 69, 85, 59, 108, 123, 80, 30]",0.14468050003051758
SOM-a_47_n150_m45.txt,5343.0,0.0,"[91, 2, 82, 20, 103, 29, 24, 42, 104, 28, 98, 106, 15, 5, 6, 79, 55, 89, 87, 23, 119, 134, 30, 135, 144, 127, 13, 130, 27, 62, 125, 17, 37, 123, 18, 69, 100, 66, 114, 126, 65, 113, 33, 145, 71]",0.1518101692199707
SOM-a_48_n150_m45.txt,5363.0,0.0,"[134, 16, 106, 4, 47, 103, 19, 114, 23, 17, 136, 69, 98, 9, 131, 121, 13, 125, 137, 68, 141, 115, 71, 38, 54, 34, 126, 148, 133, 97, 130, 43, 14, 110, 75, 24, 33, 27, 42, 62, 129, 31, 108, 44, 59]",0.14654326438903809
SOM-a_49_n150_m45.txt,5303.0,0.0,"[123, 4, 59, 27, 75, 25, 146, 6, 66, 147, 55, 70, 132, 125, 45, 22, 99, 13, 32, 141, 98, 14, 53, 86, 90, 94, 76, 138, 80, 112, 61, 148, 127, 62, 135, 107, 29, 34, 134, 12, 105, 15, 78, 56, 79]",0.13315224647521973
SOM-a_4_n25_m2.txt,9.0,0.0,"[5, 11]",0.0
SOM-a_50_n150_m45.txt,5406.0,0.0,"[36, 4, 58, 23, 0, 47, 5, 17, 133, 74, 78, 118, 119, 48, 44, 61, 100, 123, 92, 115, 56, 98, 11, 101, 128, 110, 14, 39, 66, 111, 12, 32, 53, 144, 130, 42, 52, 76, 72, 91, 93, 105, 127, 31, 108]",0.14096498489379883
SOM-a_5_n25_m2.txt,9.0,0.0,"[17, 13]",0.0
SOM-a_6_n25_m7.txt,153.0,0.0,"[18, 6, 8, 2, 20, 24, 14]",0.0
SOM-a_7_n25_m7.txt,150.0,0.0,"[15, 1, 24, 10, 23, 21, 0]",0.0070705413818359375
SOM-a_8_n25_m7.txt,144.0,0.0,"[15, 0, 7, 23, 9, 14, 11]",0.004996776580810547
SOM-a_9_n25_m7.txt,147.0,0.0,"[13, 3, 4, 21, 9, 10, 12]",0.0
SOM-b_10_n300_m60.txt,9591.0,0.0,"[249, 4, 28, 37, 98, 274, 295, 197, 188, 277, 95, 55, 283, 109, 52, 67, 271, 99, 118, 282, 106, 161, 219, 213, 146, 82, 123, 240, 152, 256, 297, 103, 12, 54, 250, 91, 125, 11, 88, 86, 285, 230, 121, 164, 262, 76, 64, 248, 142, 224, 45, 168, 59, 289, 141, 22, 85, 228, 199, 184]",0.860076904296875
SOM-b_11_n300_m90.txt,20633.0,0.0,"[186, 0, 21, 101, 80, 109, 235, 164, 150, 49, 8, 36, 38, 278, 27, 238, 59, 108, 115, 206, 209, 94, 15, 52, 169, 117, 291, 161, 184, 102, 218, 248, 140, 216, 267, 299, 296, 194, 40, 86, 195, 239, 11, 73, 292, 160, 84, 189, 219, 121, 20, 32, 262, 230, 105, 180, 9, 66, 116, 26, 120, 146, 211, 13, 191, 1, 178, 34, 88, 141, 152, 158, 283, 217, 173, 266, 68, 187, 72, 10, 207, 139, 280, 246, 289, 229, 159, 132, 134, 154]",3.9950637817382812
SOM-b_12_n300_m120.txt,35745.0,0.0,"[158, 0, 46, 196, 197, 195, 266, 234, 7, 279, 125, 267, 258, 268, 174, 238, 3, 2, 181, 206, 155, 219, 88, 105, 139, 11, 168, 233, 61, 13, 290, 18, 121, 277, 85, 49, 227, 182, 189, 259, 231, 204, 45, 29, 202, 133, 79, 242, 293, 21, 239, 162, 108, 132, 249, 256, 144, 142, 33, 223, 178, 156, 119, 4, 187, 106, 297, 5, 282, 185, 260, 216, 9, 224, 254, 141, 278, 115, 253, 48, 128, 12, 32, 16, 192, 160, 153, 27, 186, 270, 135, 275, 78, 126, 198, 250, 72, 93, 149, 82, 116, 83, 124, 122, 228, 240, 281, 74, 264, 134, 295, 248, 296, 207, 39, 262, 63, 147, 288, 20]",3.7181549072265625
SOM-b_13_n400_m40.txt,4601.0,0.0,"[390, 10, 239, 327, 283, 54, 342, 203, 176, 138, 146, 224, 184, 226, 179, 223, 152, 1, 49, 47, 275, 109, 102, 300, 140, 135, 297, 277, 189, 4, 367, 352, 93, 27, 136, 350, 133, 335, 380, 42]",1.5412540435791016
SOM-b_14_n400_m80.txt,16824.0,0.0,"[340, 4, 46, 225, 366, 175, 82, 85, 251, 179, 38, 89, 335, 28, 334, 63, 224, 261, 295, 10, 248, 245, 331, 87, 54, 369, 379, 147, 21, 18, 58, 285, 344, 391, 307, 304, 36, 124, 293, 191, 68, 78, 306, 374, 52, 263, 281, 323, 134, 130, 319, 17, 236, 1, 102, 150, 44, 283, 399, 2, 234, 354, 33, 395, 255, 396, 260, 13, 201, 29, 121, 297, 3, 47, 266, 7, 284, 213, 288, 76]",2.371799945831299
SOM-b_15_n400_m120.txt,36106.0,0.0,"[157, 2, 9, 151, 21, 65, 205, 146, 284, 354, 40, 201, 165, 183, 340, 287, 156, 68, 150, 309, 121, 369, 101, 378, 125, 286, 217, 328, 118, 119, 34, 215, 271, 312, 279, 18, 175, 240, 61, 100, 75, 1, 381, 124, 131, 69, 32, 164, 341, 120, 377, 105, 13, 313, 181, 142, 35, 224, 92, 158, 38, 129, 376, 136, 94, 149, 86, 0, 213, 36, 392, 295, 293, 389, 196, 218, 231, 242, 230, 396, 310, 311, 24, 387, 54, 225, 103, 305, 229, 104, 395, 31, 234, 368, 351, 399, 191, 390, 113, 318, 133, 110, 76, 167, 323, 282, 26, 87, 56, 126, 223, 358, 155, 3, 382, 206, 296, 214, 161, 194]",4.282648801803589
SOM-b_16_n400_m160.txt,62217.0,0.0,"[83, 2, 24, 23, 297, 43, 115, 73, 273, 304, 7, 10, 280, 18, 203, 292, 122, 242, 82, 67, 147, 9, 396, 159, 309, 86, 19, 92, 308, 61, 69, 277, 237, 195, 142, 392, 207, 301, 185, 98, 320, 126, 75, 94, 181, 378, 210, 306, 74, 398, 182, 27, 36, 330, 49, 21, 28, 246, 311, 130, 89, 151, 262, 167, 152, 197, 371, 118, 293, 138, 72, 170, 15, 148, 274, 374, 70, 346, 164, 261, 169, 266, 104, 359, 225, 269, 5, 111, 342, 101, 44, 252, 188, 282, 56, 135, 333, 258, 315, 201, 328, 240, 259, 288, 146, 208, 59, 129, 312, 145, 323, 52, 127, 108, 218, 369, 112, 238, 241, 344, 206, 265, 365, 37, 254, 6, 175, 171, 229, 158, 157, 12, 96, 397, 30, 136, 385, 272, 335, 34, 194, 79, 64, 283, 275, 223, 196, 248, 141, 381, 177, 253, 307, 17, 110, 53, 318, 373, 166, 90]",4.433096170425415
SOM-b_17_n500_m50.txt,7074.0,0.0,"[497, 12, 30, 288, 73, 83, 268, 359, 105, 2, 479, 434, 101, 253, 461, 51, 406, 223, 196, 445, 227, 0, 409, 3, 279, 370, 110, 136, 211, 11, 91, 472, 416, 334, 452, 342, 210, 312, 59, 327, 169, 324, 92, 318, 471, 498, 37, 152, 328, 201]",12.481562376022339
SOM-b_18_n500_m100.txt,26062.0,0.0,"[115, 18, 71, 128, 292, 454, 448, 94, 43, 48, 404, 258, 317, 151, 375, 286, 328, 336, 173, 66, 85, 308, 33, 368, 98, 287, 42, 434, 350, 70, 231, 182, 214, 150, 452, 96, 210, 352, 380, 218, 419, 386, 277, 459, 382, 348, 477, 131, 245, 397, 16, 429, 494, 67, 335, 80, 313, 141, 398, 439, 60, 89, 260, 417, 36, 283, 472, 111, 238, 376, 311, 88, 26, 73, 93, 273, 194, 464, 175, 181, 140, 399, 3, 65, 424, 280, 298, 329, 455, 423, 101, 324, 388, 473, 38, 202, 127, 83, 309, 254]",19.90724754333496
SOM-b_19_n500_m150.txt,56308.0,0.0,"[142, 13, 140, 303, 165, 465, 86, 146, 191, 6, 108, 118, 154, 245, 200, 27, 114, 232, 366, 391, 336, 137, 129, 305, 219, 494, 410, 221, 91, 386, 378, 287, 11, 120, 231, 302, 254, 23, 331, 335, 112, 409, 216, 419, 298, 29, 411, 421, 408, 423, 124, 273, 417, 15, 271, 81, 450, 275, 362, 488, 353, 139, 389, 332, 192, 185, 122, 424, 66, 263, 177, 138, 229, 92, 167, 306, 364, 289, 334, 58, 88, 311, 385, 252, 74, 462, 280, 95, 166, 204, 93, 449, 198, 201, 55, 427, 94, 452, 130, 321, 61, 34, 492, 443, 368, 383, 188, 4, 38, 44, 316, 46, 468, 481, 276, 169, 215, 62, 469, 213, 392, 451, 57, 20, 0, 283, 330, 415, 83, 205, 369, 54, 372, 107, 348, 218, 441, 33, 131, 274, 175, 116, 345, 313, 324, 121, 448, 210, 499, 152]",28.11907148361206
SOM-b_1_n100_m10.txt,333.0,0.0,"[77, 14, 21, 52, 49, 16, 13, 75, 87, 57]",0.022706031799316406
SOM-b_20_n500_m200.txt,97034.0,0.0,"[413, 17, 19, 77, 328, 109, 161, 261, 132, 62, 1, 127, 120, 217, 42, 98, 70, 209, 134, 125, 412, 475, 136, 35, 91, 196, 227, 308, 433, 336, 335, 34, 485, 449, 414, 28, 146, 240, 298, 213, 73, 5, 47, 29, 112, 108, 263, 396, 8, 25, 421, 51, 124, 165, 76, 126, 216, 282, 144, 455, 492, 372, 383, 366, 370, 406, 83, 400, 92, 160, 288, 279, 462, 262, 260, 178, 56, 277, 114, 117, 46, 69, 143, 437, 63, 190, 465, 355, 20, 224, 369, 379, 208, 434, 266, 195, 440, 477, 74, 471, 151, 179, 368, 293, 145, 373, 139, 99, 409, 272, 264, 175, 377, 494, 58, 341, 418, 154, 167, 429, 97, 66, 68, 211, 401, 467, 2, 52, 405, 107, 347, 301, 39, 187, 96, 219, 238, 222, 41, 296, 218, 444, 384, 390, 24, 359, 228, 374, 274, 118, 150, 382, 389, 204, 491, 122, 156, 183, 194, 330, 321, 312, 404, 30, 105, 22, 198, 419, 207, 155, 348, 234, 499, 101, 246, 291, 316, 399, 324, 362, 385, 7, 306, 398, 453, 50, 174, 181, 489, 424, 265, 171, 358, 438, 371, 89, 299, 164, 203, 142]",34.246835231781006
SOM-b_2_n100_m20.txt,1177.0,0.0,"[81, 1, 11, 34, 49, 37, 8, 52, 53, 22, 50, 15, 79, 70, 0, 56, 17, 62, 85, 63]",0.03252863883972168
SOM-b_3_n100_m30.txt,2457.0,0.0,"[96, 6, 56, 47, 3, 31, 63, 34, 58, 74, 72, 93, 60, 83, 36, 71, 27, 22, 5, 40, 16, 37, 55, 9, 35, 44, 30, 84, 11, 61]",0.05536532402038574
SOM-b_4_n100_m40.txt,4112.0,0.0,"[87, 3, 56, 88, 63, 7, 99, 69, 30, 78, 65, 11, 96, 91, 44, 98, 77, 39, 80, 28, 43, 34, 25, 46, 10, 76, 67, 58, 15, 59, 12, 93, 0, 21, 66, 86, 49, 26, 75, 8]",0.08004283905029297
SOM-b_5_n200_m20.txt,1243.0,0.0,"[173, 19, 80, 162, 115, 186, 109, 100, 142, 190, 37, 156, 27, 25, 140, 199, 46, 174, 64, 53]",0.1127164363861084
SOM-b_6_n200_m40.txt,4432.0,0.0,"[28, 9, 15, 6, 149, 84, 113, 36, 94, 129, 104, 199, 192, 8, 76, 181, 47, 64, 11, 86, 100, 135, 117, 85, 79, 180, 96, 141, 101, 166, 1, 80, 99, 73, 188, 55, 185, 71, 20, 154]",0.21159768104553223
SOM-b_7_n200_m60.txt,9398.0,0.0,"[132, 0, 17, 107, 140, 172, 109, 75, 192, 64, 198, 91, 170, 5, 72, 156, 188, 16, 166, 89, 8, 118, 34, 29, 141, 191, 50, 128, 81, 111, 66, 84, 139, 116, 180, 186, 142, 168, 14, 164, 83, 10, 40, 135, 23, 112, 130, 24, 87, 26, 94, 100, 110, 41, 115, 78, 113, 20, 104, 144]",0.3078153133392334
SOM-b_8_n200_m80.txt,16161.0,0.0,"[179, 7, 54, 144, 3, 59, 129, 49, 70, 80, 32, 117, 137, 10, 69, 1, 140, 11, 88, 26, 31, 43, 186, 37, 35, 187, 161, 120, 173, 64, 16, 125, 5, 114, 51, 175, 188, 76, 25, 30, 141, 22, 148, 17, 89, 9, 132, 34, 63, 15, 111, 142, 75, 95, 36, 122, 198, 40, 174, 197, 169, 123, 168, 106, 160, 50, 99, 191, 61, 33, 153, 165, 19, 23, 56, 2, 164, 171, 105, 152]",0.3935880661010742
SOM-b_9_n300_m30.txt,2676.0,0.0,"[119, 3, 114, 141, 6, 174, 261, 130, 203, 271, 284, 47, 14, 213, 148, 215, 175, 217, 191, 247, 268, 83, 169, 147, 134, 160, 238, 236, 140, 120]",1.0899677276611328
