Instância,Modelo,Valor_Otimo,Valor_Resultado,Proximidade (%),Vértices Selecionados
MDG-a_15_n500_m50,RandomForest,7666.70,6416.02,83.69,"[4, 7, 8, 11, 17, 21, 23, 35, 37, 62, 63, 64, 65, 67, 80, 84, 100, 104, 112, 123, 125, 160, 163, 164, 167, 168, 169, 170, 173, 185, 188, 211, 221, 243, 274, 291, 294, 301, 339, 341, 358, 364, 368, 378, 399, 412, 418, 424, 483, 489]"
MDG-a_15_n500_m50,LogisticRegression,7666.70,6619.24,86.34,"[1, 4, 10, 17, 18, 19, 20, 21, 23, 35, 37, 47, 52, 55, 61, 65, 69, 72, 74, 78, 80, 84, 85, 86, 104, 112, 113, 121, 122, 130, 139, 142, 151, 160, 169, 179, 186, 192, 206, 209, 211, 229, 237, 243, 274, 295, 302, 308, 398, 435]"
MDG-a_15_n500_m50,KNN,7666.70,6344.40,82.75,"[7, 8, 9, 11, 17, 21, 22, 35, 37, 60, 62, 68, 80, 84, 87, 95, 104, 126, 127, 131, 140, 151, 160, 167, 185, 188, 211, 221, 230, 243, 253, 274, 294, 296, 300, 301, 333, 358, 364, 367, 370, 378, 380, 402, 412, 419, 424, 451, 454, 461]"
MDG-a_15_n500_m50,DecisionTree,7666.70,6318.75,82.42,"[8, 17, 21, 23, 27, 29, 55, 63, 65, 67, 68, 69, 74, 78, 80, 84, 86, 87, 98, 100, 104, 110, 112, 113, 123, 125, 128, 133, 160, 168, 169, 173, 180, 185, 188, 387, 390, 398, 418, 424, 426, 428, 429, 430, 431, 445, 454, 461, 462, 483]"
MDG-a_16_n500_m50,RandomForest,7724.08,6399.61,82.85,"[21, 23, 33, 36, 52, 54, 56, 64, 65, 68, 73, 95, 114, 115, 120, 124, 134, 136, 159, 160, 162, 164, 165, 167, 194, 198, 226, 234, 235, 239, 240, 253, 256, 266, 302, 304, 339, 353, 364, 378, 389, 391, 396, 422, 423, 447, 453, 459, 460, 491]"
MDG-a_16_n500_m50,LogisticRegression,7724.08,6625.15,85.77,"[1, 3, 6, 10, 12, 21, 22, 33, 35, 36, 41, 46, 51, 52, 54, 56, 63, 67, 69, 71, 73, 83, 92, 99, 114, 121, 130, 137, 139, 140, 159, 162, 167, 179, 181, 195, 222, 228, 234, 235, 253, 256, 264, 270, 277, 285, 287, 309, 320, 427]"
MDG-a_16_n500_m50,KNN,7724.08,6318.23,81.80,"[1, 21, 23, 33, 35, 54, 56, 59, 64, 73, 95, 97, 98, 99, 106, 108, 114, 115, 118, 120, 124, 157, 159, 162, 164, 165, 198, 226, 253, 255, 256, 266, 270, 277, 304, 324, 353, 354, 364, 370, 388, 389, 396, 397, 424, 440, 460, 462, 463, 490]"
MDG-a_16_n500_m50,DecisionTree,7724.08,6492.92,84.06,"[16, 17, 18, 25, 26, 30, 33, 35, 36, 52, 54, 56, 64, 65, 67, 68, 69, 71, 73, 77, 84, 93, 95, 101, 108, 109, 110, 113, 115, 120, 121, 124, 125, 126, 132, 134, 159, 189, 389, 391, 394, 396, 397, 405, 421, 422, 423, 425, 447, 481]"
MDG-a_17_n500_m50,RandomForest,7734.80,6313.04,81.62,"[20, 23, 26, 28, 35, 48, 53, 62, 63, 66, 73, 82, 96, 97, 115, 120, 150, 160, 161, 162, 169, 170, 179, 188, 190, 198, 203, 234, 236, 248, 249, 252, 254, 257, 260, 267, 338, 342, 361, 373, 375, 384, 402, 409, 412, 416, 419, 444, 445, 454]"
MDG-a_17_n500_m50,LogisticRegression,7734.80,6717.67,86.85,"[2, 10, 16, 17, 22, 24, 25, 26, 30, 32, 33, 35, 36, 40, 45, 46, 51, 53, 54, 58, 61, 73, 74, 81, 82, 86, 95, 100, 106, 125, 150, 155, 157, 184, 187, 190, 199, 203, 205, 209, 215, 227, 234, 252, 257, 267, 314, 320, 347, 362]"
MDG-a_17_n500_m50,KNN,7734.80,6324.19,81.76,"[20, 22, 24, 28, 35, 53, 59, 96, 114, 115, 120, 121, 122, 124, 126, 127, 128, 150, 160, 161, 162, 170, 180, 182, 188, 203, 217, 226, 236, 248, 252, 254, 257, 260, 267, 316, 318, 338, 342, 373, 380, 387, 391, 399, 402, 409, 416, 421, 445, 455]"
MDG-a_17_n500_m50,DecisionTree,7734.80,6368.66,82.34,"[35, 40, 45, 46, 48, 53, 59, 188, 253, 260, 264, 267, 285, 296, 297, 300, 305, 316, 328, 338, 342, 348, 355, 357, 361, 364, 373, 375, 379, 380, 384, 385, 387, 388, 393, 399, 402, 406, 412, 416, 419, 421, 427, 429, 440, 445, 448, 483, 485, 487]"
MDG-a_18_n500_m50,RandomForest,7683.54,6164.10,80.22,"[20, 22, 24, 28, 33, 56, 62, 80, 82, 93, 102, 122, 132, 133, 149, 159, 160, 161, 162, 168, 171, 185, 190, 194, 207, 218, 230, 239, 243, 245, 246, 256, 258, 266, 294, 302, 339, 372, 379, 389, 397, 419, 421, 425, 427, 446, 449, 454, 487, 492]"
MDG-a_18_n500_m50,LogisticRegression,7683.54,6707.69,87.30,"[1, 2, 3, 10, 11, 18, 19, 20, 22, 23, 24, 26, 31, 33, 35, 38, 56, 61, 63, 65, 67, 73, 80, 82, 91, 93, 94, 97, 98, 102, 106, 113, 114, 116, 136, 139, 149, 156, 157, 169, 190, 191, 193, 201, 207, 230, 239, 256, 349, 395]"
MDG-a_18_n500_m50,KNN,7683.54,6164.77,80.23,"[1, 11, 16, 22, 24, 25, 28, 33, 50, 51, 56, 60, 62, 64, 68, 78, 80, 91, 93, 95, 109, 124, 127, 132, 140, 171, 181, 185, 207, 224, 246, 256, 258, 266, 294, 302, 307, 339, 421, 423, 427, 446, 449, 450, 452, 460, 461, 462, 487, 492]"
MDG-a_18_n500_m50,DecisionTree,7683.54,6182.37,80.46,"[20, 22, 24, 25, 28, 31, 33, 38, 41, 68, 82, 86, 91, 93, 97, 99, 101, 102, 109, 111, 112, 122, 123, 124, 128, 129, 132, 133, 134, 140, 149, 151, 159, 171, 181, 190, 191, 384, 385, 387, 389, 390, 395, 397, 419, 421, 424, 425, 426, 427]"
MDG-a_19_n500_m50,RandomForest,7663.51,6124.71,79.92,"[4, 8, 20, 28, 36, 39, 60, 67, 79, 83, 103, 108, 112, 123, 125, 126, 132, 136, 139, 150, 159, 175, 186, 190, 207, 229, 230, 247, 253, 254, 291, 301, 333, 338, 355, 357, 370, 375, 379, 391, 408, 417, 420, 423, 424, 425, 427, 450, 451, 483]"
MDG-a_19_n500_m50,LogisticRegression,7663.51,6545.23,85.41,"[1, 4, 7, 8, 13, 14, 15, 18, 35, 36, 39, 41, 42, 44, 45, 47, 50, 53, 56, 66, 67, 68, 79, 82, 83, 96, 97, 98, 100, 102, 108, 115, 122, 133, 134, 142, 150, 165, 172, 175, 206, 207, 222, 229, 230, 240, 249, 254, 289, 339]"
MDG-a_19_n500_m50,KNN,7663.51,6155.43,80.32,"[1, 8, 20, 28, 36, 60, 67, 83, 99, 108, 112, 121, 123, 125, 126, 128, 132, 139, 150, 186, 207, 210, 230, 246, 247, 252, 254, 295, 338, 354, 355, 357, 375, 379, 383, 390, 391, 402, 408, 411, 417, 420, 424, 425, 427, 429, 451, 463, 486, 494]"
MDG-a_19_n500_m50,DecisionTree,7663.51,6040.69,78.82,"[36, 39, 45, 47, 56, 60, 62, 63, 253, 254, 260, 272, 273, 291, 295, 299, 301, 306, 307, 313, 326, 333, 336, 338, 354, 355, 356, 357, 361, 362, 367, 370, 375, 382, 388, 390, 391, 399, 402, 413, 417, 420, 424, 425, 427, 428, 432, 444, 483, 494]"
MDG-a_1_n500_m50,RandomForest,7708.00,6394.97,82.97,"[22, 23, 32, 45, 50, 52, 54, 62, 64, 65, 66, 69, 81, 83, 97, 98, 104, 105, 112, 125, 131, 161, 162, 164, 165, 166, 172, 173, 220, 234, 236, 241, 246, 247, 268, 291, 299, 354, 374, 397, 402, 407, 419, 423, 425, 429, 455, 456, 464, 488]"
MDG-a_1_n500_m50,LogisticRegression,7708.00,6543.95,84.90,"[1, 2, 11, 14, 15, 22, 23, 27, 30, 32, 36, 38, 44, 47, 50, 51, 52, 54, 65, 79, 81, 83, 102, 104, 105, 107, 109, 112, 116, 119, 120, 135, 141, 164, 167, 189, 205, 234, 242, 268, 269, 282, 296, 299, 323, 332, 335, 336, 363, 376]"
MDG-a_1_n500_m50,KNN,7708.00,6506.54,84.41,"[25, 32, 44, 46, 52, 54, 55, 64, 66, 81, 83, 97, 98, 99, 104, 105, 110, 112, 125, 127, 131, 157, 158, 162, 164, 172, 175, 196, 223, 241, 249, 258, 291, 296, 299, 324, 338, 354, 374, 378, 384, 393, 397, 407, 408, 427, 429, 440, 455, 464]"
MDG-a_1_n500_m50,DecisionTree,7708.00,6196.82,80.39,"[32, 43, 44, 45, 46, 47, 50, 52, 54, 62, 63, 247, 256, 257, 265, 268, 290, 291, 295, 300, 308, 316, 318, 324, 329, 330, 349, 352, 354, 361, 365, 366, 367, 374, 386, 388, 392, 397, 398, 407, 413, 419, 421, 423, 425, 427, 428, 429, 430, 485]"
MDG-a_20_n500_m50,RandomForest,7670.75,6311.86,82.28,"[2, 23, 33, 35, 50, 59, 60, 65, 67, 80, 99, 102, 111, 113, 114, 119, 147, 160, 161, 162, 163, 165, 169, 195, 202, 221, 227, 229, 232, 246, 255, 272, 294, 357, 363, 384, 392, 402, 410, 424, 426, 430, 455, 457, 459, 462, 474, 488, 489, 492]"
MDG-a_20_n500_m50,LogisticRegression,7670.75,6405.68,83.51,"[2, 4, 6, 9, 10, 12, 13, 23, 26, 27, 33, 35, 40, 41, 47, 50, 51, 55, 62, 64, 67, 71, 79, 80, 87, 89, 93, 102, 113, 114, 122, 131, 132, 134, 147, 172, 178, 180, 186, 197, 202, 210, 230, 232, 246, 269, 272, 298, 317, 329]"
MDG-a_20_n500_m50,KNN,7670.75,6214.12,81.01,"[2, 12, 17, 23, 33, 35, 59, 65, 67, 71, 79, 80, 89, 90, 92, 102, 113, 114, 119, 121, 127, 130, 159, 160, 163, 165, 177, 202, 221, 227, 232, 246, 294, 298, 355, 357, 363, 369, 385, 392, 402, 407, 410, 424, 425, 426, 432, 455, 461, 492]"
MDG-a_20_n500_m50,DecisionTree,7670.75,6304.13,82.18,"[2, 10, 12, 13, 50, 59, 60, 61, 63, 80, 96, 98, 99, 100, 101, 109, 111, 113, 114, 119, 135, 140, 147, 159, 160, 161, 163, 165, 168, 195, 197, 199, 202, 208, 221, 232, 254, 255, 384, 385, 416, 423, 424, 425, 426, 430, 432, 439, 457, 474]"
MDG-a_2_n500_m50,RandomForest,7669.07,6284.30,81.94,"[20, 21, 25, 27, 30, 34, 37, 60, 63, 98, 100, 119, 127, 139, 159, 163, 167, 188, 190, 195, 196, 199, 215, 235, 243, 244, 248, 249, 252, 253, 259, 265, 277, 337, 340, 361, 368, 373, 376, 392, 408, 410, 412, 425, 426, 441, 462, 487, 488, 497]"
MDG-a_2_n500_m50,LogisticRegression,7669.07,6643.51,86.63,"[7, 8, 10, 12, 13, 14, 16, 17, 23, 26, 29, 30, 34, 55, 60, 65, 71, 73, 76, 77, 92, 113, 129, 134, 141, 142, 151, 157, 158, 160, 179, 187, 188, 193, 199, 203, 209, 214, 218, 223, 224, 225, 227, 242, 252, 253, 287, 321, 389, 411]"
MDG-a_2_n500_m50,KNN,7669.07,6311.78,82.30,"[20, 21, 23, 27, 30, 34, 60, 63, 68, 77, 93, 94, 100, 113, 119, 127, 129, 135, 139, 159, 188, 214, 242, 243, 248, 249, 252, 253, 260, 303, 340, 361, 368, 371, 375, 376, 378, 382, 384, 385, 390, 391, 396, 405, 425, 426, 462, 487, 488, 497]"
MDG-a_2_n500_m50,DecisionTree,7669.07,6230.79,81.25,"[14, 15, 58, 59, 60, 63, 65, 68, 73, 77, 98, 100, 101, 108, 119, 122, 126, 127, 131, 132, 139, 159, 162, 167, 181, 185, 188, 190, 198, 199, 203, 209, 215, 218, 221, 223, 248, 249, 384, 385, 391, 417, 419, 425, 426, 429, 430, 438, 441, 480]"
MDG-a_3_n500_m50,RandomForest,7679.62,6324.68,82.36,"[16, 27, 30, 46, 52, 64, 77, 82, 95, 99, 102, 106, 112, 113, 117, 120, 123, 124, 158, 160, 163, 165, 167, 188, 192, 198, 219, 236, 254, 268, 292, 295, 297, 298, 347, 354, 375, 383, 386, 391, 395, 397, 401, 411, 423, 426, 430, 448, 457, 466]"
MDG-a_3_n500_m50,LogisticRegression,7679.62,6631.24,86.35,"[0, 11, 12, 14, 15, 16, 17, 18, 28, 30, 31, 43, 46, 52, 53, 62, 65, 67, 69, 70, 73, 77, 82, 84, 85, 95, 97, 101, 102, 104, 106, 109, 112, 113, 117, 119, 126, 130, 132, 146, 156, 158, 187, 195, 279, 297, 314, 343, 350, 366]"
MDG-a_3_n500_m50,KNN,7679.62,6276.54,81.73,"[16, 23, 27, 64, 65, 82, 85, 91, 94, 99, 109, 112, 117, 118, 119, 120, 123, 124, 141, 158, 165, 167, 187, 188, 190, 220, 236, 261, 262, 268, 279, 292, 295, 297, 298, 336, 354, 356, 370, 384, 386, 391, 395, 397, 399, 401, 411, 423, 451, 466]"
MDG-a_3_n500_m50,DecisionTree,7679.62,6205.47,80.80,"[6, 12, 48, 52, 55, 65, 67, 70, 73, 77, 82, 84, 90, 92, 93, 94, 95, 99, 100, 101, 102, 106, 109, 112, 113, 117, 120, 123, 124, 148, 156, 158, 387, 388, 389, 390, 391, 394, 395, 397, 416, 423, 426, 428, 430, 431, 440, 457, 466, 479]"
MDG-a_4_n500_m50,RandomForest,7695.69,6265.13,81.41,"[14, 16, 21, 25, 26, 55, 56, 60, 76, 83, 92, 110, 115, 120, 123, 149, 150, 161, 162, 166, 168, 188, 191, 220, 221, 228, 236, 238, 245, 259, 269, 293, 297, 302, 340, 364, 375, 381, 397, 403, 409, 415, 425, 428, 452, 454, 459, 462, 478, 489]"
MDG-a_4_n500_m50,LogisticRegression,7695.69,6522.95,84.76,"[3, 9, 11, 13, 14, 16, 21, 29, 30, 37, 54, 55, 56, 61, 65, 66, 67, 76, 79, 81, 83, 86, 90, 106, 115, 116, 117, 125, 133, 136, 139, 145, 147, 149, 150, 157, 161, 200, 208, 215, 263, 276, 277, 297, 304, 320, 361, 370, 371, 399]"
MDG-a_4_n500_m50,KNN,7695.69,6280.99,81.62,"[14, 16, 21, 25, 54, 56, 67, 83, 92, 109, 110, 115, 123, 127, 130, 150, 158, 161, 162, 166, 188, 189, 208, 221, 227, 228, 236, 238, 245, 248, 259, 263, 277, 292, 297, 302, 364, 381, 408, 409, 415, 422, 425, 451, 454, 462, 478, 486, 489, 490]"
MDG-a_4_n500_m50,DecisionTree,7695.69,6217.56,80.79,"[11, 14, 15, 55, 56, 58, 59, 60, 66, 67, 69, 76, 83, 92, 93, 94, 100, 104, 109, 110, 115, 120, 130, 131, 133, 135, 149, 150, 157, 161, 162, 166, 170, 176, 182, 183, 188, 191, 208, 211, 220, 396, 399, 419, 422, 425, 428, 466, 477, 478]"
MDG-a_5_n500_m50,RandomForest,7668.13,6312.76,82.32,"[22, 24, 26, 27, 34, 53, 60, 66, 68, 70, 95, 96, 100, 108, 126, 127, 133, 139, 158, 165, 166, 168, 171, 181, 192, 195, 231, 249, 250, 257, 260, 300, 302, 306, 336, 340, 352, 358, 371, 391, 394, 398, 406, 409, 423, 424, 433, 486, 495, 496]"
MDG-a_5_n500_m50,LogisticRegression,7668.13,6540.66,85.30,"[7, 10, 13, 14, 15, 18, 21, 23, 24, 28, 32, 34, 37, 39, 40, 42, 49, 53, 59, 62, 63, 64, 69, 78, 87, 90, 93, 95, 103, 108, 112, 113, 119, 122, 130, 134, 135, 145, 149, 192, 222, 223, 233, 257, 260, 267, 276, 287, 288, 386]"
MDG-a_5_n500_m50,KNN,7668.13,6261.52,81.66,"[22, 23, 24, 26, 27, 34, 40, 48, 53, 59, 60, 63, 66, 69, 96, 112, 121, 126, 127, 139, 145, 158, 165, 166, 168, 171, 231, 233, 249, 253, 257, 267, 276, 294, 300, 301, 306, 320, 342, 379, 397, 398, 409, 422, 423, 424, 425, 433, 444, 486]"
MDG-a_5_n500_m50,DecisionTree,7668.13,6172.34,80.49,"[14, 48, 50, 53, 60, 63, 66, 69, 70, 92, 93, 96, 99, 100, 102, 103, 108, 126, 133, 139, 143, 158, 166, 168, 171, 175, 178, 181, 192, 195, 203, 206, 219, 222, 223, 226, 233, 250, 255, 391, 397, 398, 423, 424, 425, 426, 427, 433, 435, 486]"
MDG-a_6_n500_m50,RandomForest,7675.74,6345.46,82.67,"[16, 20, 25, 26, 33, 34, 51, 57, 58, 59, 64, 66, 77, 78, 84, 108, 111, 132, 151, 160, 161, 167, 169, 188, 189, 191, 210, 211, 227, 247, 251, 255, 256, 295, 298, 355, 362, 371, 373, 376, 391, 403, 416, 422, 426, 451, 463, 485, 489, 491]"
MDG-a_6_n500_m50,LogisticRegression,7675.74,6565.61,85.54,"[7, 17, 20, 21, 25, 28, 33, 34, 36, 40, 41, 42, 55, 57, 58, 63, 68, 70, 77, 78, 84, 87, 95, 107, 108, 113, 121, 122, 125, 128, 131, 139, 153, 155, 159, 182, 191, 196, 209, 217, 219, 247, 254, 271, 275, 290, 298, 312, 336, 443]"
MDG-a_6_n500_m50,KNN,7675.74,6371.36,83.01,"[20, 21, 33, 34, 57, 58, 64, 66, 67, 71, 78, 84, 127, 132, 153, 160, 161, 169, 188, 189, 191, 211, 227, 229, 247, 255, 256, 271, 275, 295, 298, 336, 354, 355, 362, 365, 373, 376, 382, 388, 392, 403, 409, 410, 416, 418, 422, 451, 463, 485]"
MDG-a_6_n500_m50,DecisionTree,7675.74,6323.93,82.39,"[30, 34, 42, 51, 54, 57, 58, 59, 60, 61, 251, 253, 255, 260, 261, 271, 275, 295, 297, 300, 316, 321, 328, 354, 355, 356, 362, 365, 376, 380, 387, 388, 391, 392, 396, 397, 416, 418, 421, 422, 424, 426, 427, 431, 439, 440, 485, 487, 489, 491]"
MDG-a_7_n500_m50,RandomForest,7700.62,6442.02,83.66,"[4, 9, 15, 18, 22, 23, 26, 49, 51, 65, 95, 96, 97, 112, 115, 117, 136, 164, 168, 170, 172, 179, 190, 194, 200, 210, 221, 244, 249, 254, 258, 265, 291, 292, 294, 295, 299, 354, 365, 369, 378, 390, 409, 412, 416, 420, 424, 463, 490, 491]"
MDG-a_7_n500_m50,LogisticRegression,7700.62,6653.74,86.41,"[1, 4, 6, 8, 9, 15, 18, 23, 25, 29, 30, 31, 39, 49, 51, 57, 58, 61, 64, 68, 78, 85, 87, 97, 101, 113, 115, 117, 129, 130, 134, 140, 142, 143, 166, 167, 173, 183, 186, 197, 200, 210, 229, 237, 244, 269, 276, 288, 340, 395]"
MDG-a_7_n500_m50,KNN,7700.62,6271.12,81.44,"[9, 15, 18, 22, 23, 26, 49, 92, 96, 97, 112, 113, 136, 166, 170, 172, 176, 185, 199, 210, 220, 221, 222, 223, 225, 229, 241, 244, 249, 253, 258, 265, 292, 294, 295, 299, 303, 365, 369, 380, 389, 396, 409, 412, 416, 420, 424, 426, 490, 491]"
MDG-a_7_n500_m50,DecisionTree,7700.62,6230.56,80.91,"[4, 9, 12, 15, 49, 60, 62, 65, 68, 69, 70, 92, 95, 96, 97, 103, 105, 106, 111, 112, 115, 117, 126, 130, 134, 145, 159, 169, 170, 172, 175, 179, 182, 186, 188, 190, 194, 200, 208, 210, 221, 404, 405, 416, 420, 423, 424, 425, 426, 451]"
MDG-a_8_n500_m50,RandomForest,7696.77,6376.13,82.84,"[20, 28, 47, 48, 55, 56, 57, 60, 65, 69, 102, 108, 109, 111, 115, 120, 125, 136, 147, 150, 159, 164, 169, 170, 188, 190, 202, 218, 247, 258, 262, 293, 300, 305, 318, 337, 367, 370, 376, 407, 413, 416, 421, 424, 425, 441, 454, 457, 488, 496]"
MDG-a_8_n500_m50,LogisticRegression,7696.77,6521.27,84.73,"[0, 6, 7, 8, 9, 11, 14, 17, 19, 25, 30, 43, 47, 48, 49, 53, 55, 56, 58, 61, 65, 66, 67, 71, 72, 75, 77, 78, 85, 89, 95, 98, 102, 115, 123, 142, 143, 145, 152, 154, 164, 180, 186, 202, 209, 250, 258, 295, 374, 456]"
MDG-a_8_n500_m50,KNN,7696.77,6247.06,81.16,"[0, 20, 22, 49, 56, 58, 60, 65, 66, 77, 100, 109, 115, 120, 125, 147, 150, 159, 164, 181, 183, 188, 202, 247, 253, 258, 262, 295, 300, 305, 318, 337, 341, 354, 376, 378, 393, 406, 407, 413, 414, 416, 419, 421, 422, 454, 455, 484, 488, 496]"
MDG-a_8_n500_m50,DecisionTree,7696.77,6368.97,82.75,"[36, 47, 48, 49, 52, 55, 56, 60, 252, 254, 262, 264, 277, 279, 293, 302, 304, 305, 307, 308, 317, 318, 322, 337, 341, 346, 352, 354, 362, 367, 370, 379, 387, 388, 393, 401, 405, 410, 416, 419, 421, 422, 424, 425, 427, 428, 432, 439, 441, 488]"
MDG-a_9_n500_m50,RandomForest,7673.96,6352.30,82.78,"[4, 8, 9, 21, 24, 27, 34, 35, 65, 92, 96, 97, 103, 105, 121, 127, 135, 150, 161, 165, 169, 175, 194, 211, 224, 228, 244, 245, 248, 251, 258, 262, 269, 297, 303, 318, 340, 357, 361, 365, 396, 411, 416, 422, 425, 437, 449, 451, 454, 489]"
MDG-a_9_n500_m50,LogisticRegression,7673.96,6638.65,86.51,"[2, 3, 4, 8, 12, 15, 16, 20, 34, 35, 41, 42, 44, 51, 52, 56, 58, 61, 63, 70, 72, 74, 75, 90, 92, 103, 105, 110, 128, 133, 142, 144, 150, 153, 160, 165, 166, 174, 175, 185, 191, 197, 211, 228, 244, 251, 269, 300, 323, 383]"
MDG-a_9_n500_m50,KNN,7673.96,6377.55,83.11,"[4, 8, 21, 24, 25, 26, 34, 46, 48, 52, 65, 92, 96, 97, 100, 103, 105, 121, 127, 150, 157, 161, 169, 175, 236, 244, 245, 248, 251, 252, 258, 262, 267, 269, 303, 318, 326, 357, 361, 390, 396, 411, 416, 422, 431, 451, 487, 489, 494, 496]"
MDG-a_9_n500_m50,DecisionTree,7673.96,6290.61,81.97,"[24, 35, 42, 48, 51, 52, 56, 59, 236, 244, 245, 248, 253, 258, 259, 260, 262, 269, 275, 291, 296, 298, 300, 305, 318, 326, 357, 361, 365, 366, 367, 388, 389, 396, 400, 403, 410, 411, 416, 417, 422, 425, 427, 429, 431, 437, 438, 439, 489, 494]"
MDG-b_10_n500_m50,RandomForest,767857.88,643348.83,83.78,"[0, 4, 8, 13, 16, 17, 18, 19, 22, 23, 25, 28, 29, 30, 32, 33, 35, 36, 37, 38, 39, 40, 41, 42, 43, 44, 45, 46, 49, 50, 53, 55, 59, 60, 61, 64, 65, 73, 75, 78, 87, 98, 107, 118, 123, 126, 131, 154, 199, 209]"
MDG-b_10_n500_m50,LogisticRegression,767857.88,578645.20,75.36,"[9, 10, 20, 26, 30, 31, 34, 53, 54, 71, 82, 91, 96, 110, 114, 128, 132, 140, 142, 144, 156, 168, 171, 172, 175, 196, 198, 235, 254, 266, 275, 285, 286, 288, 292, 297, 306, 309, 316, 317, 323, 327, 338, 349, 367, 388, 430, 434, 483, 495]"
MDG-b_10_n500_m50,KNN,767857.88,621621.93,80.96,"[0, 32, 33, 34, 35, 36, 37, 38, 39, 40, 41, 42, 43, 44, 45, 46, 47, 48, 49, 50, 51, 52, 53, 54, 55, 58, 59, 60, 61, 62, 63, 481, 482, 483, 484, 485, 486, 487, 488, 489, 490, 491, 492, 493, 494, 495, 496, 497, 498, 499]"
MDG-b_10_n500_m50,DecisionTree,767857.88,621621.93,80.96,"[0, 32, 33, 34, 35, 36, 37, 38, 39, 40, 41, 42, 43, 44, 45, 46, 47, 48, 49, 50, 51, 52, 53, 54, 55, 58, 59, 60, 61, 62, 63, 481, 482, 483, 484, 485, 486, 487, 488, 489, 490, 491, 492, 493, 494, 495, 496, 497, 498, 499]"
MDG-b_11_n500_m50,RandomForest,767386.18,656295.33,85.52,"[1, 2, 3, 4, 5, 9, 11, 16, 19, 20, 22, 23, 27, 31, 32, 33, 34, 36, 37, 38, 40, 43, 44, 47, 50, 51, 53, 54, 55, 62, 67, 69, 70, 78, 79, 83, 86, 87, 90, 96, 101, 109, 112, 115, 129, 161, 163, 184, 200, 231]"
MDG-b_11_n500_m50,LogisticRegression,767386.18,567618.31,73.97,"[4, 8, 12, 20, 21, 26, 28, 31, 35, 36, 39, 41, 52, 58, 65, 70, 72, 77, 79, 81, 107, 108, 111, 117, 122, 123, 151, 153, 178, 182, 198, 216, 232, 239, 244, 256, 257, 258, 266, 298, 314, 318, 336, 353, 356, 406, 428, 467, 479, 498]"
MDG-b_11_n500_m50,KNN,767386.18,622044.33,81.06,"[0, 32, 33, 34, 35, 36, 37, 38, 39, 40, 41, 42, 43, 44, 45, 46, 47, 48, 49, 50, 51, 52, 53, 54, 55, 58, 59, 60, 61, 62, 63, 481, 482, 483, 484, 485, 486, 487, 488, 489, 490, 491, 492, 493, 494, 495, 496, 497, 498, 499]"
MDG-b_11_n500_m50,DecisionTree,767386.18,622044.33,81.06,"[0, 32, 33, 34, 35, 36, 37, 38, 39, 40, 41, 42, 43, 44, 45, 46, 47, 48, 49, 50, 51, 52, 53, 54, 55, 58, 59, 60, 61, 62, 63, 481, 482, 483, 484, 485, 486, 487, 488, 489, 490, 491, 492, 493, 494, 495, 496, 497, 498, 499]"
MDG-b_12_n500_m50,RandomForest,766228.37,631328.89,82.39,"[0, 2, 3, 6, 7, 8, 10, 11, 15, 17, 19, 21, 23, 24, 26, 28, 30, 32, 33, 35, 36, 37, 38, 39, 40, 41, 42, 43, 45, 46, 47, 48, 60, 62, 64, 70, 73, 74, 85, 86, 87, 103, 109, 118, 121, 131, 132, 143, 157, 168]"
MDG-b_12_n500_m50,LogisticRegression,766228.37,562178.98,73.37,"[9, 13, 14, 18, 31, 38, 43, 49, 57, 59, 65, 69, 71, 72, 76, 83, 89, 96, 113, 119, 141, 148, 155, 161, 163, 173, 174, 189, 192, 226, 231, 232, 283, 286, 290, 291, 293, 326, 331, 359, 362, 364, 401, 414, 455, 457, 461, 472, 483, 488]"
MDG-b_12_n500_m50,KNN,766228.37,598051.95,78.05,"[0, 32, 33, 34, 35, 36, 37, 38, 39, 40, 41, 42, 43, 44, 45, 46, 47, 48, 49, 50, 51, 52, 53, 54, 55, 58, 59, 60, 61, 62, 63, 481, 482, 483, 484, 485, 486, 487, 488, 489, 490, 491, 492, 493, 494, 495, 496, 497, 498, 499]"
MDG-b_12_n500_m50,DecisionTree,766228.37,598051.95,78.05,"[0, 32, 33, 34, 35, 36, 37, 38, 39, 40, 41, 42, 43, 44, 45, 46, 47, 48, 49, 50, 51, 52, 53, 54, 55, 58, 59, 60, 61, 62, 63, 481, 482, 483, 484, 485, 486, 487, 488, 489, 490, 491, 492, 493, 494, 495, 496, 497, 498, 499]"
MDG-b_13_n500_m50,RandomForest,769499.54,643533.14,83.63,"[0, 2, 3, 5, 6, 8, 10, 11, 12, 15, 16, 20, 21, 23, 28, 29, 31, 34, 36, 38, 40, 43, 45, 46, 47, 53, 55, 60, 61, 62, 63, 67, 72, 75, 80, 84, 85, 91, 92, 96, 98, 102, 127, 128, 140, 146, 151, 154, 164, 180]"
MDG-b_13_n500_m50,LogisticRegression,769499.54,547013.07,71.09,"[8, 13, 15, 18, 22, 24, 25, 29, 30, 35, 37, 44, 48, 59, 64, 66, 76, 81, 86, 100, 101, 108, 115, 116, 119, 120, 126, 134, 135, 136, 142, 162, 172, 179, 196, 232, 235, 264, 265, 308, 331, 334, 352, 371, 383, 437, 450, 466, 480, 499]"
MDG-b_13_n500_m50,KNN,769499.54,628852.83,81.72,"[0, 32, 33, 34, 35, 36, 37, 38, 39, 40, 41, 42, 43, 44, 45, 46, 47, 48, 49, 50, 51, 52, 53, 54, 55, 58, 59, 60, 61, 62, 63, 481, 482, 483, 484, 485, 486, 487, 488, 489, 490, 491, 492, 493, 494, 495, 496, 497, 498, 499]"
MDG-b_13_n500_m50,DecisionTree,769499.54,628852.83,81.72,"[0, 32, 33, 34, 35, 36, 37, 38, 39, 40, 41, 42, 43, 44, 45, 46, 47, 48, 49, 50, 51, 52, 53, 54, 55, 58, 59, 60, 61, 62, 63, 481, 482, 483, 484, 485, 486, 487, 488, 489, 490, 491, 492, 493, 494, 495, 496, 497, 498, 499]"
MDG-b_14_n500_m50,RandomForest,771672.53,639524.18,82.88,"[4, 6, 7, 8, 9, 10, 11, 12, 13, 15, 17, 18, 19, 20, 25, 26, 27, 28, 29, 34, 35, 36, 37, 41, 42, 48, 54, 55, 63, 65, 70, 75, 77, 82, 83, 85, 89, 90, 105, 111, 114, 119, 125, 134, 145, 146, 152, 171, 269, 282]"
MDG-b_14_n500_m50,LogisticRegression,771672.53,552562.86,71.61,"[1, 7, 11, 14, 23, 24, 31, 45, 56, 61, 64, 66, 74, 90, 92, 93, 98, 126, 130, 132, 138, 140, 159, 165, 183, 187, 189, 193, 204, 205, 214, 217, 224, 230, 236, 246, 254, 255, 271, 288, 300, 306, 318, 342, 349, 388, 396, 404, 434, 482]"
MDG-b_14_n500_m50,KNN,771672.53,625698.91,81.08,"[0, 32, 33, 34, 35, 36, 37, 38, 39, 40, 41, 42, 43, 44, 45, 46, 47, 48, 49, 50, 51, 52, 53, 54, 55, 58, 59, 60, 61, 62, 63, 481, 482, 483, 484, 485, 486, 487, 488, 489, 490, 491, 492, 493, 494, 495, 496, 497, 498, 499]"
MDG-b_14_n500_m50,DecisionTree,771672.53,625698.91,81.08,"[0, 32, 33, 34, 35, 36, 37, 38, 39, 40, 41, 42, 43, 44, 45, 46, 47, 48, 49, 50, 51, 52, 53, 54, 55, 58, 59, 60, 61, 62, 63, 481, 482, 483, 484, 485, 486, 487, 488, 489, 490, 491, 492, 493, 494, 495, 496, 497, 498, 499]"
MDG-b_15_n500_m50,RandomForest,770394.93,631275.14,81.94,"[1, 4, 5, 7, 8, 10, 12, 13, 14, 16, 17, 19, 20, 21, 23, 24, 26, 28, 29, 30, 31, 32, 33, 38, 40, 41, 45, 47, 53, 58, 60, 61, 66, 67, 71, 72, 76, 80, 82, 91, 92, 94, 114, 119, 120, 123, 130, 133, 159, 211]"
MDG-b_15_n500_m50,LogisticRegression,770394.93,575939.12,74.76,"[3, 6, 11, 15, 21, 25, 27, 36, 41, 44, 52, 55, 77, 87, 88, 102, 108, 109, 127, 132, 134, 142, 175, 188, 190, 201, 208, 209, 216, 224, 254, 265, 269, 276, 290, 294, 319, 322, 323, 325, 338, 360, 364, 393, 399, 435, 436, 448, 463, 484]"
MDG-b_15_n500_m50,KNN,770394.93,601437.58,78.07,"[0, 32, 33, 34, 35, 36, 37, 38, 39, 40, 41, 42, 43, 44, 45, 46, 47, 48, 49, 50, 51, 52, 53, 54, 55, 58, 59, 60, 61, 62, 63, 481, 482, 483, 484, 485, 486, 487, 488, 489, 490, 491, 492, 493, 494, 495, 496, 497, 498, 499]"
MDG-b_15_n500_m50,DecisionTree,770394.93,601437.58,78.07,"[0, 32, 33, 34, 35, 36, 37, 38, 39, 40, 41, 42, 43, 44, 45, 46, 47, 48, 49, 50, 51, 52, 53, 54, 55, 58, 59, 60, 61, 62, 63, 481, 482, 483, 484, 485, 486, 487, 488, 489, 490, 491, 492, 493, 494, 495, 496, 497, 498, 499]"
MDG-b_16_n500_m50,RandomForest,768936.83,647346.41,84.19,"[4, 5, 6, 7, 8, 9, 10, 11, 15, 17, 18, 19, 21, 26, 27, 28, 34, 35, 36, 37, 39, 40, 43, 44, 46, 48, 54, 58, 63, 64, 66, 71, 74, 75, 77, 84, 89, 93, 94, 101, 106, 108, 117, 144, 147, 159, 164, 182, 203, 254]"
MDG-b_16_n500_m50,LogisticRegression,768936.83,566715.82,73.70,"[10, 12, 14, 30, 32, 45, 47, 61, 68, 75, 76, 80, 91, 107, 118, 123, 127, 129, 132, 135, 141, 142, 155, 169, 170, 198, 201, 212, 213, 214, 229, 244, 250, 257, 263, 275, 276, 280, 282, 300, 301, 316, 321, 328, 343, 428, 429, 437, 444, 481]"
MDG-b_16_n500_m50,KNN,768936.83,603861.55,78.53,"[0, 32, 33, 34, 35, 36, 37, 38, 39, 40, 41, 42, 43, 44, 45, 46, 47, 48, 49, 50, 51, 52, 53, 54, 55, 58, 59, 60, 61, 62, 63, 481, 482, 483, 484, 485, 486, 487, 488, 489, 490, 491, 492, 493, 494, 495, 496, 497, 498, 499]"
MDG-b_16_n500_m50,DecisionTree,768936.83,603861.55,78.53,"[0, 32, 33, 34, 35, 36, 37, 38, 39, 40, 41, 42, 43, 44, 45, 46, 47, 48, 49, 50, 51, 52, 53, 54, 55, 58, 59, 60, 61, 62, 63, 481, 482, 483, 484, 485, 486, 487, 488, 489, 490, 491, 492, 493, 494, 495, 496, 497, 498, 499]"
MDG-b_17_n500_m50,RandomForest,770055.14,649358.77,84.33,"[1, 2, 5, 6, 7, 8, 9, 10, 12, 13, 14, 16, 18, 19, 20, 21, 22, 23, 25, 28, 29, 30, 31, 34, 35, 36, 37, 38, 39, 43, 45, 46, 49, 58, 61, 62, 68, 77, 79, 81, 82, 88, 96, 102, 105, 109, 117, 123, 200, 209]"
MDG-b_17_n500_m50,LogisticRegression,770055.14,568906.82,73.88,"[0, 4, 9, 15, 20, 23, 26, 41, 44, 48, 57, 64, 69, 71, 73, 74, 84, 86, 89, 90, 99, 114, 116, 121, 126, 127, 130, 149, 163, 177, 182, 199, 239, 263, 264, 280, 285, 304, 306, 323, 328, 341, 352, 381, 402, 408, 410, 466, 467, 487]"
MDG-b_17_n500_m50,KNN,770055.14,635933.98,82.58,"[0, 32, 33, 34, 35, 36, 37, 38, 39, 40, 41, 42, 43, 44, 45, 46, 47, 48, 49, 50, 51, 52, 53, 54, 55, 58, 59, 60, 61, 62, 63, 481, 482, 483, 484, 485, 486, 487, 488, 489, 490, 491, 492, 493, 494, 495, 496, 497, 498, 499]"
MDG-b_17_n500_m50,DecisionTree,770055.14,635933.98,82.58,"[0, 32, 33, 34, 35, 36, 37, 38, 39, 40, 41, 42, 43, 44, 45, 46, 47, 48, 49, 50, 51, 52, 53, 54, 55, 58, 59, 60, 61, 62, 63, 481, 482, 483, 484, 485, 486, 487, 488, 489, 490, 491, 492, 493, 494, 495, 496, 497, 498, 499]"
MDG-b_18_n500_m50,RandomForest,768751.01,646172.52,84.05,"[0, 1, 2, 3, 4, 5, 8, 11, 12, 13, 18, 20, 21, 22, 26, 28, 30, 31, 32, 38, 39, 43, 49, 52, 54, 56, 59, 64, 67, 69, 70, 79, 92, 93, 100, 102, 104, 110, 118, 123, 126, 127, 129, 139, 151, 162, 166, 171, 197, 483]"
MDG-b_18_n500_m50,LogisticRegression,768751.01,572888.54,74.52,"[0, 7, 8, 9, 10, 13, 15, 16, 17, 25, 33, 36, 41, 42, 45, 63, 66, 68, 80, 82, 84, 87, 96, 98, 99, 111, 115, 116, 122, 128, 140, 141, 142, 153, 179, 205, 209, 221, 237, 247, 256, 279, 289, 292, 314, 348, 365, 366, 401, 481]"
MDG-b_18_n500_m50,KNN,768751.01,606734.17,78.92,"[0, 32, 33, 34, 35, 36, 37, 38, 39, 40, 41, 42, 43, 44, 45, 46, 47, 48, 49, 50, 51, 52, 53, 54, 55, 58, 59, 60, 61, 62, 63, 481, 482, 483, 484, 485, 486, 487, 488, 489, 490, 491, 492, 493, 494, 495, 496, 497, 498, 499]"
MDG-b_18_n500_m50,DecisionTree,768751.01,606734.17,78.92,"[0, 32, 33, 34, 35, 36, 37, 38, 39, 40, 41, 42, 43, 44, 45, 46, 47, 48, 49, 50, 51, 52, 53, 54, 55, 58, 59, 60, 61, 62, 63, 481, 482, 483, 484, 485, 486, 487, 488, 489, 490, 491, 492, 493, 494, 495, 496, 497, 498, 499]"
MDG-b_19_n500_m50,RandomForest,775279.06,631864.62,81.50,"[0, 1, 2, 4, 5, 6, 7, 10, 11, 12, 13, 14, 15, 17, 18, 22, 23, 24, 25, 26, 27, 28, 29, 31, 33, 34, 36, 37, 42, 45, 47, 48, 49, 52, 55, 56, 58, 61, 73, 79, 87, 89, 101, 109, 112, 113, 122, 125, 129, 224]"
MDG-b_19_n500_m50,LogisticRegression,775279.06,568128.13,73.28,"[2, 3, 9, 18, 21, 26, 35, 40, 41, 44, 53, 57, 60, 62, 64, 66, 68, 70, 72, 80, 82, 83, 84, 90, 94, 103, 107, 114, 118, 123, 139, 148, 160, 166, 181, 193, 211, 214, 215, 216, 260, 263, 265, 271, 290, 320, 324, 412, 424, 435]"
MDG-b_19_n500_m50,KNN,775279.06,601242.50,77.55,"[0, 32, 33, 34, 35, 36, 37, 38, 39, 40, 41, 42, 43, 44, 45, 46, 47, 48, 49, 50, 51, 52, 53, 54, 55, 58, 59, 60, 61, 62, 63, 481, 482, 483, 484, 485, 486, 487, 488, 489, 490, 491, 492, 493, 494, 495, 496, 497, 498, 499]"
MDG-b_19_n500_m50,DecisionTree,775279.06,601242.50,77.55,"[0, 32, 33, 34, 35, 36, 37, 38, 39, 40, 41, 42, 43, 44, 45, 46, 47, 48, 49, 50, 51, 52, 53, 54, 55, 58, 59, 60, 61, 62, 63, 481, 482, 483, 484, 485, 486, 487, 488, 489, 490, 491, 492, 493, 494, 495, 496, 497, 498, 499]"
MDG-b_1_n500_m50,RandomForest,767340.95,639066.39,83.28,"[0, 1, 4, 6, 8, 9, 11, 14, 16, 17, 18, 19, 22, 23, 27, 28, 30, 32, 33, 35, 36, 37, 38, 39, 41, 42, 48, 50, 55, 56, 62, 64, 66, 74, 77, 81, 84, 86, 96, 105, 109, 114, 117, 120, 126, 127, 135, 136, 139, 151]"
MDG-b_1_n500_m50,LogisticRegression,767340.95,563634.63,73.45,"[1, 2, 10, 12, 15, 16, 23, 26, 37, 49, 51, 53, 58, 72, 85, 87, 90, 94, 95, 106, 118, 123, 130, 132, 143, 154, 155, 167, 169, 172, 201, 203, 209, 211, 212, 222, 253, 255, 265, 270, 308, 317, 331, 368, 388, 393, 418, 425, 482, 483]"
MDG-b_1_n500_m50,KNN,767340.95,614958.38,80.14,"[0, 32, 33, 34, 35, 36, 37, 38, 39, 40, 41, 42, 43, 44, 45, 46, 47, 48, 49, 50, 51, 52, 53, 54, 55, 58, 59, 60, 61, 62, 63, 481, 482, 483, 484, 485, 486, 487, 488, 489, 490, 491, 492, 493, 494, 495, 496, 497, 498, 499]"
MDG-b_1_n500_m50,DecisionTree,767340.95,614958.38,80.14,"[0, 32, 33, 34, 35, 36, 37, 38, 39, 40, 41, 42, 43, 44, 45, 46, 47, 48, 49, 50, 51, 52, 53, 54, 55, 58, 59, 60, 61, 62, 63, 481, 482, 483, 484, 485, 486, 487, 488, 489, 490, 491, 492, 493, 494, 495, 496, 497, 498, 499]"
MDG-b_20_n500_m50,RandomForest,768628.20,622241.42,80.95,"[0, 2, 5, 7, 10, 13, 14, 18, 19, 20, 21, 23, 24, 25, 28, 31, 32, 34, 35, 36, 38, 41, 42, 44, 46, 50, 53, 54, 55, 56, 60, 64, 65, 67, 68, 71, 72, 82, 83, 85, 88, 89, 93, 97, 98, 118, 137, 146, 149, 167]"
MDG-b_20_n500_m50,LogisticRegression,768628.20,566988.18,73.77,"[8, 11, 12, 16, 22, 24, 28, 29, 30, 33, 38, 48, 64, 69, 75, 81, 84, 85, 86, 87, 101, 117, 132, 135, 140, 155, 159, 170, 172, 175, 177, 188, 192, 196, 207, 214, 217, 238, 281, 295, 320, 357, 362, 365, 382, 390, 393, 397, 482, 495]"
MDG-b_20_n500_m50,KNN,768628.20,600584.17,78.14,"[0, 32, 33, 34, 35, 36, 37, 38, 39, 40, 41, 42, 43, 44, 45, 46, 47, 48, 49, 50, 51, 52, 53, 54, 55, 58, 59, 60, 61, 62, 63, 481, 482, 483, 484, 485, 486, 487, 488, 489, 490, 491, 492, 493, 494, 495, 496, 497, 498, 499]"
MDG-b_20_n500_m50,DecisionTree,768628.20,600584.17,78.14,"[0, 32, 33, 34, 35, 36, 37, 38, 39, 40, 41, 42, 43, 44, 45, 46, 47, 48, 49, 50, 51, 52, 53, 54, 55, 58, 59, 60, 61, 62, 63, 481, 482, 483, 484, 485, 486, 487, 488, 489, 490, 491, 492, 493, 494, 495, 496, 497, 498, 499]"
MDG-b_2_n500_m50,RandomForest,773215.80,628824.89,81.33,"[0, 1, 2, 4, 5, 7, 9, 11, 12, 13, 17, 18, 21, 23, 24, 27, 28, 29, 32, 34, 35, 36, 37, 38, 39, 40, 41, 42, 43, 45, 47, 54, 59, 60, 67, 72, 73, 76, 83, 91, 100, 104, 110, 113, 115, 117, 123, 172, 179, 248]"
MDG-b_2_n500_m50,LogisticRegression,773215.80,559369.88,72.34,"[3, 8, 10, 14, 15, 16, 22, 25, 28, 43, 49, 51, 56, 65, 66, 82, 85, 96, 105, 121, 127, 130, 134, 137, 154, 156, 158, 170, 177, 186, 196, 200, 215, 222, 231, 232, 249, 252, 265, 318, 326, 335, 355, 371, 395, 432, 435, 441, 453, 483]"
MDG-b_2_n500_m50,KNN,773215.80,606109.77,78.39,"[0, 32, 33, 34, 35, 36, 37, 38, 39, 40, 41, 42, 43, 44, 45, 46, 47, 48, 49, 50, 51, 52, 53, 54, 55, 58, 59, 60, 61, 62, 63, 481, 482, 483, 484, 485, 486, 487, 488, 489, 490, 491, 492, 493, 494, 495, 496, 497, 498, 499]"
MDG-b_2_n500_m50,DecisionTree,773215.80,606109.77,78.39,"[0, 32, 33, 34, 35, 36, 37, 38, 39, 40, 41, 42, 43, 44, 45, 46, 47, 48, 49, 50, 51, 52, 53, 54, 55, 58, 59, 60, 61, 62, 63, 481, 482, 483, 484, 485, 486, 487, 488, 489, 490, 491, 492, 493, 494, 495, 496, 497, 498, 499]"
MDG-b_3_n500_m50,RandomForest,769583.72,646742.75,84.04,"[1, 4, 5, 8, 12, 13, 15, 16, 19, 20, 21, 22, 23, 24, 26, 27, 28, 29, 30, 31, 32, 34, 36, 40, 42, 43, 44, 46, 47, 49, 52, 55, 57, 65, 70, 82, 87, 89, 93, 102, 105, 106, 112, 135, 140, 154, 155, 157, 185, 215]"
MDG-b_3_n500_m50,LogisticRegression,769583.72,568158.83,73.83,"[0, 6, 7, 10, 21, 30, 36, 41, 45, 50, 58, 62, 63, 76, 95, 108, 114, 126, 148, 149, 166, 170, 173, 176, 182, 188, 192, 210, 218, 219, 221, 234, 235, 249, 260, 290, 296, 298, 300, 305, 323, 385, 400, 423, 431, 436, 451, 456, 459, 472]"
MDG-b_3_n500_m50,KNN,769583.72,593236.92,77.09,"[0, 32, 33, 34, 35, 36, 37, 38, 39, 40, 41, 42, 43, 44, 45, 46, 47, 48, 49, 50, 51, 52, 53, 54, 55, 58, 59, 60, 61, 62, 63, 481, 482, 483, 484, 485, 486, 487, 488, 489, 490, 491, 492, 493, 494, 495, 496, 497, 498, 499]"
MDG-b_3_n500_m50,DecisionTree,769583.72,593236.92,77.09,"[0, 32, 33, 34, 35, 36, 37, 38, 39, 40, 41, 42, 43, 44, 45, 46, 47, 48, 49, 50, 51, 52, 53, 54, 55, 58, 59, 60, 61, 62, 63, 481, 482, 483, 484, 485, 486, 487, 488, 489, 490, 491, 492, 493, 494, 495, 496, 497, 498, 499]"
MDG-b_4_n500_m50,RandomForest,769184.76,628367.03,81.69,"[0, 1, 2, 5, 6, 13, 15, 16, 20, 22, 24, 25, 29, 30, 31, 33, 34, 35, 37, 38, 39, 41, 44, 46, 51, 56, 57, 58, 59, 60, 61, 63, 64, 65, 66, 69, 73, 77, 79, 82, 83, 90, 95, 106, 109, 117, 119, 143, 154, 167]"
MDG-b_4_n500_m50,LogisticRegression,769184.76,567842.31,73.82,"[9, 10, 12, 18, 20, 23, 26, 31, 38, 43, 49, 50, 54, 64, 68, 71, 74, 75, 80, 81, 86, 92, 99, 102, 108, 113, 118, 124, 147, 153, 162, 170, 178, 183, 197, 205, 211, 212, 259, 298, 309, 315, 324, 333, 348, 400, 406, 428, 433, 450]"
MDG-b_4_n500_m50,KNN,769184.76,610536.82,79.37,"[0, 32, 33, 34, 35, 36, 37, 38, 39, 40, 41, 42, 43, 44, 45, 46, 47, 48, 49, 50, 51, 52, 53, 54, 55, 58, 59, 60, 61, 62, 63, 481, 482, 483, 484, 485, 486, 487, 488, 489, 490, 491, 492, 493, 494, 495, 496, 497, 498, 499]"
MDG-b_4_n500_m50,DecisionTree,769184.76,610536.82,79.37,"[0, 32, 33, 34, 35, 36, 37, 38, 39, 40, 41, 42, 43, 44, 45, 46, 47, 48, 49, 50, 51, 52, 53, 54, 55, 58, 59, 60, 61, 62, 63, 481, 482, 483, 484, 485, 486, 487, 488, 489, 490, 491, 492, 493, 494, 495, 496, 497, 498, 499]"
MDG-b_5_n500_m50,RandomForest,768684.85,611105.91,79.50,"[0, 1, 4, 5, 6, 8, 10, 11, 12, 14, 16, 17, 19, 22, 23, 27, 28, 29, 31, 32, 33, 34, 36, 37, 38, 39, 40, 41, 44, 45, 46, 47, 49, 53, 57, 59, 60, 62, 64, 66, 69, 78, 83, 105, 106, 108, 119, 179, 185, 215]"
MDG-b_5_n500_m50,LogisticRegression,768684.85,580883.99,75.57,"[3, 5, 9, 13, 18, 21, 22, 24, 34, 37, 38, 40, 52, 54, 58, 66, 72, 74, 76, 77, 99, 101, 115, 126, 131, 135, 143, 146, 158, 160, 184, 196, 198, 205, 219, 220, 224, 229, 232, 240, 255, 258, 259, 279, 304, 305, 306, 319, 455, 478]"
MDG-b_5_n500_m50,KNN,768684.85,618984.94,80.53,"[0, 32, 33, 34, 35, 36, 37, 38, 39, 40, 41, 42, 43, 44, 45, 46, 47, 48, 49, 50, 51, 52, 53, 54, 55, 58, 59, 60, 61, 62, 63, 481, 482, 483, 484, 485, 486, 487, 488, 489, 490, 491, 492, 493, 494, 495, 496, 497, 498, 499]"
MDG-b_5_n500_m50,DecisionTree,768684.85,618984.94,80.53,"[0, 32, 33, 34, 35, 36, 37, 38, 39, 40, 41, 42, 43, 44, 45, 46, 47, 48, 49, 50, 51, 52, 53, 54, 55, 58, 59, 60, 61, 62, 63, 481, 482, 483, 484, 485, 486, 487, 488, 489, 490, 491, 492, 493, 494, 495, 496, 497, 498, 499]"
MDG-b_6_n500_m50,RandomForest,765942.24,643380.71,84.00,"[2, 3, 5, 10, 11, 12, 13, 16, 17, 18, 19, 20, 22, 27, 28, 29, 34, 35, 36, 37, 38, 39, 40, 41, 42, 43, 44, 45, 46, 47, 48, 49, 50, 51, 52, 62, 74, 75, 80, 87, 92, 96, 99, 107, 111, 116, 124, 136, 151, 191]"
MDG-b_6_n500_m50,LogisticRegression,765942.24,553138.72,72.22,"[0, 4, 8, 14, 23, 24, 25, 26, 30, 33, 59, 60, 63, 77, 79, 81, 89, 98, 100, 110, 112, 118, 120, 160, 176, 186, 206, 211, 222, 239, 245, 256, 272, 275, 279, 287, 297, 339, 341, 363, 369, 410, 419, 429, 439, 448, 449, 457, 461, 493]"
MDG-b_6_n500_m50,KNN,765942.24,613660.70,80.12,"[0, 32, 33, 34, 35, 36, 37, 38, 39, 40, 41, 42, 43, 44, 45, 46, 47, 48, 49, 50, 51, 52, 53, 54, 55, 58, 59, 60, 61, 62, 63, 481, 482, 483, 484, 485, 486, 487, 488, 489, 490, 491, 492, 493, 494, 495, 496, 497, 498, 499]"
MDG-b_6_n500_m50,DecisionTree,765942.24,613660.70,80.12,"[0, 32, 33, 34, 35, 36, 37, 38, 39, 40, 41, 42, 43, 44, 45, 46, 47, 48, 49, 50, 51, 52, 53, 54, 55, 58, 59, 60, 61, 62, 63, 481, 482, 483, 484, 485, 486, 487, 488, 489, 490, 491, 492, 493, 494, 495, 496, 497, 498, 499]"
MDG-b_7_n500_m50,RandomForest,771105.68,653824.09,84.79,"[0, 5, 6, 8, 9, 10, 12, 13, 14, 16, 18, 20, 22, 25, 26, 29, 30, 32, 33, 35, 36, 37, 40, 41, 48, 52, 56, 59, 67, 68, 71, 73, 80, 83, 89, 91, 99, 107, 109, 119, 141, 142, 156, 160, 161, 171, 184, 201, 208, 219]"
MDG-b_7_n500_m50,LogisticRegression,771105.68,551520.66,71.52,"[7, 31, 34, 38, 42, 44, 47, 49, 58, 60, 72, 74, 76, 77, 86, 96, 106, 110, 111, 118, 138, 151, 152, 168, 172, 173, 185, 196, 198, 205, 207, 213, 221, 226, 234, 247, 251, 291, 296, 311, 331, 332, 365, 388, 398, 413, 426, 427, 468, 491]"
MDG-b_7_n500_m50,KNN,771105.68,604171.73,78.35,"[0, 32, 33, 34, 35, 36, 37, 38, 39, 40, 41, 42, 43, 44, 45, 46, 47, 48, 49, 50, 51, 52, 53, 54, 55, 58, 59, 60, 61, 62, 63, 481, 482, 483, 484, 485, 486, 487, 488, 489, 490, 491, 492, 493, 494, 495, 496, 497, 498, 499]"
MDG-b_7_n500_m50,DecisionTree,771105.68,604171.73,78.35,"[0, 32, 33, 34, 35, 36, 37, 38, 39, 40, 41, 42, 43, 44, 45, 46, 47, 48, 49, 50, 51, 52, 53, 54, 55, 58, 59, 60, 61, 62, 63, 481, 482, 483, 484, 485, 486, 487, 488, 489, 490, 491, 492, 493, 494, 495, 496, 497, 498, 499]"
MDG-b_8_n500_m50,RandomForest,768782.59,635524.85,82.67,"[0, 1, 4, 5, 7, 8, 9, 10, 11, 14, 17, 18, 19, 20, 22, 23, 25, 27, 29, 30, 31, 32, 34, 38, 40, 41, 43, 45, 47, 48, 49, 51, 61, 62, 65, 68, 72, 74, 86, 89, 95, 101, 106, 109, 116, 120, 151, 172, 237, 259]"
MDG-b_8_n500_m50,LogisticRegression,768782.59,555352.46,72.24,"[2, 4, 8, 22, 26, 42, 46, 60, 62, 64, 69, 73, 77, 85, 87, 97, 103, 113, 122, 132, 135, 148, 153, 165, 169, 175, 182, 184, 186, 190, 229, 254, 255, 263, 264, 267, 280, 284, 291, 301, 302, 326, 355, 357, 365, 380, 382, 428, 430, 480]"
MDG-b_8_n500_m50,KNN,768782.59,594855.47,77.38,"[0, 32, 33, 34, 35, 36, 37, 38, 39, 40, 41, 42, 43, 44, 45, 46, 47, 48, 49, 50, 51, 52, 53, 54, 55, 58, 59, 60, 61, 62, 63, 481, 482, 483, 484, 485, 486, 487, 488, 489, 490, 491, 492, 493, 494, 495, 496, 497, 498, 499]"
MDG-b_8_n500_m50,DecisionTree,768782.59,594855.47,77.38,"[0, 32, 33, 34, 35, 36, 37, 38, 39, 40, 41, 42, 43, 44, 45, 46, 47, 48, 49, 50, 51, 52, 53, 54, 55, 58, 59, 60, 61, 62, 63, 481, 482, 483, 484, 485, 486, 487, 488, 489, 490, 491, 492, 493, 494, 495, 496, 497, 498, 499]"
MDG-b_9_n500_m50,RandomForest,769797.80,632792.18,82.20,"[0, 3, 5, 6, 7, 10, 12, 14, 15, 16, 19, 20, 21, 22, 23, 24, 25, 26, 28, 31, 33, 35, 37, 40, 41, 45, 47, 48, 50, 51, 52, 54, 55, 65, 68, 77, 79, 80, 82, 83, 105, 106, 109, 110, 116, 119, 123, 141, 191, 211]"
MDG-b_9_n500_m50,LogisticRegression,769797.80,572245.26,74.34,"[8, 11, 21, 27, 30, 34, 35, 37, 45, 55, 57, 64, 70, 74, 81, 89, 95, 103, 105, 108, 121, 129, 136, 137, 144, 150, 151, 162, 167, 175, 176, 180, 181, 182, 195, 199, 202, 206, 221, 245, 252, 299, 317, 322, 368, 398, 412, 415, 450, 494]"
MDG-b_9_n500_m50,KNN,769797.80,603747.42,78.43,"[0, 32, 33, 34, 35, 36, 37, 38, 39, 40, 41, 42, 43, 44, 45, 46, 47, 48, 49, 50, 51, 52, 53, 54, 55, 58, 59, 60, 61, 62, 63, 481, 482, 483, 484, 485, 486, 487, 488, 489, 490, 491, 492, 493, 494, 495, 496, 497, 498, 499]"
MDG-b_9_n500_m50,DecisionTree,769797.80,603747.42,78.43,"[0, 32, 33, 34, 35, 36, 37, 38, 39, 40, 41, 42, 43, 44, 45, 46, 47, 48, 49, 50, 51, 52, 53, 54, 55, 58, 59, 60, 61, 62, 63, 481, 482, 483, 484, 485, 486, 487, 488, 489, 490, 491, 492, 493, 494, 495, 496, 497, 498, 499]"
SOM-a_10_n25_m7,RandomForest,158.00,123.00,77.85,"[0, 5, 9, 11, 16, 18, 19]"
SOM-a_10_n25_m7,LogisticRegression,158.00,145.00,91.77,"[0, 4, 5, 9, 15, 18, 19]"
SOM-a_10_n25_m7,KNN,158.00,131.00,82.91,"[9, 18, 19, 20, 21, 22, 23]"
SOM-a_10_n25_m7,DecisionTree,158.00,109.00,68.99,"[5, 9, 18, 19, 20, 23, 24]"
SOM-a_11_n50_m5,RandomForest,84.00,51.00,60.71,"[14, 31, 32, 39, 43]"
SOM-a_11_n50_m5,LogisticRegression,84.00,58.00,69.05,"[6, 14, 30, 31, 32]"
SOM-a_11_n50_m5,KNN,84.00,51.00,60.71,"[45, 46, 47, 48, 49]"
SOM-a_11_n50_m5,DecisionTree,84.00,55.00,65.48,"[6, 14, 32, 47, 48]"
SOM-a_12_n50_m5,RandomForest,87.00,64.00,73.56,"[13, 15, 24, 39, 48]"
SOM-a_12_n50_m5,LogisticRegression,87.00,56.00,64.37,"[2, 6, 13, 15, 39]"
SOM-a_12_n50_m5,KNN,87.00,35.00,40.23,"[15, 45, 46, 47, 49]"
SOM-a_12_n50_m5,DecisionTree,87.00,35.00,40.23,"[15, 45, 46, 47, 49]"
SOM-a_13_n50_m5,RandomForest,84.00,62.00,73.81,"[14, 15, 18, 20, 38]"
SOM-a_13_n50_m5,LogisticRegression,84.00,59.00,70.24,"[6, 14, 15, 18, 20]"
SOM-a_13_n50_m5,KNN,84.00,45.00,53.57,"[45, 46, 47, 48, 49]"
SOM-a_13_n50_m5,DecisionTree,84.00,58.00,69.05,"[15, 18, 20, 45, 47]"
SOM-a_14_n50_m5,RandomForest,82.00,63.00,76.83,"[3, 21, 27, 35, 39]"
SOM-a_14_n50_m5,LogisticRegression,82.00,59.00,71.95,"[18, 21, 26, 31, 39]"
SOM-a_14_n50_m5,KNN,82.00,33.00,40.24,"[18, 45, 46, 47, 49]"
SOM-a_14_n50_m5,DecisionTree,82.00,57.00,69.51,"[18, 21, 27, 35, 39]"
SOM-a_15_n50_m5,RandomForest,84.00,50.00,59.52,"[16, 32, 33, 35, 41]"
SOM-a_15_n50_m5,LogisticRegression,84.00,50.00,59.52,"[16, 32, 33, 35, 41]"
SOM-a_15_n50_m5,KNN,84.00,30.00,35.71,"[33, 45, 47, 48, 49]"
SOM-a_15_n50_m5,DecisionTree,84.00,50.00,59.52,"[30, 32, 33, 35, 41]"
SOM-a_16_n50_m15,RandomForest,645.00,510.00,79.07,"[0, 5, 7, 9, 13, 22, 24, 25, 27, 30, 31, 32, 39, 47, 49]"
SOM-a_16_n50_m15,LogisticRegression,645.00,565.00,87.60,"[0, 4, 5, 12, 13, 18, 20, 23, 25, 30, 31, 33, 39, 47, 49]"
SOM-a_16_n50_m15,KNN,645.00,460.00,71.32,"[30, 35, 36, 37, 38, 39, 40, 41, 42, 43, 44, 45, 46, 47, 48]"
SOM-a_16_n50_m15,DecisionTree,645.00,488.00,75.66,"[25, 30, 35, 36, 37, 38, 39, 40, 42, 43, 45, 46, 47, 48, 49]"
SOM-a_17_n50_m15,RandomForest,662.00,610.00,92.15,"[7, 8, 13, 17, 21, 23, 25, 26, 27, 29, 33, 35, 36, 42, 44]"
SOM-a_17_n50_m15,LogisticRegression,662.00,595.00,89.88,"[8, 12, 13, 17, 21, 23, 25, 26, 27, 29, 30, 33, 35, 36, 44]"
SOM-a_17_n50_m15,KNN,662.00,457.00,69.03,"[23, 35, 36, 37, 38, 39, 40, 41, 42, 43, 44, 45, 46, 47, 49]"
SOM-a_17_n50_m15,DecisionTree,662.00,528.00,79.76,"[8, 13, 17, 21, 23, 25, 33, 35, 40, 41, 43, 46, 47, 48, 49]"
SOM-a_18_n50_m15,RandomForest,635.00,539.00,84.88,"[1, 3, 4, 8, 9, 11, 22, 24, 27, 31, 37, 42, 44, 45, 47]"
SOM-a_18_n50_m15,LogisticRegression,635.00,519.00,81.73,"[1, 8, 11, 19, 21, 22, 24, 27, 31, 37, 39, 42, 44, 45, 47]"
SOM-a_18_n50_m15,KNN,635.00,482.00,75.91,"[35, 36, 37, 38, 39, 40, 41, 42, 43, 44, 45, 46, 47, 48, 49]"
SOM-a_18_n50_m15,DecisionTree,635.00,482.00,75.91,"[35, 36, 37, 38, 39, 40, 41, 42, 43, 44, 45, 46, 47, 48, 49]"
SOM-a_19_n50_m15,RandomForest,639.00,569.00,89.05,"[4, 6, 10, 11, 18, 19, 20, 21, 27, 28, 30, 31, 42, 47, 48]"
SOM-a_19_n50_m15,LogisticRegression,639.00,555.00,86.85,"[2, 4, 6, 9, 11, 14, 19, 20, 21, 22, 23, 27, 31, 47, 48]"
SOM-a_19_n50_m15,KNN,639.00,445.00,69.64,"[19, 31, 35, 36, 37, 38, 39, 40, 41, 42, 43, 44, 45, 46, 47]"
SOM-a_19_n50_m15,DecisionTree,639.00,466.00,72.93,"[6, 19, 20, 21, 27, 37, 38, 39, 40, 41, 43, 44, 45, 46, 47]"
SOM-a_1_n25_m2,RandomForest,9.00,9.00,100.00,"[12, 13]"
SOM-a_1_n25_m2,LogisticRegression,9.00,3.00,33.33,"[7, 12]"
SOM-a_1_n25_m2,KNN,9.00,9.00,100.00,"[23, 24]"
SOM-a_1_n25_m2,DecisionTree,9.00,3.00,33.33,"[7, 12]"
SOM-a_20_n50_m15,RandomForest,668.00,546.00,81.74,"[1, 4, 9, 10, 14, 18, 20, 21, 30, 31, 36, 38, 39, 42, 47]"
SOM-a_20_n50_m15,LogisticRegression,668.00,557.00,83.38,"[1, 9, 10, 14, 16, 18, 21, 22, 26, 27, 30, 31, 35, 38, 47]"
SOM-a_20_n50_m15,KNN,668.00,489.00,73.20,"[10, 35, 36, 37, 38, 39, 40, 41, 42, 43, 44, 45, 46, 47, 49]"
SOM-a_20_n50_m15,DecisionTree,668.00,491.00,73.50,"[1, 10, 30, 31, 36, 37, 38, 39, 40, 43, 44, 45, 46, 47, 48]"
SOM-a_21_n100_m10,RandomForest,327.00,233.00,71.25,"[17, 20, 28, 39, 46, 63, 66, 68, 90, 93]"
SOM-a_21_n100_m10,LogisticRegression,327.00,237.00,72.48,"[1, 2, 17, 20, 28, 39, 46, 66, 90, 94]"
SOM-a_21_n100_m10,KNN,327.00,233.00,71.25,"[90, 91, 92, 93, 94, 95, 96, 97, 98, 99]"
SOM-a_21_n100_m10,DecisionTree,327.00,206.00,63.00,"[17, 20, 68, 77, 80, 90, 91, 93, 96, 97]"
SOM-a_22_n100_m10,RandomForest,332.00,242.00,72.89,"[35, 42, 52, 53, 56, 57, 60, 62, 79, 99]"
SOM-a_22_n100_m10,LogisticRegression,332.00,237.00,71.39,"[2, 3, 35, 42, 52, 53, 57, 60, 79, 94]"
SOM-a_22_n100_m10,KNN,332.00,229.00,68.98,"[57, 90, 91, 92, 93, 94, 95, 97, 98, 99]"
SOM-a_22_n100_m10,DecisionTree,332.00,209.00,62.95,"[90, 91, 92, 93, 94, 95, 96, 97, 98, 99]"
SOM-a_23_n100_m10,RandomForest,335.00,272.00,81.19,"[2, 18, 38, 40, 56, 58, 59, 62, 63, 71]"
SOM-a_23_n100_m10,LogisticRegression,335.00,282.00,84.18,"[2, 12, 18, 38, 40, 58, 59, 62, 63, 71]"
SOM-a_23_n100_m10,KNN,335.00,195.00,58.21,"[38, 78, 90, 91, 93, 94, 95, 96, 97, 99]"
SOM-a_23_n100_m10,DecisionTree,335.00,209.00,62.39,"[2, 38, 40, 90, 91, 92, 93, 94, 95, 99]"
SOM-a_24_n100_m10,RandomForest,335.00,234.00,69.85,"[3, 4, 13, 22, 41, 70, 76, 83, 91, 99]"
SOM-a_24_n100_m10,LogisticRegression,335.00,235.00,70.15,"[3, 4, 9, 13, 26, 41, 70, 76, 83, 91]"
SOM-a_24_n100_m10,KNN,335.00,208.00,62.09,"[90, 91, 92, 93, 94, 95, 96, 97, 98, 99]"
SOM-a_24_n100_m10,DecisionTree,335.00,217.00,64.78,"[4, 90, 91, 92, 93, 94, 95, 97, 98, 99]"
SOM-a_25_n100_m10,RandomForest,337.00,215.00,63.80,"[27, 31, 37, 45, 46, 63, 65, 71, 72, 73]"
SOM-a_25_n100_m10,LogisticRegression,337.00,234.00,69.44,"[1, 4, 17, 27, 37, 45, 46, 65, 72, 73]"
SOM-a_25_n100_m10,KNN,337.00,199.00,59.05,"[37, 90, 91, 92, 93, 94, 95, 97, 98, 99]"
SOM-a_25_n100_m10,DecisionTree,337.00,225.00,66.77,"[27, 37, 90, 91, 92, 93, 94, 95, 98, 99]"
SOM-a_26_n100_m30,RandomForest,2456.00,2072.00,84.36,"[1, 2, 7, 9, 13, 15, 16, 17, 19, 21, 22, 24, 25, 26, 33, 37, 39, 43, 45, 46, 48, 52, 61, 65, 68, 76, 77, 79, 83, 98]"
SOM-a_26_n100_m30,LogisticRegression,2456.00,2221.00,90.43,"[0, 10, 11, 14, 16, 19, 24, 25, 36, 37, 45, 46, 48, 50, 52, 55, 56, 58, 61, 65, 68, 69, 71, 75, 76, 77, 79, 83, 86, 98]"
SOM-a_26_n100_m30,KNN,2456.00,1915.00,77.97,"[70, 71, 72, 73, 74, 75, 76, 77, 78, 79, 80, 81, 82, 83, 84, 85, 86, 87, 88, 89, 90, 91, 92, 93, 94, 95, 96, 97, 98, 99]"
SOM-a_26_n100_m30,DecisionTree,2456.00,1902.00,77.44,"[16, 70, 71, 72, 73, 74, 75, 76, 77, 78, 79, 80, 81, 82, 83, 84, 85, 86, 87, 88, 89, 90, 91, 92, 93, 94, 95, 96, 97, 99]"
SOM-a_27_n100_m30,RandomForest,2477.00,2096.00,84.62,"[5, 8, 9, 11, 13, 17, 18, 22, 23, 25, 26, 31, 33, 35, 37, 40, 43, 48, 49, 56, 69, 73, 79, 82, 84, 89, 91, 95, 97, 99]"
SOM-a_27_n100_m30,LogisticRegression,2477.00,2282.00,92.13,"[5, 6, 9, 13, 15, 17, 22, 23, 29, 30, 31, 36, 40, 43, 44, 48, 49, 51, 54, 56, 69, 73, 79, 82, 84, 89, 91, 95, 97, 99]"
SOM-a_27_n100_m30,KNN,2477.00,2010.00,81.15,"[49, 70, 71, 72, 73, 74, 75, 76, 77, 78, 79, 80, 81, 82, 83, 84, 85, 86, 87, 88, 89, 90, 91, 92, 93, 94, 95, 97, 98, 99]"
SOM-a_27_n100_m30,DecisionTree,2477.00,2001.00,80.78,"[49, 70, 71, 72, 73, 74, 75, 76, 77, 78, 79, 80, 81, 82, 83, 84, 85, 86, 87, 88, 89, 90, 91, 92, 93, 94, 95, 96, 97, 99]"
SOM-a_28_n100_m30,RandomForest,2471.00,2121.00,85.84,"[0, 6, 13, 14, 15, 16, 17, 19, 20, 23, 26, 27, 29, 33, 34, 36, 37, 38, 40, 41, 44, 47, 65, 70, 76, 79, 82, 83, 86, 91]"
SOM-a_28_n100_m30,LogisticRegression,2471.00,2284.00,92.43,"[4, 6, 9, 11, 15, 16, 23, 27, 29, 33, 34, 36, 37, 41, 47, 56, 64, 65, 66, 70, 73, 75, 76, 82, 83, 86, 88, 91, 92, 95]"
SOM-a_28_n100_m30,KNN,2471.00,1930.00,78.11,"[70, 71, 72, 73, 74, 75, 76, 77, 78, 79, 80, 81, 82, 83, 84, 85, 86, 87, 88, 89, 90, 91, 92, 93, 94, 95, 96, 97, 98, 99]"
SOM-a_28_n100_m30,DecisionTree,2471.00,1963.00,79.44,"[27, 70, 71, 72, 73, 74, 75, 76, 77, 78, 79, 80, 81, 82, 83, 84, 85, 86, 87, 88, 89, 90, 91, 92, 93, 94, 95, 97, 98, 99]"
SOM-a_29_n100_m30,RandomForest,2486.00,2186.00,87.93,"[0, 4, 12, 17, 19, 21, 23, 26, 28, 29, 30, 33, 39, 43, 45, 49, 52, 53, 59, 67, 74, 80, 81, 82, 86, 87, 89, 91, 92, 99]"
SOM-a_29_n100_m30,LogisticRegression,2486.00,2288.00,92.04,"[0, 4, 8, 13, 15, 20, 26, 28, 34, 38, 39, 40, 45, 49, 52, 53, 59, 61, 65, 67, 74, 80, 81, 82, 86, 87, 89, 91, 92, 99]"
SOM-a_29_n100_m30,KNN,2486.00,2084.00,83.83,"[45, 70, 71, 72, 73, 74, 75, 76, 77, 78, 79, 80, 81, 82, 83, 84, 85, 86, 87, 88, 89, 90, 91, 92, 93, 94, 95, 97, 98, 99]"
SOM-a_29_n100_m30,DecisionTree,2486.00,2037.00,81.94,"[39, 45, 67, 71, 72, 73, 74, 75, 76, 77, 78, 79, 80, 81, 82, 83, 84, 85, 86, 87, 88, 89, 91, 92, 93, 94, 95, 96, 97, 98]"
SOM-a_2_n25_m2,RandomForest,9.00,7.00,77.78,"[17, 19]"
SOM-a_2_n25_m2,LogisticRegression,9.00,2.00,22.22,"[15, 17]"
SOM-a_2_n25_m2,KNN,9.00,3.00,33.33,"[23, 24]"
SOM-a_2_n25_m2,DecisionTree,9.00,2.00,22.22,"[3, 17]"
SOM-a_30_n100_m30,RandomForest,2434.00,2184.00,89.73,"[6, 7, 14, 15, 19, 20, 21, 22, 23, 24, 25, 27, 28, 29, 30, 31, 34, 35, 36, 39, 43, 45, 50, 51, 55, 59, 65, 74, 80, 97]"
SOM-a_30_n100_m30,LogisticRegression,2434.00,2244.00,92.19,"[5, 6, 14, 15, 19, 24, 25, 27, 28, 30, 31, 32, 34, 35, 36, 39, 41, 43, 45, 50, 51, 55, 59, 62, 65, 68, 74, 80, 89, 97]"
SOM-a_30_n100_m30,KNN,2434.00,1891.00,77.69,"[70, 71, 72, 73, 74, 75, 76, 77, 78, 79, 80, 81, 82, 83, 84, 85, 86, 87, 88, 89, 90, 91, 92, 93, 94, 95, 96, 97, 98, 99]"
SOM-a_30_n100_m30,DecisionTree,2434.00,1887.00,77.53,"[19, 70, 71, 72, 73, 74, 75, 76, 77, 78, 79, 80, 81, 82, 83, 84, 85, 86, 87, 88, 89, 90, 91, 92, 93, 94, 95, 97, 98, 99]"
SOM-a_31_n125_m12,RandomForest,472.00,376.00,79.66,"[24, 50, 52, 68, 78, 81, 84, 109, 115, 116, 123, 124]"
SOM-a_31_n125_m12,LogisticRegression,472.00,399.00,84.53,"[4, 19, 24, 29, 33, 50, 52, 78, 84, 109, 115, 116]"
SOM-a_31_n125_m12,KNN,472.00,281.00,59.53,"[113, 114, 115, 116, 117, 118, 119, 120, 121, 122, 123, 124]"
SOM-a_31_n125_m12,DecisionTree,472.00,292.00,61.86,"[78, 113, 114, 115, 116, 117, 118, 119, 121, 122, 123, 124]"
SOM-a_32_n125_m12,RandomForest,472.00,326.00,69.07,"[16, 17, 31, 39, 65, 83, 92, 94, 101, 106, 111, 112]"
SOM-a_32_n125_m12,LogisticRegression,472.00,347.00,73.52,"[3, 11, 16, 17, 21, 31, 38, 39, 42, 65, 83, 106]"
SOM-a_32_n125_m12,KNN,472.00,320.00,67.80,"[17, 83, 113, 114, 115, 116, 117, 118, 119, 121, 122, 123]"
SOM-a_32_n125_m12,DecisionTree,472.00,315.00,66.74,"[17, 31, 106, 114, 115, 116, 117, 118, 119, 121, 122, 123]"
SOM-a_33_n125_m12,RandomForest,462.00,331.00,71.65,"[3, 19, 20, 29, 59, 66, 95, 103, 107, 112, 114, 116]"
SOM-a_33_n125_m12,LogisticRegression,462.00,341.00,73.81,"[3, 20, 23, 24, 32, 43, 48, 54, 59, 66, 73, 103]"
SOM-a_33_n125_m12,KNN,462.00,305.00,66.02,"[113, 114, 115, 116, 117, 118, 119, 120, 121, 122, 123, 124]"
SOM-a_33_n125_m12,DecisionTree,462.00,305.00,66.02,"[113, 114, 115, 116, 117, 118, 119, 120, 121, 122, 123, 124]"
SOM-a_34_n125_m12,RandomForest,470.00,363.00,77.23,"[8, 16, 33, 67, 74, 82, 91, 102, 103, 112, 113, 124]"
SOM-a_34_n125_m12,LogisticRegression,470.00,333.00,70.85,"[8, 14, 15, 16, 24, 26, 33, 48, 67, 74, 82, 113]"
SOM-a_34_n125_m12,KNN,470.00,313.00,66.60,"[113, 114, 115, 116, 117, 118, 119, 120, 121, 122, 123, 124]"
SOM-a_34_n125_m12,DecisionTree,470.00,313.00,66.60,"[113, 114, 115, 116, 117, 118, 119, 120, 121, 122, 123, 124]"
SOM-a_35_n125_m12,RandomForest,474.00,361.00,76.16,"[24, 51, 59, 64, 72, 76, 79, 83, 89, 101, 107, 122]"
SOM-a_35_n125_m12,LogisticRegression,474.00,333.00,70.25,"[24, 47, 49, 59, 64, 72, 76, 79, 83, 95, 101, 107]"
SOM-a_35_n125_m12,KNN,474.00,263.00,55.49,"[113, 114, 115, 116, 117, 118, 119, 120, 121, 122, 123, 124]"
SOM-a_35_n125_m12,DecisionTree,474.00,281.00,59.28,"[79, 113, 114, 115, 116, 117, 118, 119, 121, 122, 123, 124]"
SOM-a_36_n125_m37,RandomForest,3696.00,3275.00,88.61,"[1, 2, 4, 6, 7, 8, 11, 12, 14, 16, 17, 18, 19, 20, 21, 22, 25, 26, 27, 28, 29, 30, 39, 43, 44, 45, 46, 47, 83, 97, 100, 103, 112, 115, 118, 121, 123]"
SOM-a_36_n125_m37,LogisticRegression,3696.00,3287.00,88.93,"[0, 1, 6, 7, 8, 16, 17, 19, 20, 21, 26, 27, 28, 29, 30, 35, 38, 39, 44, 45, 46, 48, 58, 76, 82, 83, 92, 97, 100, 103, 104, 107, 112, 115, 118, 121, 123]"
SOM-a_36_n125_m37,KNN,3696.00,3007.00,81.36,"[88, 89, 90, 91, 92, 93, 94, 95, 96, 97, 98, 99, 100, 101, 102, 103, 104, 105, 106, 107, 108, 109, 110, 111, 112, 113, 114, 115, 116, 117, 118, 119, 120, 121, 122, 123, 124]"
SOM-a_36_n125_m37,DecisionTree,3696.00,2996.00,81.06,"[21, 29, 88, 89, 90, 91, 92, 93, 94, 95, 98, 99, 100, 101, 102, 103, 104, 105, 106, 107, 108, 109, 110, 111, 112, 113, 114, 115, 116, 117, 118, 119, 120, 121, 122, 123, 124]"
SOM-a_37_n125_m37,RandomForest,3648.00,3216.00,88.16,"[4, 5, 7, 9, 10, 11, 12, 13, 14, 15, 16, 17, 18, 19, 20, 21, 22, 23, 27, 28, 31, 35, 36, 37, 39, 42, 71, 74, 107, 112, 113, 115, 119, 121, 122, 123, 124]"
SOM-a_37_n125_m37,LogisticRegression,3648.00,3353.00,91.91,"[3, 4, 5, 7, 15, 17, 21, 22, 23, 27, 28, 31, 36, 37, 39, 44, 54, 62, 64, 66, 68, 69, 71, 74, 78, 85, 99, 105, 107, 112, 113, 115, 119, 121, 122, 123, 124]"
SOM-a_37_n125_m37,KNN,3648.00,3027.00,82.98,"[74, 89, 90, 91, 92, 93, 94, 95, 96, 97, 98, 99, 100, 101, 102, 103, 104, 105, 106, 107, 108, 109, 110, 111, 112, 113, 114, 115, 116, 117, 118, 119, 120, 121, 122, 123, 124]"
SOM-a_37_n125_m37,DecisionTree,3648.00,3034.00,83.17,"[5, 88, 89, 90, 91, 92, 93, 94, 95, 97, 98, 99, 100, 101, 102, 103, 104, 105, 106, 107, 108, 109, 110, 111, 112, 113, 114, 115, 116, 117, 118, 119, 120, 121, 122, 123, 124]"
SOM-a_38_n125_m37,RandomForest,3678.00,3252.00,88.42,"[1, 2, 3, 4, 7, 8, 9, 11, 12, 13, 14, 15, 16, 17, 19, 20, 21, 22, 23, 25, 26, 32, 34, 36, 37, 40, 41, 46, 51, 54, 56, 64, 78, 96, 110, 117, 123]"
SOM-a_38_n125_m37,LogisticRegression,3678.00,3351.00,91.11,"[3, 5, 6, 9, 16, 19, 20, 21, 22, 25, 26, 32, 36, 37, 40, 41, 46, 51, 54, 56, 57, 58, 62, 64, 71, 72, 73, 75, 77, 78, 81, 96, 97, 110, 117, 119, 123]"
SOM-a_38_n125_m37,KNN,3678.00,3008.00,81.78,"[26, 78, 89, 90, 91, 92, 93, 94, 95, 96, 97, 98, 99, 100, 101, 102, 103, 104, 105, 106, 107, 108, 109, 110, 111, 113, 114, 115, 116, 117, 118, 119, 120, 121, 122, 123, 124]"
SOM-a_38_n125_m37,DecisionTree,3678.00,2976.00,80.91,"[25, 26, 88, 89, 90, 91, 92, 93, 94, 95, 98, 99, 100, 101, 102, 103, 104, 105, 106, 107, 108, 109, 110, 111, 112, 113, 114, 115, 116, 117, 118, 119, 120, 121, 122, 123, 124]"
SOM-a_39_n125_m37,RandomForest,3696.00,3244.00,87.77,"[0, 3, 4, 6, 7, 8, 9, 10, 11, 12, 14, 15, 16, 17, 18, 20, 21, 22, 23, 24, 25, 28, 29, 30, 32, 36, 38, 42, 44, 50, 58, 66, 83, 99, 102, 117, 123]"
SOM-a_39_n125_m37,LogisticRegression,3696.00,3335.00,90.23,"[0, 3, 8, 9, 12, 16, 17, 18, 20, 21, 23, 28, 29, 32, 38, 42, 44, 50, 52, 58, 60, 64, 66, 69, 75, 79, 83, 87, 98, 99, 102, 108, 110, 116, 117, 121, 123]"
SOM-a_39_n125_m37,KNN,3696.00,2946.00,79.71,"[88, 89, 90, 91, 92, 93, 94, 95, 96, 97, 98, 99, 100, 101, 102, 103, 104, 105, 106, 107, 108, 109, 110, 111, 112, 113, 114, 115, 116, 117, 118, 119, 120, 121, 122, 123, 124]"
SOM-a_39_n125_m37,DecisionTree,3696.00,3024.00,81.82,"[12, 88, 89, 90, 91, 92, 93, 94, 95, 97, 98, 99, 100, 101, 102, 103, 104, 105, 106, 107, 108, 109, 110, 111, 112, 113, 114, 115, 116, 117, 118, 119, 120, 121, 122, 123, 124]"
SOM-a_3_n25_m2,RandomForest,9.00,2.00,22.22,"[20, 22]"
SOM-a_3_n25_m2,LogisticRegression,9.00,5.00,55.56,"[7, 15]"
SOM-a_3_n25_m2,KNN,9.00,3.00,33.33,"[20, 24]"
SOM-a_3_n25_m2,DecisionTree,9.00,5.00,55.56,"[23, 24]"
SOM-a_40_n125_m37,RandomForest,3667.00,3240.00,88.36,"[5, 8, 9, 10, 11, 16, 17, 18, 19, 20, 21, 22, 23, 24, 26, 27, 28, 29, 30, 31, 32, 34, 35, 36, 38, 48, 50, 55, 57, 65, 76, 88, 89, 94, 99, 102, 114]"
SOM-a_40_n125_m37,LogisticRegression,3667.00,3294.00,89.83,"[1, 5, 9, 17, 22, 24, 27, 29, 30, 31, 34, 35, 38, 41, 42, 46, 48, 50, 53, 55, 56, 57, 60, 62, 65, 71, 76, 78, 79, 88, 89, 91, 92, 94, 99, 102, 114]"
SOM-a_40_n125_m37,KNN,3667.00,2933.00,79.98,"[30, 65, 89, 90, 91, 92, 93, 94, 95, 96, 97, 98, 99, 100, 101, 102, 103, 104, 105, 106, 107, 108, 109, 110, 111, 113, 114, 115, 116, 117, 118, 119, 120, 121, 122, 123, 124]"
SOM-a_40_n125_m37,DecisionTree,3667.00,2924.00,79.74,"[88, 89, 90, 91, 92, 93, 94, 95, 96, 97, 98, 99, 100, 101, 102, 103, 104, 105, 106, 107, 108, 109, 110, 111, 112, 113, 114, 115, 116, 117, 118, 119, 120, 121, 122, 123, 124]"
SOM-a_41_n150_m15,RandomForest,719.00,596.00,82.89,"[14, 45, 48, 70, 74, 85, 87, 88, 90, 104, 112, 118, 119, 122, 149]"
SOM-a_41_n150_m15,LogisticRegression,719.00,595.00,82.75,"[3, 9, 45, 48, 49, 70, 74, 85, 88, 104, 112, 118, 122, 142, 149]"
SOM-a_41_n150_m15,KNN,719.00,433.00,60.22,"[135, 136, 137, 138, 139, 140, 141, 142, 143, 144, 145, 146, 147, 148, 149]"
SOM-a_41_n150_m15,DecisionTree,719.00,458.00,63.70,"[48, 118, 135, 136, 137, 138, 139, 140, 141, 142, 143, 146, 147, 148, 149]"
SOM-a_42_n150_m15,RandomForest,719.00,557.00,77.47,"[11, 20, 53, 58, 70, 74, 77, 80, 98, 101, 114, 127, 137, 139, 143]"
SOM-a_42_n150_m15,LogisticRegression,719.00,542.00,75.38,"[9, 11, 15, 20, 37, 40, 53, 58, 70, 74, 77, 81, 127, 137, 139]"
SOM-a_42_n150_m15,KNN,719.00,451.00,62.73,"[135, 136, 137, 138, 139, 140, 141, 142, 143, 144, 145, 146, 147, 148, 149]"
SOM-a_42_n150_m15,DecisionTree,719.00,471.00,65.51,"[20, 101, 135, 136, 137, 138, 139, 140, 141, 142, 143, 146, 147, 148, 149]"
SOM-a_43_n150_m15,RandomForest,728.00,525.00,72.12,"[39, 43, 53, 74, 76, 98, 100, 107, 115, 117, 118, 125, 128, 129, 140]"
SOM-a_43_n150_m15,LogisticRegression,728.00,546.00,75.00,"[4, 32, 35, 39, 43, 53, 55, 74, 76, 98, 100, 107, 117, 118, 140]"
SOM-a_43_n150_m15,KNN,728.00,447.00,61.40,"[135, 136, 137, 138, 139, 140, 141, 142, 143, 144, 145, 146, 147, 148, 149]"
SOM-a_43_n150_m15,DecisionTree,728.00,457.00,62.77,"[53, 107, 135, 136, 137, 138, 139, 140, 141, 142, 143, 146, 147, 148, 149]"
SOM-a_44_n150_m15,RandomForest,716.00,494.00,68.99,"[31, 45, 47, 52, 56, 64, 80, 91, 92, 117, 121, 126, 127, 132, 139]"
SOM-a_44_n150_m15,LogisticRegression,716.00,549.00,76.68,"[0, 10, 19, 31, 37, 45, 47, 52, 56, 64, 78, 80, 92, 132, 139]"
SOM-a_44_n150_m15,KNN,716.00,436.00,60.89,"[78, 135, 136, 137, 138, 139, 140, 141, 142, 143, 145, 146, 147, 148, 149]"
SOM-a_44_n150_m15,DecisionTree,716.00,463.00,64.66,"[31, 127, 135, 136, 137, 138, 139, 140, 141, 142, 143, 146, 147, 148, 149]"
SOM-a_45_n150_m15,RandomForest,721.00,528.00,73.23,"[18, 20, 34, 35, 47, 73, 100, 101, 103, 110, 113, 121, 130, 139, 140]"
SOM-a_45_n150_m15,LogisticRegression,721.00,566.00,78.50,"[20, 24, 26, 33, 34, 39, 43, 73, 76, 100, 101, 102, 103, 113, 130]"
SOM-a_45_n150_m15,KNN,721.00,462.00,64.08,"[135, 136, 137, 138, 139, 140, 141, 142, 143, 144, 145, 146, 147, 148, 149]"
SOM-a_45_n150_m15,DecisionTree,721.00,462.00,64.08,"[135, 136, 137, 138, 139, 140, 141, 142, 143, 144, 145, 146, 147, 148, 149]"
SOM-a_46_n150_m45,RandomForest,5379.00,4667.00,86.76,"[0, 2, 3, 4, 5, 6, 7, 8, 9, 10, 11, 13, 14, 15, 16, 17, 21, 22, 23, 25, 28, 29, 30, 31, 32, 33, 36, 37, 41, 42, 43, 46, 48, 49, 52, 54, 63, 69, 75, 77, 100, 105, 118, 121, 129]"
SOM-a_46_n150_m45,LogisticRegression,5379.00,5020.00,93.33,"[0, 2, 5, 9, 15, 17, 21, 23, 25, 31, 32, 33, 37, 41, 42, 43, 46, 48, 49, 50, 52, 54, 61, 64, 65, 71, 75, 76, 80, 84, 85, 90, 95, 97, 100, 102, 105, 106, 108, 109, 118, 120, 121, 129, 139]"
SOM-a_46_n150_m45,KNN,5379.00,4349.00,80.85,"[105, 106, 107, 108, 109, 110, 111, 112, 113, 114, 115, 116, 117, 118, 119, 120, 121, 122, 123, 124, 125, 126, 127, 128, 129, 130, 131, 132, 133, 134, 135, 136, 137, 138, 139, 140, 141, 142, 143, 144, 145, 146, 147, 148, 149]"
SOM-a_46_n150_m45,DecisionTree,5379.00,4349.00,80.85,"[105, 106, 107, 108, 109, 110, 111, 112, 113, 114, 115, 116, 117, 118, 119, 120, 121, 122, 123, 124, 125, 126, 127, 128, 129, 130, 131, 132, 133, 134, 135, 136, 137, 138, 139, 140, 141, 142, 143, 144, 145, 146, 147, 148, 149]"
SOM-a_47_n150_m45,RandomForest,5343.00,4674.00,87.48,"[0, 1, 3, 4, 5, 6, 7, 9, 10, 11, 12, 13, 15, 16, 17, 18, 19, 20, 21, 22, 23, 24, 26, 27, 28, 30, 31, 33, 34, 40, 42, 51, 61, 62, 67, 78, 98, 105, 106, 117, 126, 127, 134, 142, 144]"
SOM-a_47_n150_m45,LogisticRegression,5343.00,4952.00,92.68,"[0, 6, 7, 10, 12, 13, 15, 17, 18, 23, 24, 28, 29, 30, 31, 37, 42, 51, 60, 62, 66, 68, 71, 75, 78, 79, 83, 88, 89, 90, 92, 96, 97, 98, 105, 106, 114, 117, 126, 127, 134, 138, 139, 142, 144]"
SOM-a_47_n150_m45,KNN,5343.00,4336.00,81.15,"[105, 106, 107, 108, 109, 110, 111, 112, 113, 114, 115, 116, 117, 118, 119, 120, 121, 122, 123, 124, 125, 126, 127, 128, 129, 130, 131, 132, 133, 134, 135, 136, 137, 138, 139, 140, 141, 142, 143, 144, 145, 146, 147, 148, 149]"
SOM-a_47_n150_m45,DecisionTree,5343.00,4391.00,82.18,"[18, 105, 106, 107, 108, 109, 110, 111, 113, 114, 115, 116, 117, 118, 119, 120, 121, 122, 123, 124, 125, 126, 127, 128, 129, 130, 131, 132, 133, 134, 135, 136, 137, 138, 139, 140, 141, 142, 143, 144, 145, 146, 147, 148, 149]"
SOM-a_48_n150_m45,RandomForest,5363.00,4739.00,88.36,"[4, 5, 7, 8, 9, 10, 11, 12, 14, 15, 16, 17, 18, 19, 21, 22, 23, 24, 26, 29, 30, 31, 32, 33, 34, 38, 39, 40, 42, 46, 50, 63, 69, 70, 74, 106, 110, 125, 126, 130, 131, 136, 140, 141, 149]"
SOM-a_48_n150_m45,LogisticRegression,5363.00,4925.00,91.83,"[4, 7, 11, 13, 14, 16, 17, 19, 20, 24, 27, 31, 32, 33, 34, 38, 39, 40, 42, 45, 46, 48, 50, 53, 63, 64, 66, 69, 85, 87, 99, 106, 108, 110, 117, 125, 126, 130, 131, 136, 138, 140, 141, 147, 149]"
SOM-a_48_n150_m45,KNN,5363.00,4517.00,84.23,"[105, 106, 107, 108, 109, 110, 111, 112, 113, 114, 115, 116, 117, 118, 119, 120, 121, 122, 123, 124, 125, 126, 127, 128, 129, 130, 131, 132, 133, 134, 135, 136, 137, 138, 139, 140, 141, 142, 143, 144, 145, 146, 147, 148, 149]"
SOM-a_48_n150_m45,DecisionTree,5363.00,4517.00,84.23,"[105, 106, 107, 108, 109, 110, 111, 112, 113, 114, 115, 116, 117, 118, 119, 120, 121, 122, 123, 124, 125, 126, 127, 128, 129, 130, 131, 132, 133, 134, 135, 136, 137, 138, 139, 140, 141, 142, 143, 144, 145, 146, 147, 148, 149]"
SOM-a_49_n150_m45,RandomForest,5303.00,4652.00,87.72,"[3, 5, 6, 7, 8, 9, 10, 11, 12, 13, 14, 15, 16, 17, 18, 19, 20, 22, 23, 26, 27, 30, 32, 34, 40, 41, 48, 52, 59, 60, 61, 62, 71, 72, 74, 92, 99, 107, 114, 116, 124, 135, 141, 145, 147]"
SOM-a_49_n150_m45,LogisticRegression,5303.00,4920.00,92.78,"[3, 9, 14, 17, 19, 23, 27, 29, 30, 31, 34, 40, 48, 52, 54, 56, 61, 62, 63, 70, 71, 72, 74, 75, 78, 86, 87, 91, 92, 93, 99, 105, 107, 114, 115, 116, 122, 123, 124, 131, 135, 141, 145, 146, 147]"
SOM-a_49_n150_m45,KNN,5303.00,4434.00,83.61,"[74, 105, 106, 107, 108, 109, 110, 111, 113, 114, 115, 116, 117, 118, 119, 120, 121, 122, 123, 124, 125, 126, 127, 128, 129, 130, 131, 132, 133, 134, 135, 136, 137, 138, 139, 140, 141, 142, 143, 144, 145, 146, 147, 148, 149]"
SOM-a_49_n150_m45,DecisionTree,5303.00,4431.00,83.56,"[105, 106, 107, 108, 109, 110, 111, 112, 113, 114, 115, 116, 117, 118, 119, 120, 121, 122, 123, 124, 125, 126, 127, 128, 129, 130, 131, 132, 133, 134, 135, 136, 137, 138, 139, 140, 141, 142, 143, 144, 145, 146, 147, 148, 149]"
SOM-a_4_n25_m2,RandomForest,9.00,5.00,55.56,"[5, 14]"
SOM-a_4_n25_m2,LogisticRegression,9.00,5.00,55.56,"[13, 14]"
SOM-a_4_n25_m2,KNN,9.00,6.00,66.67,"[13, 23]"
SOM-a_4_n25_m2,DecisionTree,9.00,5.00,55.56,"[13, 14]"
SOM-a_50_n150_m45,RandomForest,5406.00,4678.00,86.53,"[0, 3, 4, 5, 6, 7, 8, 9, 10, 11, 12, 13, 14, 15, 17, 18, 19, 20, 27, 32, 35, 40, 44, 47, 48, 49, 52, 66, 77, 78, 79, 94, 98, 105, 107, 110, 117, 121, 129, 130, 131, 137, 144, 146, 147]"
SOM-a_50_n150_m45,LogisticRegression,5406.00,4915.00,90.92,"[0, 4, 5, 8, 10, 11, 12, 13, 14, 21, 23, 25, 29, 32, 44, 47, 49, 52, 55, 60, 65, 66, 67, 68, 72, 74, 77, 78, 79, 83, 94, 97, 98, 101, 105, 107, 110, 117, 121, 129, 130, 131, 137, 144, 146]"
SOM-a_50_n150_m45,KNN,5406.00,4497.00,83.19,"[44, 105, 106, 107, 108, 109, 110, 111, 113, 114, 115, 116, 117, 118, 119, 120, 121, 122, 123, 124, 125, 126, 127, 128, 129, 130, 131, 132, 133, 134, 135, 136, 137, 138, 139, 140, 141, 142, 143, 144, 145, 146, 147, 148, 149]"
SOM-a_50_n150_m45,DecisionTree,5406.00,4534.00,83.87,"[44, 66, 105, 106, 107, 108, 109, 110, 111, 113, 114, 115, 116, 117, 118, 119, 121, 122, 123, 124, 125, 126, 127, 128, 129, 130, 131, 132, 133, 134, 135, 136, 137, 138, 139, 140, 141, 142, 143, 144, 145, 146, 147, 148, 149]"
SOM-a_5_n25_m2,RandomForest,9.00,0.00,0.00,"[14, 20]"
SOM-a_5_n25_m2,LogisticRegression,9.00,7.00,77.78,"[17, 23]"
SOM-a_5_n25_m2,KNN,9.00,4.00,44.44,"[23, 24]"
SOM-a_5_n25_m2,DecisionTree,9.00,5.00,55.56,"[20, 24]"
SOM-a_6_n25_m7,RandomForest,153.00,114.00,74.51,"[0, 1, 2, 4, 16, 19, 20]"
SOM-a_6_n25_m7,LogisticRegression,153.00,144.00,94.12,"[1, 2, 4, 6, 15, 18, 20]"
SOM-a_6_n25_m7,KNN,153.00,110.00,71.90,"[18, 19, 20, 21, 22, 23, 24]"
SOM-a_6_n25_m7,DecisionTree,153.00,113.00,73.86,"[2, 4, 18, 19, 20, 23, 24]"
SOM-a_7_n25_m7,RandomForest,150.00,119.00,79.33,"[7, 9, 10, 11, 19, 21, 23]"
SOM-a_7_n25_m7,LogisticRegression,150.00,125.00,83.33,"[0, 6, 7, 10, 11, 19, 23]"
SOM-a_7_n25_m7,KNN,150.00,91.00,60.67,"[18, 19, 20, 21, 22, 23, 24]"
SOM-a_7_n25_m7,DecisionTree,150.00,122.00,81.33,"[10, 11, 18, 19, 20, 23, 24]"
SOM-a_8_n25_m7,RandomForest,144.00,112.00,77.78,"[9, 10, 15, 18, 20, 21, 22]"
SOM-a_8_n25_m7,LogisticRegression,144.00,120.00,83.33,"[5, 7, 9, 15, 18, 20, 22]"
SOM-a_8_n25_m7,KNN,144.00,107.00,74.31,"[18, 19, 20, 21, 22, 23, 24]"
SOM-a_8_n25_m7,DecisionTree,144.00,116.00,80.56,"[7, 9, 10, 15, 18, 20, 22]"
SOM-a_9_n25_m7,RandomForest,147.00,101.00,68.71,"[2, 4, 7, 8, 10, 11, 14]"
SOM-a_9_n25_m7,LogisticRegression,147.00,120.00,81.63,"[2, 7, 8, 9, 10, 13, 14]"
SOM-a_9_n25_m7,KNN,147.00,86.00,58.50,"[18, 19, 20, 21, 22, 23, 24]"
SOM-a_9_n25_m7,DecisionTree,147.00,112.00,76.19,"[2, 7, 8, 10, 14, 22, 23]"
SOM-b_10_n300_m60,RandomForest,9591.00,7884.00,82.20,"[1, 3, 26, 34, 35, 38, 40, 42, 43, 45, 46, 49, 51, 55, 119, 138, 140, 141, 142, 143, 144, 146, 147, 152, 153, 155, 159, 160, 164, 177, 178, 181, 188, 189, 190, 191, 202, 211, 216, 218, 221, 223, 225, 226, 227, 234, 235, 237, 239, 241, 245, 247, 251, 252, 254, 261, 270, 281, 289, 296]"
SOM-b_10_n300_m60,LogisticRegression,9591.00,8584.00,89.50,"[2, 4, 13, 15, 18, 23, 30, 31, 40, 43, 46, 47, 49, 51, 55, 73, 74, 76, 77, 80, 81, 82, 86, 88, 89, 94, 95, 97, 103, 116, 118, 119, 120, 122, 125, 133, 143, 144, 148, 150, 165, 169, 171, 184, 196, 197, 208, 210, 217, 224, 240, 247, 251, 277, 279, 283, 285, 289, 290, 296]"
SOM-b_10_n300_m60,KNN,9591.00,7844.00,81.79,"[0, 32, 33, 34, 35, 36, 37, 38, 39, 40, 41, 42, 43, 44, 45, 46, 47, 48, 49, 50, 51, 52, 53, 54, 55, 56, 57, 58, 59, 60, 61, 62, 63, 224, 225, 226, 227, 228, 229, 230, 231, 232, 233, 234, 235, 236, 237, 238, 239, 289, 290, 291, 292, 293, 294, 295, 296, 297, 298, 299]"
SOM-b_10_n300_m60,DecisionTree,9591.00,7919.00,82.57,"[32, 33, 34, 35, 36, 37, 38, 39, 40, 41, 42, 43, 44, 45, 46, 47, 48, 49, 50, 51, 52, 53, 54, 55, 56, 57, 58, 59, 60, 61, 62, 63, 119, 148, 240, 241, 242, 243, 244, 245, 246, 247, 248, 249, 250, 251, 252, 253, 254, 255, 256, 288, 289, 290, 291, 292, 293, 294, 295, 299]"
SOM-b_11_n300_m90,RandomForest,20633.00,17929.00,86.89,"[2, 3, 7, 11, 16, 20, 25, 33, 35, 38, 39, 48, 52, 65, 94, 102, 108, 133, 134, 135, 136, 138, 139, 140, 141, 142, 143, 144, 145, 147, 148, 149, 150, 151, 152, 153, 154, 155, 156, 157, 159, 160, 161, 163, 164, 168, 170, 171, 172, 175, 176, 179, 182, 183, 186, 187, 191, 192, 193, 197, 199, 200, 206, 208, 210, 212, 214, 215, 216, 219, 222, 224, 227, 233, 234, 235, 236, 246, 249, 254, 256, 259, 263, 265, 271, 274, 276, 280, 281, 283]"
SOM-b_11_n300_m90,LogisticRegression,20633.00,19312.00,93.60,"[2, 3, 7, 9, 11, 13, 15, 18, 20, 21, 27, 28, 29, 30, 32, 33, 34, 38, 42, 48, 49, 52, 53, 59, 62, 65, 66, 71, 75, 82, 85, 86, 94, 101, 102, 108, 112, 115, 117, 120, 123, 125, 130, 132, 133, 135, 136, 140, 141, 142, 144, 146, 152, 154, 155, 156, 158, 159, 169, 173, 178, 180, 181, 184, 185, 189, 190, 194, 196, 198, 201, 207, 209, 218, 223, 230, 235, 238, 243, 246, 247, 257, 259, 266, 268, 283, 289, 292, 293, 295]"
SOM-b_11_n300_m90,KNN,20633.00,18158.00,88.00,"[0, 32, 33, 34, 35, 36, 37, 38, 39, 40, 41, 42, 43, 44, 45, 46, 47, 48, 49, 50, 51, 52, 53, 54, 55, 56, 57, 58, 59, 60, 61, 62, 63, 192, 193, 194, 195, 196, 197, 198, 199, 202, 203, 204, 205, 206, 207, 224, 225, 226, 227, 228, 229, 230, 231, 232, 233, 234, 235, 236, 237, 238, 239, 240, 241, 242, 243, 244, 245, 246, 247, 248, 249, 250, 251, 252, 253, 254, 255, 289, 290, 291, 292, 293, 294, 295, 296, 297, 298, 299]"
SOM-b_11_n300_m90,DecisionTree,20633.00,18141.00,87.92,"[32, 33, 34, 35, 36, 37, 38, 39, 40, 41, 42, 43, 44, 45, 46, 47, 48, 49, 50, 51, 52, 53, 54, 55, 56, 57, 58, 59, 60, 61, 62, 63, 133, 173, 211, 212, 213, 214, 215, 216, 217, 218, 219, 220, 221, 222, 223, 224, 225, 226, 227, 228, 229, 230, 231, 232, 233, 234, 235, 236, 237, 238, 239, 240, 241, 242, 243, 244, 245, 246, 247, 248, 249, 250, 251, 252, 253, 254, 255, 256, 273, 278, 288, 289, 290, 291, 292, 293, 294, 299]"
SOM-b_12_n300_m120,RandomForest,35745.00,32102.00,89.81,"[0, 3, 4, 9, 10, 17, 18, 20, 22, 24, 25, 33, 35, 36, 38, 39, 41, 45, 48, 49, 51, 74, 85, 126, 134, 137, 138, 139, 140, 142, 143, 144, 145, 146, 148, 149, 150, 151, 152, 153, 154, 155, 156, 157, 158, 160, 161, 162, 163, 164, 165, 166, 167, 168, 169, 170, 172, 174, 175, 176, 177, 179, 180, 182, 183, 188, 189, 190, 191, 192, 193, 194, 196, 197, 198, 199, 200, 201, 205, 209, 210, 211, 213, 215, 217, 218, 219, 220, 221, 223, 224, 225, 229, 230, 232, 235, 237, 239, 241, 243, 244, 245, 246, 247, 248, 251, 253, 254, 255, 256, 258, 264, 270, 271, 273, 276, 277, 285, 286, 287]"
SOM-b_12_n300_m120,LogisticRegression,35745.00,34204.00,95.69,"[0, 3, 4, 5, 9, 10, 12, 14, 15, 18, 19, 20, 21, 26, 27, 28, 29, 30, 31, 32, 33, 34, 35, 36, 39, 41, 45, 48, 49, 51, 52, 58, 59, 61, 63, 70, 71, 72, 73, 74, 78, 79, 81, 83, 85, 88, 90, 93, 96, 97, 99, 100, 102, 103, 106, 108, 112, 115, 121, 122, 124, 125, 126, 128, 129, 134, 138, 139, 141, 142, 143, 144, 147, 153, 155, 156, 159, 160, 162, 168, 171, 173, 178, 179, 181, 182, 184, 185, 186, 187, 195, 202, 203, 204, 206, 208, 214, 216, 226, 227, 234, 235, 238, 240, 248, 249, 250, 253, 254, 256, 257, 258, 259, 264, 267, 277, 278, 286, 288, 293]"
SOM-b_12_n300_m120,KNN,35745.00,32292.00,90.34,"[32, 33, 34, 35, 36, 37, 38, 39, 40, 41, 42, 43, 44, 45, 46, 47, 48, 49, 50, 51, 52, 53, 54, 55, 56, 57, 58, 59, 60, 61, 62, 63, 74, 180, 181, 182, 183, 184, 185, 186, 187, 188, 189, 190, 191, 192, 193, 194, 195, 196, 197, 198, 199, 200, 201, 202, 203, 204, 205, 206, 207, 208, 209, 210, 211, 212, 213, 214, 215, 216, 217, 218, 219, 220, 221, 222, 223, 224, 225, 226, 227, 228, 229, 230, 231, 232, 233, 234, 235, 236, 237, 238, 239, 240, 241, 242, 243, 244, 245, 246, 247, 248, 249, 250, 251, 252, 253, 254, 255, 256, 288, 289, 290, 291, 292, 293, 294, 295, 296, 299]"
SOM-b_12_n300_m120,DecisionTree,35745.00,32262.00,90.26,"[32, 33, 34, 35, 36, 37, 38, 39, 40, 41, 42, 43, 44, 45, 46, 47, 48, 49, 50, 51, 52, 53, 54, 55, 56, 57, 58, 59, 60, 61, 62, 63, 180, 181, 182, 183, 184, 185, 186, 187, 188, 189, 190, 191, 192, 193, 194, 195, 196, 197, 198, 199, 200, 201, 202, 203, 204, 205, 206, 207, 208, 209, 210, 211, 212, 213, 214, 215, 216, 217, 218, 219, 220, 221, 222, 223, 224, 225, 226, 227, 228, 229, 230, 231, 232, 233, 234, 235, 236, 237, 238, 239, 240, 241, 242, 243, 244, 245, 246, 247, 248, 249, 250, 251, 252, 253, 254, 255, 256, 288, 289, 290, 291, 292, 293, 294, 295, 296, 297, 299]"
SOM-b_13_n400_m40,RandomForest,4601.00,3698.00,80.37,"[3, 16, 17, 18, 20, 26, 44, 45, 51, 70, 108, 109, 111, 112, 115, 116, 117, 121, 122, 123, 126, 135, 182, 185, 190, 192, 228, 234, 235, 237, 238, 241, 246, 262, 286, 289, 293, 296, 297, 299]"
SOM-b_13_n400_m40,LogisticRegression,4601.00,3794.00,82.46,"[5, 16, 17, 18, 20, 24, 27, 32, 35, 39, 43, 49, 61, 62, 70, 72, 76, 84, 90, 94, 96, 104, 121, 122, 123, 126, 135, 152, 156, 166, 189, 192, 198, 239, 240, 270, 276, 278, 284, 322]"
SOM-b_13_n400_m40,KNN,4601.00,3578.00,77.77,"[0, 32, 33, 34, 35, 36, 37, 38, 39, 40, 41, 42, 43, 44, 45, 46, 47, 48, 49, 50, 51, 52, 53, 54, 55, 385, 386, 387, 388, 389, 390, 391, 392, 393, 394, 395, 396, 397, 398, 399]"
SOM-b_13_n400_m40,DecisionTree,4601.00,3553.00,77.22,"[0, 24, 32, 42, 43, 44, 45, 46, 47, 48, 49, 50, 51, 52, 53, 54, 55, 56, 57, 58, 59, 60, 61, 62, 63, 166, 261, 289, 352, 376, 384, 385, 386, 387, 388, 389, 390, 391, 392, 395]"
SOM-b_14_n400_m80,RandomForest,16824.00,14529.00,86.36,"[0, 3, 7, 13, 16, 20, 21, 23, 24, 28, 29, 30, 31, 34, 35, 41, 44, 50, 52, 58, 112, 115, 116, 117, 118, 122, 123, 128, 129, 136, 137, 138, 139, 140, 141, 142, 143, 145, 148, 150, 152, 168, 171, 177, 178, 189, 197, 201, 207, 209, 210, 215, 216, 223, 225, 231, 237, 241, 242, 243, 244, 247, 249, 250, 256, 258, 261, 263, 270, 276, 277, 286, 288, 290, 291, 292, 293, 294, 300, 314]"
SOM-b_14_n400_m80,LogisticRegression,16824.00,15373.00,91.38,"[2, 3, 7, 8, 9, 13, 17, 18, 19, 21, 25, 27, 29, 32, 33, 35, 37, 42, 44, 54, 58, 60, 61, 70, 71, 75, 82, 85, 87, 89, 90, 93, 98, 99, 102, 103, 107, 116, 117, 118, 121, 122, 127, 141, 142, 147, 152, 163, 166, 168, 171, 175, 176, 181, 182, 184, 218, 226, 227, 232, 245, 256, 259, 261, 263, 271, 281, 286, 293, 296, 298, 306, 314, 331, 354, 366, 377, 379, 382, 388]"
SOM-b_14_n400_m80,KNN,16824.00,14243.00,84.66,"[0, 32, 33, 34, 35, 36, 37, 38, 39, 40, 41, 42, 43, 44, 45, 46, 47, 48, 49, 50, 51, 52, 53, 54, 55, 56, 57, 58, 59, 60, 61, 62, 63, 320, 321, 322, 323, 324, 325, 326, 327, 328, 329, 330, 331, 332, 333, 334, 335, 336, 337, 338, 339, 340, 341, 342, 343, 344, 345, 346, 347, 348, 349, 350, 351, 385, 386, 387, 388, 389, 390, 391, 392, 393, 394, 395, 396, 397, 398, 399]"
SOM-b_14_n400_m80,DecisionTree,16824.00,14275.00,84.85,"[0, 24, 32, 33, 34, 35, 36, 37, 38, 39, 40, 41, 42, 43, 44, 45, 46, 47, 48, 49, 50, 51, 52, 53, 54, 55, 56, 57, 58, 59, 60, 61, 62, 63, 288, 290, 322, 323, 324, 325, 326, 327, 328, 329, 330, 331, 332, 333, 334, 335, 336, 337, 338, 339, 340, 341, 342, 343, 344, 345, 346, 347, 348, 349, 350, 351, 352, 376, 384, 385, 386, 387, 388, 389, 390, 391, 392, 393, 395, 398]"
SOM-b_15_n400_m120,RandomForest,36106.00,32087.00,88.87,"[1, 6, 9, 12, 13, 14, 18, 19, 21, 25, 27, 33, 35, 37, 39, 40, 41, 47, 48, 50, 52, 53, 54, 56, 112, 116, 117, 118, 119, 120, 121, 122, 123, 124, 125, 126, 127, 128, 129, 130, 131, 132, 133, 136, 137, 138, 139, 140, 141, 142, 143, 144, 145, 146, 147, 148, 149, 151, 152, 153, 154, 156, 157, 158, 160, 162, 170, 187, 188, 190, 191, 192, 195, 196, 197, 198, 199, 200, 205, 208, 209, 211, 212, 214, 215, 217, 219, 222, 227, 228, 230, 232, 233, 234, 235, 236, 238, 239, 241, 242, 244, 246, 247, 248, 251, 252, 253, 255, 257, 258, 260, 265, 266, 279, 284, 289, 291, 293, 294, 376]"
SOM-b_15_n400_m120,LogisticRegression,36106.00,34095.00,94.43,"[0, 1, 3, 6, 7, 8, 9, 12, 13, 14, 18, 19, 20, 21, 22, 23, 24, 25, 26, 29, 30, 31, 32, 33, 34, 35, 36, 37, 39, 40, 43, 47, 48, 50, 52, 53, 54, 56, 62, 65, 69, 71, 73, 78, 80, 81, 90, 95, 98, 101, 105, 117, 118, 119, 120, 121, 122, 124, 125, 126, 131, 133, 136, 138, 141, 144, 147, 149, 150, 151, 154, 156, 158, 161, 163, 164, 167, 170, 173, 175, 179, 183, 185, 186, 193, 206, 207, 210, 213, 216, 218, 220, 224, 231, 240, 242, 243, 249, 262, 270, 273, 278, 279, 282, 285, 296, 308, 318, 322, 324, 333, 349, 351, 364, 369, 376, 377, 391, 392, 399]"
SOM-b_15_n400_m120,KNN,36106.00,32241.00,89.30,"[0, 24, 32, 33, 34, 35, 36, 37, 38, 39, 40, 41, 42, 43, 44, 45, 46, 47, 48, 49, 50, 51, 52, 53, 54, 55, 56, 57, 58, 59, 60, 61, 62, 63, 280, 281, 282, 283, 284, 285, 286, 287, 288, 289, 290, 291, 292, 293, 294, 295, 296, 297, 298, 299, 300, 301, 302, 303, 304, 305, 306, 307, 308, 309, 310, 311, 312, 313, 314, 315, 316, 317, 318, 319, 320, 321, 322, 323, 324, 325, 326, 327, 328, 329, 330, 331, 332, 333, 334, 335, 336, 337, 338, 339, 340, 341, 342, 343, 344, 345, 346, 347, 348, 349, 350, 351, 352, 376, 377, 384, 385, 386, 387, 388, 389, 390, 391, 392, 395, 398]"
SOM-b_15_n400_m120,DecisionTree,36106.00,32206.00,89.20,"[0, 24, 32, 33, 34, 35, 36, 37, 38, 39, 40, 41, 42, 43, 44, 45, 46, 47, 48, 49, 50, 51, 52, 53, 54, 55, 56, 57, 58, 59, 60, 61, 62, 63, 150, 281, 282, 283, 284, 285, 286, 287, 288, 289, 290, 291, 292, 293, 294, 295, 296, 297, 298, 299, 300, 301, 302, 303, 304, 305, 306, 307, 308, 309, 310, 311, 312, 313, 314, 315, 316, 317, 318, 319, 320, 321, 322, 323, 324, 325, 326, 327, 328, 329, 330, 331, 332, 333, 334, 335, 336, 337, 338, 339, 340, 341, 342, 343, 344, 345, 346, 347, 348, 349, 350, 351, 352, 376, 384, 385, 386, 387, 388, 389, 390, 391, 392, 393, 395, 398]"
SOM-b_16_n400_m160,RandomForest,62217.00,56882.00,91.43,"[0, 4, 8, 10, 13, 15, 16, 17, 18, 19, 20, 21, 22, 23, 24, 25, 26, 27, 28, 29, 30, 34, 36, 37, 39, 42, 43, 44, 45, 46, 49, 50, 51, 59, 73, 108, 111, 113, 114, 115, 116, 117, 118, 119, 120, 121, 122, 123, 124, 125, 127, 128, 129, 130, 131, 133, 134, 135, 136, 137, 138, 139, 140, 141, 142, 143, 144, 145, 146, 147, 148, 149, 150, 151, 152, 153, 159, 160, 161, 162, 163, 165, 166, 167, 168, 169, 173, 174, 175, 176, 177, 178, 179, 180, 181, 183, 185, 186, 187, 188, 189, 190, 191, 192, 193, 194, 196, 197, 198, 200, 201, 203, 205, 209, 210, 211, 212, 215, 216, 217, 219, 220, 222, 224, 228, 229, 230, 231, 232, 233, 236, 237, 238, 239, 240, 243, 244, 245, 250, 252, 258, 261, 271, 275, 279, 280, 284, 286, 290, 291, 292, 293, 294, 295, 296, 297, 301, 315, 335, 348]"
SOM-b_16_n400_m160,LogisticRegression,62217.00,59935.00,96.33,"[0, 4, 5, 10, 12, 14, 15, 16, 17, 18, 19, 20, 21, 22, 24, 26, 27, 28, 29, 30, 34, 36, 37, 39, 42, 43, 44, 45, 46, 48, 49, 50, 51, 52, 53, 54, 55, 57, 59, 60, 61, 63, 64, 65, 69, 70, 71, 73, 74, 79, 81, 82, 84, 86, 88, 90, 92, 94, 98, 101, 102, 103, 106, 108, 111, 113, 116, 117, 118, 120, 121, 122, 124, 126, 127, 130, 132, 133, 134, 135, 136, 137, 138, 141, 142, 144, 145, 146, 147, 148, 151, 159, 166, 167, 169, 170, 172, 182, 184, 195, 198, 199, 200, 202, 204, 206, 207, 208, 213, 214, 218, 221, 225, 227, 234, 238, 246, 247, 248, 249, 253, 255, 258, 260, 262, 265, 275, 277, 279, 280, 283, 294, 300, 301, 304, 306, 308, 311, 312, 313, 315, 317, 328, 330, 333, 334, 335, 342, 344, 347, 352, 373, 375, 381, 383, 385, 391, 396, 398, 399]"
SOM-b_16_n400_m160,KNN,62217.00,57287.00,92.08,"[0, 32, 33, 34, 35, 36, 37, 38, 39, 40, 41, 42, 43, 44, 45, 46, 47, 48, 49, 50, 51, 52, 53, 54, 55, 56, 57, 58, 59, 60, 61, 62, 63, 224, 225, 226, 227, 228, 229, 230, 231, 232, 233, 234, 235, 236, 237, 238, 239, 256, 257, 258, 259, 260, 261, 262, 263, 264, 265, 266, 267, 268, 269, 270, 271, 272, 273, 274, 275, 276, 277, 278, 279, 280, 281, 282, 283, 284, 285, 286, 287, 288, 289, 290, 291, 292, 293, 294, 295, 296, 297, 298, 299, 300, 301, 302, 303, 304, 305, 306, 307, 308, 309, 310, 311, 312, 313, 314, 315, 316, 317, 318, 319, 320, 321, 322, 323, 324, 325, 326, 327, 328, 329, 330, 331, 332, 333, 334, 335, 336, 337, 338, 339, 340, 341, 342, 343, 344, 345, 346, 347, 348, 349, 350, 351, 385, 386, 387, 388, 389, 390, 391, 392, 393, 394, 395, 396, 397, 398, 399]"
SOM-b_16_n400_m160,DecisionTree,62217.00,57513.00,92.44,"[0, 24, 32, 33, 34, 35, 36, 37, 38, 39, 40, 41, 42, 43, 44, 45, 46, 47, 48, 49, 50, 51, 52, 53, 54, 55, 56, 57, 58, 59, 60, 61, 62, 63, 214, 227, 232, 243, 244, 245, 246, 247, 248, 249, 250, 251, 252, 253, 254, 255, 256, 257, 258, 259, 260, 261, 262, 263, 264, 265, 266, 267, 268, 269, 270, 271, 272, 273, 274, 275, 276, 277, 278, 279, 280, 281, 282, 283, 284, 285, 286, 287, 288, 289, 290, 291, 292, 293, 294, 295, 296, 297, 298, 299, 300, 301, 302, 303, 304, 305, 306, 307, 308, 309, 310, 311, 312, 313, 314, 315, 316, 317, 318, 319, 320, 321, 322, 323, 324, 325, 326, 327, 328, 329, 330, 331, 332, 333, 334, 335, 336, 337, 338, 339, 340, 341, 342, 343, 344, 345, 346, 347, 348, 349, 350, 351, 352, 376, 384, 385, 386, 387, 388, 389, 390, 391, 392, 393, 395, 398]"
SOM-b_17_n500_m50,RandomForest,7074.00,5589.00,79.01,"[2, 4, 7, 27, 47, 48, 63, 82, 83, 84, 85, 88, 91, 93, 94, 102, 104, 106, 107, 124, 131, 137, 146, 169, 190, 194, 199, 206, 215, 216, 221, 224, 233, 237, 238, 242, 243, 251, 255, 267, 268, 270, 271, 272, 277, 283, 291, 295, 298, 310]"
SOM-b_17_n500_m50,LogisticRegression,7074.00,5955.00,84.18,"[0, 8, 11, 12, 22, 23, 32, 33, 35, 37, 55, 57, 63, 65, 73, 82, 83, 84, 85, 90, 97, 106, 107, 112, 114, 117, 123, 131, 137, 139, 143, 146, 169, 196, 198, 205, 224, 229, 239, 244, 250, 252, 302, 308, 311, 320, 323, 334, 344, 421]"
SOM-b_17_n500_m50,KNN,7074.00,5417.00,76.58,"[0, 32, 33, 34, 35, 36, 37, 38, 39, 40, 41, 42, 43, 44, 45, 46, 47, 48, 49, 50, 51, 52, 53, 54, 55, 58, 59, 60, 61, 62, 63, 481, 482, 483, 484, 485, 486, 487, 488, 489, 490, 491, 492, 493, 494, 495, 496, 497, 498, 499]"
SOM-b_17_n500_m50,DecisionTree,7074.00,5503.00,77.79,"[0, 24, 32, 38, 39, 40, 41, 42, 43, 44, 45, 46, 47, 48, 49, 50, 51, 52, 53, 54, 55, 56, 57, 58, 59, 60, 61, 62, 63, 274, 304, 320, 334, 448, 472, 480, 481, 482, 483, 484, 485, 486, 487, 488, 489, 491, 496, 497, 498, 499]"
SOM-b_18_n500_m100,RandomForest,26062.00,22606.00,86.74,"[0, 1, 6, 9, 13, 15, 25, 27, 30, 35, 37, 39, 40, 42, 43, 44, 45, 48, 49, 50, 53, 61, 70, 83, 85, 87, 89, 90, 91, 92, 93, 94, 95, 96, 97, 98, 99, 101, 102, 103, 104, 105, 107, 108, 110, 111, 112, 113, 114, 117, 119, 120, 121, 122, 123, 124, 125, 126, 127, 128, 129, 131, 133, 134, 136, 137, 138, 141, 142, 143, 148, 149, 150, 157, 195, 198, 204, 206, 226, 227, 228, 236, 242, 246, 248, 252, 255, 256, 257, 260, 263, 265, 267, 270, 273, 276, 286, 317, 424, 439]"
SOM-b_18_n500_m100,LogisticRegression,26062.00,23856.00,91.54,"[0, 3, 6, 9, 13, 15, 16, 17, 23, 24, 25, 32, 33, 36, 37, 38, 42, 43, 44, 45, 48, 50, 60, 61, 63, 64, 65, 66, 67, 70, 73, 79, 80, 83, 85, 87, 90, 94, 98, 99, 101, 102, 105, 111, 112, 114, 119, 120, 124, 129, 131, 134, 137, 138, 141, 142, 148, 149, 150, 154, 158, 163, 164, 170, 173, 175, 182, 192, 194, 196, 205, 229, 236, 239, 245, 249, 254, 258, 259, 265, 269, 277, 281, 290, 298, 300, 310, 317, 320, 324, 352, 368, 375, 378, 379, 380, 404, 408, 439, 470]"
SOM-b_18_n500_m100,KNN,26062.00,22310.00,85.60,"[0, 24, 32, 33, 34, 35, 36, 37, 38, 39, 40, 41, 42, 43, 44, 45, 46, 47, 48, 49, 50, 51, 52, 53, 54, 55, 56, 57, 58, 59, 60, 61, 62, 63, 70, 400, 401, 402, 403, 404, 405, 406, 407, 408, 409, 410, 411, 412, 413, 414, 415, 416, 417, 418, 419, 420, 421, 422, 423, 424, 425, 426, 427, 428, 429, 430, 431, 432, 433, 434, 435, 436, 437, 438, 439, 440, 441, 442, 443, 444, 445, 446, 447, 448, 472, 480, 481, 482, 483, 484, 485, 486, 487, 488, 491, 494, 496, 497, 498, 499]"
SOM-b_18_n500_m100,DecisionTree,26062.00,22545.00,86.51,"[0, 24, 32, 33, 34, 35, 36, 37, 38, 39, 40, 41, 42, 43, 44, 45, 46, 47, 48, 49, 50, 51, 52, 53, 54, 55, 56, 57, 58, 59, 60, 61, 62, 63, 131, 224, 265, 308, 317, 403, 404, 405, 406, 407, 408, 409, 410, 411, 412, 413, 414, 415, 416, 417, 418, 419, 420, 421, 422, 423, 424, 425, 426, 427, 428, 429, 430, 431, 432, 433, 434, 435, 436, 437, 438, 439, 440, 441, 442, 443, 444, 445, 446, 447, 448, 472, 480, 481, 482, 483, 484, 485, 486, 487, 491, 494, 496, 497, 498, 499]"
SOM-b_19_n500_m150,RandomForest,56308.00,50595.00,89.85,"[2, 3, 4, 6, 7, 8, 10, 11, 13, 21, 23, 25, 26, 28, 29, 31, 32, 33, 34, 35, 38, 40, 41, 42, 43, 44, 46, 47, 48, 51, 55, 61, 62, 88, 89, 90, 91, 92, 93, 94, 95, 96, 97, 98, 99, 100, 101, 102, 103, 104, 105, 106, 107, 108, 109, 110, 111, 112, 113, 114, 115, 116, 117, 118, 119, 120, 121, 122, 123, 124, 125, 126, 127, 128, 129, 130, 131, 132, 133, 134, 135, 136, 137, 138, 139, 140, 141, 142, 143, 145, 149, 150, 153, 156, 159, 160, 161, 169, 174, 175, 179, 182, 190, 195, 202, 206, 209, 212, 217, 218, 222, 223, 226, 228, 229, 234, 237, 238, 239, 240, 242, 243, 247, 248, 249, 250, 255, 256, 258, 260, 262, 263, 264, 265, 267, 268, 269, 270, 272, 281, 288, 304, 306, 316, 331, 336, 386, 400, 419, 429]"
SOM-b_19_n500_m150,LogisticRegression,56308.00,53088.00,94.28,"[0, 2, 4, 6, 7, 8, 9, 10, 11, 13, 15, 16, 17, 20, 21, 23, 25, 27, 28, 29, 33, 34, 35, 41, 42, 43, 44, 46, 53, 55, 56, 59, 61, 62, 64, 65, 70, 71, 74, 76, 79, 80, 81, 82, 84, 88, 90, 91, 92, 93, 94, 95, 96, 97, 98, 104, 106, 107, 109, 112, 115, 116, 118, 119, 120, 122, 124, 126, 131, 133, 138, 139, 140, 145, 149, 150, 153, 156, 159, 165, 166, 167, 173, 174, 175, 177, 179, 182, 185, 190, 191, 194, 196, 198, 200, 204, 205, 207, 208, 210, 213, 215, 216, 219, 220, 221, 225, 229, 230, 232, 233, 236, 253, 263, 264, 265, 271, 275, 276, 284, 287, 289, 298, 302, 306, 313, 316, 324, 327, 331, 334, 336, 348, 353, 354, 366, 367, 368, 371, 383, 386, 401, 414, 424, 427, 430, 432, 449, 451, 479]"
SOM-b_19_n500_m150,KNN,56308.00,50292.00,89.32,"[0, 32, 33, 34, 35, 36, 37, 38, 39, 40, 41, 42, 43, 44, 45, 46, 47, 48, 49, 50, 51, 52, 53, 54, 55, 56, 57, 58, 59, 60, 61, 62, 63, 326, 327, 352, 353, 354, 355, 356, 357, 358, 359, 360, 361, 362, 363, 364, 365, 366, 367, 368, 369, 370, 371, 372, 373, 374, 375, 376, 377, 378, 379, 380, 381, 382, 383, 384, 385, 386, 387, 388, 389, 390, 391, 392, 393, 394, 395, 396, 397, 398, 399, 400, 401, 402, 403, 404, 405, 406, 407, 408, 409, 410, 411, 412, 413, 414, 415, 416, 417, 418, 419, 420, 421, 422, 423, 424, 425, 426, 427, 428, 429, 430, 431, 432, 433, 434, 435, 436, 437, 438, 439, 440, 441, 442, 443, 444, 445, 446, 447, 481, 482, 483, 484, 485, 486, 487, 488, 489, 490, 491, 492, 493, 494, 495, 496, 497, 498, 499]"
SOM-b_19_n500_m150,DecisionTree,56308.00,50589.00,89.84,"[0, 24, 32, 33, 34, 35, 36, 37, 38, 39, 40, 41, 42, 43, 44, 45, 46, 47, 48, 49, 50, 51, 52, 53, 54, 55, 56, 57, 58, 59, 60, 61, 62, 63, 166, 227, 263, 264, 268, 283, 285, 294, 306, 307, 316, 324, 331, 334, 336, 363, 364, 365, 366, 367, 368, 369, 370, 371, 372, 373, 374, 375, 376, 377, 378, 379, 380, 381, 382, 383, 384, 385, 386, 387, 388, 389, 390, 391, 392, 393, 394, 395, 396, 397, 398, 399, 400, 401, 402, 403, 404, 405, 406, 407, 408, 409, 410, 411, 412, 413, 414, 415, 416, 417, 418, 419, 420, 421, 422, 423, 424, 425, 426, 427, 428, 429, 430, 431, 432, 433, 434, 435, 436, 437, 438, 439, 440, 441, 442, 443, 444, 445, 446, 447, 448, 472, 480, 481, 482, 483, 484, 485, 486, 487, 491, 494, 496, 497, 498, 499]"
SOM-b_1_n100_m10,RandomForest,333.00,186.00,55.86,"[11, 16, 21, 24, 25, 27, 32, 36, 84, 87]"
SOM-b_1_n100_m10,LogisticRegression,333.00,243.00,72.97,"[15, 21, 31, 35, 50, 56, 58, 75, 84, 87]"
SOM-b_1_n100_m10,KNN,333.00,188.00,56.46,"[90, 91, 92, 93, 94, 95, 96, 97, 98, 99]"
SOM-b_1_n100_m10,DecisionTree,333.00,188.00,56.46,"[90, 91, 92, 93, 94, 95, 96, 97, 98, 99]"
SOM-b_20_n500_m200,RandomForest,97034.00,88976.00,91.70,"[0, 1, 3, 4, 5, 7, 9, 10, 11, 12, 15, 16, 18, 19, 20, 24, 26, 27, 28, 29, 30, 31, 32, 33, 34, 35, 36, 37, 38, 39, 40, 41, 44, 46, 47, 50, 52, 58, 86, 89, 91, 92, 93, 94, 95, 96, 97, 98, 99, 100, 101, 102, 103, 104, 105, 106, 107, 108, 109, 110, 111, 112, 113, 114, 115, 116, 117, 118, 119, 120, 121, 122, 123, 124, 125, 126, 127, 128, 129, 130, 131, 132, 133, 134, 135, 136, 137, 138, 139, 140, 141, 142, 143, 144, 145, 146, 147, 148, 149, 150, 151, 152, 153, 154, 155, 156, 157, 158, 159, 160, 161, 162, 163, 164, 166, 168, 169, 170, 171, 172, 173, 174, 175, 176, 177, 178, 179, 180, 181, 182, 183, 184, 185, 186, 187, 188, 189, 190, 191, 192, 193, 194, 195, 196, 197, 198, 201, 202, 204, 205, 206, 207, 209, 210, 212, 213, 214, 215, 222, 223, 224, 225, 226, 228, 229, 230, 231, 232, 234, 235, 236, 237, 238, 241, 244, 245, 247, 249, 250, 251, 254, 256, 258, 260, 264, 265, 266, 269, 270, 273, 280, 287, 298, 306, 368, 379, 402, 467, 476, 477]"
SOM-b_20_n500_m200,LogisticRegression,97034.00,93445.00,96.30,"[2, 4, 5, 6, 7, 9, 10, 11, 12, 13, 15, 16, 17, 19, 20, 21, 22, 24, 26, 28, 29, 30, 33, 34, 35, 37, 39, 41, 42, 43, 46, 47, 48, 49, 50, 51, 52, 54, 56, 58, 62, 63, 66, 67, 69, 70, 73, 74, 77, 78, 81, 82, 86, 88, 89, 91, 92, 93, 94, 96, 97, 99, 101, 102, 103, 104, 105, 107, 109, 110, 111, 112, 114, 115, 117, 118, 120, 122, 123, 125, 126, 127, 128, 130, 134, 136, 138, 139, 142, 143, 144, 145, 148, 149, 151, 152, 154, 156, 157, 158, 159, 160, 163, 164, 165, 167, 170, 178, 181, 183, 185, 187, 189, 190, 192, 194, 195, 196, 199, 200, 203, 204, 207, 208, 211, 213, 216, 217, 218, 219, 220, 221, 224, 226, 227, 228, 239, 246, 248, 252, 259, 260, 261, 264, 265, 269, 272, 274, 287, 293, 294, 296, 298, 306, 308, 309, 311, 313, 316, 318, 321, 322, 327, 329, 332, 335, 336, 338, 339, 340, 347, 348, 349, 355, 368, 373, 374, 377, 379, 385, 389, 392, 399, 400, 405, 406, 411, 412, 413, 418, 420, 433, 440, 459, 467, 471, 480, 484, 485, 499]"
SOM-b_20_n500_m200,KNN,97034.00,89129.00,91.85,"[0, 32, 33, 34, 35, 36, 37, 38, 39, 40, 41, 42, 43, 44, 45, 46, 47, 48, 49, 50, 51, 52, 53, 54, 55, 56, 57, 58, 59, 60, 61, 62, 63, 288, 289, 290, 291, 292, 293, 294, 295, 296, 297, 298, 299, 300, 301, 302, 303, 308, 309, 310, 311, 320, 321, 322, 323, 324, 325, 326, 327, 328, 329, 330, 331, 332, 333, 334, 335, 336, 337, 338, 339, 340, 341, 342, 343, 344, 345, 346, 347, 348, 349, 350, 351, 352, 353, 354, 355, 356, 357, 358, 359, 360, 361, 362, 363, 364, 365, 366, 367, 368, 369, 370, 371, 372, 373, 374, 375, 376, 377, 378, 379, 380, 381, 382, 383, 384, 385, 386, 387, 388, 389, 390, 391, 392, 393, 394, 395, 396, 397, 398, 399, 400, 401, 402, 403, 404, 405, 406, 407, 408, 409, 410, 411, 412, 413, 414, 415, 416, 417, 418, 419, 420, 421, 422, 423, 424, 425, 426, 427, 428, 429, 430, 431, 432, 433, 434, 435, 436, 437, 438, 439, 440, 441, 442, 443, 444, 445, 446, 447, 481, 482, 483, 484, 485, 486, 487, 488, 489, 490, 491, 492, 493, 494, 495, 496, 497, 498, 499]"
SOM-b_20_n500_m200,DecisionTree,97034.00,89523.00,92.26,"[0, 24, 32, 33, 34, 35, 36, 37, 38, 39, 40, 41, 42, 43, 44, 45, 46, 47, 48, 49, 50, 51, 52, 53, 54, 55, 56, 57, 58, 59, 60, 61, 62, 63, 260, 264, 265, 269, 304, 305, 306, 307, 308, 309, 310, 311, 312, 313, 314, 315, 316, 317, 318, 319, 320, 321, 322, 323, 324, 325, 326, 327, 328, 329, 330, 331, 332, 333, 334, 335, 336, 337, 338, 339, 340, 341, 342, 343, 344, 345, 346, 347, 348, 349, 350, 351, 352, 353, 354, 355, 356, 357, 358, 359, 360, 361, 362, 363, 364, 365, 366, 367, 368, 369, 370, 371, 372, 373, 374, 375, 376, 377, 378, 379, 380, 381, 382, 383, 384, 385, 386, 387, 388, 389, 390, 391, 392, 393, 394, 395, 396, 397, 398, 399, 400, 401, 402, 403, 404, 405, 406, 407, 408, 409, 410, 411, 412, 413, 414, 415, 416, 417, 418, 419, 420, 421, 422, 423, 424, 425, 426, 427, 428, 429, 430, 431, 432, 433, 434, 435, 436, 437, 438, 439, 440, 441, 442, 443, 444, 445, 446, 447, 448, 472, 480, 481, 482, 483, 484, 485, 486, 487, 488, 489, 491, 494, 496, 497, 498, 499]"
SOM-b_2_n100_m20,RandomForest,1177.00,982.00,83.43,"[3, 12, 14, 17, 20, 24, 25, 28, 29, 32, 35, 37, 44, 50, 53, 56, 73, 77, 88, 90]"
SOM-b_2_n100_m20,LogisticRegression,1177.00,965.00,81.99,"[12, 22, 24, 28, 37, 39, 42, 43, 44, 47, 50, 53, 56, 59, 73, 77, 79, 85, 88, 90]"
SOM-b_2_n100_m20,KNN,1177.00,872.00,74.09,"[44, 73, 77, 82, 83, 84, 85, 86, 87, 88, 89, 90, 91, 92, 93, 94, 95, 96, 97, 99]"
SOM-b_2_n100_m20,DecisionTree,1177.00,851.00,72.30,"[44, 80, 81, 82, 83, 84, 85, 86, 87, 88, 89, 90, 91, 92, 93, 94, 95, 96, 97, 99]"
SOM-b_3_n100_m30,RandomForest,2457.00,2037.00,82.91,"[1, 3, 4, 6, 11, 13, 14, 18, 19, 20, 21, 22, 24, 26, 27, 30, 33, 35, 36, 37, 44, 47, 55, 58, 75, 76, 77, 78, 80, 83]"
SOM-b_3_n100_m30,LogisticRegression,2457.00,2109.00,85.84,"[3, 5, 6, 7, 11, 18, 20, 21, 22, 30, 36, 37, 44, 47, 55, 58, 59, 62, 66, 67, 68, 69, 71, 76, 79, 80, 83, 87, 93, 98]"
SOM-b_3_n100_m30,KNN,2457.00,1917.00,78.02,"[70, 71, 72, 73, 74, 75, 76, 77, 78, 79, 80, 81, 82, 83, 84, 85, 86, 87, 88, 89, 90, 91, 92, 93, 94, 95, 96, 97, 98, 99]"
SOM-b_3_n100_m30,DecisionTree,2457.00,1927.00,78.43,"[11, 70, 71, 72, 73, 74, 75, 76, 77, 78, 79, 80, 81, 82, 83, 84, 85, 86, 87, 88, 89, 90, 91, 92, 93, 94, 95, 97, 98, 99]"
SOM-b_4_n100_m40,RandomForest,4112.00,3731.00,90.73,"[0, 6, 7, 8, 9, 11, 12, 15, 16, 17, 18, 19, 20, 21, 24, 25, 26, 28, 30, 31, 39, 42, 43, 44, 56, 63, 73, 74, 75, 77, 79, 80, 81, 82, 83, 84, 85, 91, 96, 98]"
SOM-b_4_n100_m40,LogisticRegression,4112.00,3881.00,94.38,"[0, 2, 3, 4, 6, 8, 10, 11, 12, 15, 16, 19, 20, 21, 24, 25, 26, 28, 31, 39, 42, 43, 44, 45, 54, 56, 59, 62, 63, 66, 67, 69, 76, 79, 90, 91, 93, 96, 98, 99]"
SOM-b_4_n100_m40,KNN,4112.00,3415.00,83.05,"[60, 61, 62, 63, 64, 65, 66, 67, 68, 69, 70, 71, 72, 73, 74, 75, 76, 77, 78, 79, 80, 81, 82, 83, 84, 85, 86, 87, 88, 89, 90, 91, 92, 93, 94, 95, 96, 97, 98, 99]"
SOM-b_4_n100_m40,DecisionTree,4112.00,3447.00,83.83,"[12, 61, 62, 63, 64, 65, 66, 67, 68, 69, 70, 71, 72, 73, 74, 75, 76, 77, 78, 79, 80, 81, 82, 83, 84, 85, 86, 87, 88, 89, 90, 91, 92, 93, 94, 95, 96, 97, 98, 99]"
SOM-b_5_n200_m20,RandomForest,1243.00,918.00,73.85,"[3, 9, 15, 19, 37, 55, 64, 80, 100, 107, 129, 150, 156, 160, 163, 178, 180, 187, 189, 199]"
SOM-b_5_n200_m20,LogisticRegression,1243.00,885.00,71.20,"[8, 15, 19, 20, 35, 37, 49, 55, 64, 66, 74, 80, 100, 107, 155, 157, 171, 180, 189, 199]"
SOM-b_5_n200_m20,KNN,1243.00,870.00,69.99,"[180, 181, 182, 183, 184, 185, 186, 187, 188, 189, 190, 191, 192, 193, 194, 195, 196, 197, 198, 199]"
SOM-b_5_n200_m20,DecisionTree,1243.00,898.00,72.24,"[37, 80, 129, 148, 150, 170, 180, 181, 182, 183, 187, 189, 190, 191, 192, 193, 194, 195, 196, 199]"
SOM-b_6_n200_m40,RandomForest,4432.00,3801.00,85.76,"[1, 2, 6, 9, 11, 14, 20, 47, 51, 58, 59, 69, 73, 79, 80, 93, 96, 101, 106, 114, 116, 117, 129, 132, 137, 149, 153, 161, 163, 172, 174, 178, 180, 181, 185, 186, 190, 192, 196, 197]"
SOM-b_6_n200_m40,LogisticRegression,4432.00,3940.00,88.90,"[6, 9, 10, 11, 14, 16, 20, 28, 32, 38, 39, 42, 47, 58, 59, 63, 64, 69, 73, 75, 76, 79, 80, 85, 89, 93, 96, 101, 102, 106, 114, 116, 117, 157, 164, 166, 172, 188, 192, 196]"
SOM-b_6_n200_m40,KNN,4432.00,3326.00,75.05,"[160, 161, 162, 163, 164, 165, 166, 167, 168, 169, 170, 171, 172, 173, 174, 175, 176, 177, 178, 179, 180, 181, 182, 183, 184, 185, 186, 187, 188, 189, 190, 191, 192, 193, 194, 195, 196, 197, 198, 199]"
SOM-b_6_n200_m40,DecisionTree,4432.00,3323.00,74.98,"[47, 160, 161, 162, 163, 164, 165, 166, 167, 168, 169, 170, 171, 172, 173, 174, 175, 176, 177, 178, 179, 180, 181, 182, 183, 184, 185, 186, 187, 188, 189, 190, 191, 192, 193, 194, 195, 197, 198, 199]"
SOM-b_7_n200_m60,RandomForest,9398.00,8349.00,88.84,"[2, 3, 4, 5, 6, 7, 8, 9, 10, 13, 14, 16, 17, 18, 23, 49, 66, 81, 84, 89, 91, 94, 102, 104, 113, 128, 133, 135, 140, 142, 151, 160, 163, 165, 166, 167, 170, 174, 175, 176, 177, 178, 179, 181, 182, 183, 185, 186, 187, 188, 189, 190, 192, 193, 194, 195, 196, 197, 198, 199]"
SOM-b_7_n200_m60,LogisticRegression,9398.00,8613.00,91.65,"[3, 4, 5, 9, 15, 16, 17, 21, 24, 29, 34, 36, 38, 41, 48, 49, 50, 51, 63, 64, 66, 67, 68, 72, 75, 76, 78, 79, 80, 81, 82, 83, 84, 88, 89, 91, 94, 102, 104, 107, 111, 113, 118, 124, 126, 128, 133, 135, 140, 142, 151, 156, 167, 170, 178, 180, 186, 191, 192, 198]"
SOM-b_7_n200_m60,KNN,9398.00,7760.00,82.57,"[140, 141, 142, 143, 144, 145, 146, 147, 148, 149, 150, 151, 152, 153, 154, 155, 156, 157, 158, 159, 160, 161, 162, 163, 164, 165, 166, 167, 168, 169, 170, 171, 172, 173, 174, 175, 176, 177, 178, 179, 180, 181, 182, 183, 184, 185, 186, 187, 188, 189, 190, 191, 192, 193, 194, 195, 196, 197, 198, 199]"
SOM-b_7_n200_m60,DecisionTree,9398.00,7751.00,82.47,"[133, 141, 142, 143, 144, 145, 146, 147, 148, 149, 150, 151, 152, 153, 154, 155, 156, 157, 158, 159, 160, 161, 162, 163, 164, 165, 166, 167, 168, 169, 170, 171, 172, 173, 174, 175, 176, 177, 178, 179, 180, 181, 182, 183, 184, 185, 186, 187, 188, 189, 190, 191, 192, 193, 194, 195, 196, 197, 198, 199]"
SOM-b_8_n200_m80,RandomForest,16161.00,14543.00,89.99,"[0, 2, 3, 4, 5, 6, 7, 9, 10, 11, 12, 13, 14, 15, 16, 17, 20, 21, 22, 23, 25, 27, 31, 32, 33, 35, 36, 39, 42, 43, 44, 46, 54, 59, 65, 68, 75, 89, 106, 111, 115, 123, 126, 127, 128, 132, 133, 137, 139, 156, 158, 162, 165, 166, 167, 168, 169, 170, 172, 173, 174, 175, 176, 178, 179, 180, 181, 182, 183, 184, 185, 187, 190, 191, 192, 193, 195, 196, 197, 198]"
SOM-b_8_n200_m80,LogisticRegression,16161.00,15270.00,94.49,"[0, 1, 5, 7, 9, 10, 11, 15, 19, 21, 22, 23, 25, 26, 30, 31, 33, 35, 36, 40, 42, 43, 44, 46, 50, 54, 55, 56, 57, 59, 62, 65, 69, 75, 79, 84, 87, 89, 92, 96, 100, 101, 104, 105, 106, 109, 111, 114, 115, 120, 123, 126, 127, 128, 132, 133, 136, 137, 139, 140, 142, 145, 156, 158, 164, 168, 169, 171, 172, 173, 175, 178, 179, 182, 185, 187, 188, 189, 197, 198]"
SOM-b_8_n200_m80,KNN,16161.00,14123.00,87.39,"[120, 121, 122, 123, 124, 125, 126, 127, 128, 129, 130, 131, 132, 133, 134, 135, 136, 137, 138, 139, 140, 141, 142, 143, 144, 145, 146, 147, 148, 149, 150, 151, 152, 153, 154, 155, 156, 157, 158, 159, 160, 161, 162, 163, 164, 165, 166, 167, 168, 169, 170, 171, 172, 173, 174, 175, 176, 177, 178, 179, 180, 181, 182, 183, 184, 185, 186, 187, 188, 189, 190, 191, 192, 193, 194, 195, 196, 197, 198, 199]"
SOM-b_8_n200_m80,DecisionTree,16161.00,14145.00,87.53,"[111, 121, 122, 123, 124, 125, 126, 127, 128, 129, 130, 131, 132, 133, 134, 135, 136, 137, 138, 139, 140, 141, 142, 143, 144, 145, 146, 147, 148, 149, 150, 151, 152, 153, 154, 155, 156, 157, 158, 159, 160, 161, 162, 163, 164, 165, 166, 167, 168, 169, 170, 171, 172, 173, 174, 175, 176, 177, 178, 179, 180, 181, 182, 183, 184, 185, 186, 187, 188, 189, 190, 191, 192, 193, 194, 195, 196, 197, 198, 199]"
SOM-b_9_n300_m30,RandomForest,2676.00,2081.00,77.77,"[19, 38, 41, 42, 43, 45, 51, 72, 75, 118, 119, 127, 137, 138, 145, 152, 154, 169, 173, 174, 205, 207, 211, 215, 221, 226, 231, 261, 278, 288]"
SOM-b_9_n300_m30,LogisticRegression,2676.00,2167.00,80.98,"[3, 13, 19, 26, 27, 29, 35, 40, 46, 52, 72, 75, 80, 91, 99, 100, 102, 118, 119, 120, 127, 128, 136, 169, 174, 218, 220, 223, 228, 244]"
SOM-b_9_n300_m30,KNN,2676.00,2011.00,75.15,"[46, 47, 48, 49, 50, 51, 52, 53, 54, 55, 56, 57, 58, 59, 60, 61, 62, 63, 75, 256, 288, 289, 290, 291, 292, 293, 294, 295, 296, 299]"
SOM-b_9_n300_m30,DecisionTree,2676.00,1987.00,74.25,"[47, 48, 49, 50, 51, 52, 53, 54, 55, 56, 57, 58, 59, 60, 61, 62, 63, 136, 212, 256, 282, 288, 289, 290, 291, 292, 293, 294, 295, 299]"
